[09:45:07.528] KEY | key="i" isGenerating=false
[09:45:07.528] KEY:i | opening editor | prevMessage_len=0
[09:45:13.803] EDITOR DONE | raw_len=11 trimmed_len=11
[09:45:13.803] EDITOR CONTENT PREVIEW | "Hello there"
[09:45:13.804] USER MSG CACHED | messages=1 renderedHistory=1
[09:45:13.804] RENDER | msgs=1 rendered=1 isGenerating=true isAiLoading=false scrollPct=1.00
[09:45:13.804] DISPATCHING startGenerationMsg
[09:45:13.804] RESIZE | w=118 h=27
[09:45:18.813] REBUILD CACHE | rebuilding 1 messages
[09:45:18.815] REBUILD CACHE DONE | renderedHistory=1
[09:45:18.840] RENDER | msgs=1 rendered=1 isGenerating=true isAiLoading=false scrollPct=1.00
[09:45:18.841] GENERATION START | spinner on, stream starting
[09:45:18.842] KEY | key="]11;rgb:0000/0000/0000" isGenerating=true
[09:45:18.842] KEY | key="alt+\\" isGenerating=true
[09:45:18.843] RENDER | msgs=1 rendered=1 isGenerating=true isAiLoading=true scrollPct=1.00
[09:45:18.944] RENDER | msgs=1 rendered=1 isGenerating=true isAiLoading=true scrollPct=1.00
[09:45:19.044] RENDER | msgs=1 rendered=1 isGenerating=true isAiLoading=true scrollPct=1.00
[09:45:19.077] CHUNK | len=5 isAiLoading=true
[09:45:19.077] CHUNK FIRST | spinner off, starting AI message
[09:45:19.077] RENDER | msgs=2 rendered=1 isGenerating=true isAiLoading=false scrollPct=1.00
[09:45:19.121] CHUNK | len=3 isAiLoading=false
[09:45:19.121] RENDER | msgs=2 rendered=1 isGenerating=true isAiLoading=false scrollPct=1.00
[09:45:19.173] CHUNK | len=4 isAiLoading=false
[09:45:19.173] RENDER | msgs=2 rendered=1 isGenerating=true isAiLoading=false scrollPct=1.00
[09:45:19.224] CHUNK | len=4 isAiLoading=false
[09:45:19.224] RENDER | msgs=2 rendered=1 isGenerating=true isAiLoading=false scrollPct=1.00
[09:45:19.274] CHUNK | len=1 isAiLoading=false
[09:45:19.274] RENDER | msgs=2 rendered=1 isGenerating=true isAiLoading=false scrollPct=1.00
[09:45:19.323] CHUNK | len=5 isAiLoading=false
[09:45:19.323] RENDER | msgs=2 rendered=1 isGenerating=true isAiLoading=false scrollPct=1.00
[09:45:19.367] CHUNK | len=4 isAiLoading=false
[09:45:19.367] RENDER | msgs=2 rendered=1 isGenerating=true isAiLoading=false scrollPct=1.00
[09:45:19.413] CHUNK | len=1 isAiLoading=false
[09:45:19.413] RENDER | msgs=2 rendered=1 isGenerating=true isAiLoading=false scrollPct=1.00
[09:45:19.460] CHUNK | len=1 isAiLoading=false
[09:45:19.460] RENDER | msgs=2 rendered=1 isGenerating=true isAiLoading=false scrollPct=1.00
[09:45:19.506] CHUNK | len=5 isAiLoading=false
[09:45:19.506] RENDER | msgs=2 rendered=1 isGenerating=true isAiLoading=false scrollPct=1.00
[09:45:19.549] CHUNK | len=4 isAiLoading=false
[09:45:19.549] RENDER | msgs=2 rendered=1 isGenerating=true isAiLoading=false scrollPct=1.00
[09:45:19.593] CHUNK | len=6 isAiLoading=false
[09:45:19.593] RENDER | msgs=2 rendered=1 isGenerating=true isAiLoading=false scrollPct=1.00
[09:45:19.652] CHUNK | len=3 isAiLoading=false
[09:45:19.652] RENDER | msgs=2 rendered=1 isGenerating=true isAiLoading=false scrollPct=1.00
[09:45:19.695] CHUNK | len=4 isAiLoading=false
[09:45:19.695] RENDER | msgs=2 rendered=1 isGenerating=true isAiLoading=false scrollPct=1.00
[09:45:19.738] CHUNK | len=1 isAiLoading=false
[09:45:19.739] RENDER | msgs=2 rendered=1 isGenerating=true isAiLoading=false scrollPct=1.00
[09:45:19.783] CHUNK | len=3 isAiLoading=false
[09:45:19.783] RENDER | msgs=2 rendered=1 isGenerating=true isAiLoading=false scrollPct=1.00
[09:45:19.827] CHUNK | len=6 isAiLoading=false
[09:45:19.827] RENDER | msgs=2 rendered=1 isGenerating=true isAiLoading=false scrollPct=1.00
[09:45:19.872] CHUNK | len=9 isAiLoading=false
[09:45:19.872] RENDER | msgs=2 rendered=1 isGenerating=true isAiLoading=false scrollPct=1.00
[09:45:19.918] CHUNK | len=4 isAiLoading=false
[09:45:19.918] RENDER | msgs=2 rendered=1 isGenerating=true isAiLoading=false scrollPct=1.00
[09:45:19.963] CHUNK | len=1 isAiLoading=false
[09:45:19.963] RENDER | msgs=2 rendered=1 isGenerating=true isAiLoading=false scrollPct=1.00
[09:45:20.011] CHUNK | len=1 isAiLoading=false
[09:45:20.011] RENDER | msgs=2 rendered=1 isGenerating=true isAiLoading=false scrollPct=1.00
[09:45:20.056] CHUNK | len=5 isAiLoading=false
[09:45:20.056] RENDER | msgs=2 rendered=1 isGenerating=true isAiLoading=false scrollPct=1.00
[09:45:20.099] CHUNK | len=3 isAiLoading=false
[09:45:20.099] RENDER | msgs=2 rendered=1 isGenerating=true isAiLoading=false scrollPct=1.00
[09:45:20.144] CHUNK | len=5 isAiLoading=false
[09:45:20.144] RENDER | msgs=2 rendered=1 isGenerating=true isAiLoading=false scrollPct=1.00
[09:45:20.191] CHUNK | len=6 isAiLoading=false
[09:45:20.191] RENDER | msgs=2 rendered=1 isGenerating=true isAiLoading=false scrollPct=1.00
[09:45:20.237] CHUNK | len=3 isAiLoading=false
[09:45:20.237] RENDER | msgs=2 rendered=1 isGenerating=true isAiLoading=false scrollPct=1.00
[09:45:20.280] CHUNK | len=4 isAiLoading=false
[09:45:20.281] RENDER | msgs=2 rendered=1 isGenerating=true isAiLoading=false scrollPct=1.00
[09:45:20.330] CHUNK | len=5 isAiLoading=false
[09:45:20.330] RENDER | msgs=2 rendered=1 isGenerating=true isAiLoading=false scrollPct=1.00
[09:45:20.378] CHUNK | len=2 isAiLoading=false
[09:45:20.378] RENDER | msgs=2 rendered=1 isGenerating=true isAiLoading=false scrollPct=1.00
[09:45:20.424] CHUNK | len=4 isAiLoading=false
[09:45:20.424] RENDER | msgs=2 rendered=1 isGenerating=true isAiLoading=false scrollPct=1.00
[09:45:20.467] CHUNK | len=6 isAiLoading=false
[09:45:20.467] RENDER | msgs=2 rendered=1 isGenerating=true isAiLoading=false scrollPct=1.00
[09:45:20.517] CHUNK | len=1 isAiLoading=false
[09:45:20.517] RENDER | msgs=2 rendered=1 isGenerating=true isAiLoading=false scrollPct=1.00
[09:45:20.561] STREAM DONE | err=<nil> messages=2 renderedHistory=1
[09:45:20.561] CACHING AI MSG | msg_len=127
[09:45:20.561] AI MSG CACHED | messages=2 renderedHistory=2 aiHistory=2
[09:45:20.561] RENDER | msgs=2 rendered=2 isGenerating=false isAiLoading=false scrollPct=1.00
[09:45:20.561] CHUNK | len=0 isAiLoading=false
[09:45:20.561] RENDER | msgs=2 rendered=2 isGenerating=false isAiLoading=false scrollPct=1.00
[09:45:22.455] KEY | key="i" isGenerating=false
[09:45:22.456] KEY:i | opening editor | prevMessage_len=127
[09:45:26.460] RESIZE | w=118 h=27
[09:45:52.858] REBUILD CACHE | rebuilding 2 messages
[09:45:52.860] REBUILD CACHE DONE | renderedHistory=2
[09:45:52.860] RENDER | msgs=2 rendered=2 isGenerating=false isAiLoading=false scrollPct=1.00
[09:45:52.861] EDITOR DONE | raw_len=11 trimmed_len=11
[09:45:52.861] EDITOR CONTENT PREVIEW | "How are you"
[09:45:52.862] USER MSG CACHED | messages=3 renderedHistory=3
[09:45:52.862] RENDER | msgs=3 rendered=3 isGenerating=true isAiLoading=false scrollPct=1.00
[09:45:52.862] DISPATCHING startGenerationMsg
[09:45:52.863] KEY | key="alt+]" isGenerating=true
[09:45:52.867] GENERATION START | spinner on, stream starting
[09:45:52.868] KEY | key="11;rgb:0000/0000/0000" isGenerating=true
[09:45:52.868] KEY | key="alt+\\" isGenerating=true
[09:45:52.869] RENDER | msgs=3 rendered=3 isGenerating=true isAiLoading=true scrollPct=1.00
[09:45:52.966] RENDER | msgs=3 rendered=3 isGenerating=true isAiLoading=true scrollPct=1.00
[09:45:52.970] RENDER | msgs=3 rendered=3 isGenerating=true isAiLoading=true scrollPct=1.00
[09:45:53.070] RENDER | msgs=3 rendered=3 isGenerating=true isAiLoading=true scrollPct=1.00
[09:45:53.171] RENDER | msgs=3 rendered=3 isGenerating=true isAiLoading=true scrollPct=1.00
[09:45:53.253] CHUNK | len=1 isAiLoading=true
[09:45:53.253] CHUNK FIRST | spinner off, starting AI message
[09:45:53.253] RENDER | msgs=4 rendered=3 isGenerating=true isAiLoading=false scrollPct=1.00
[09:45:53.300] CHUNK | len=3 isAiLoading=false
[09:45:53.300] RENDER | msgs=4 rendered=3 isGenerating=true isAiLoading=false scrollPct=1.00
[09:45:53.353] CHUNK | len=1 isAiLoading=false
[09:45:53.353] RENDER | msgs=4 rendered=3 isGenerating=true isAiLoading=false scrollPct=1.00
[09:45:53.396] CHUNK | len=6 isAiLoading=false
[09:45:53.396] RENDER | msgs=4 rendered=3 isGenerating=true isAiLoading=false scrollPct=1.00
[09:45:53.444] CHUNK | len=5 isAiLoading=false
[09:45:53.445] RENDER | msgs=4 rendered=3 isGenerating=true isAiLoading=false scrollPct=1.00
[09:45:53.488] CHUNK | len=1 isAiLoading=false
[09:45:53.488] RENDER | msgs=4 rendered=3 isGenerating=true isAiLoading=false scrollPct=1.00
[09:45:53.533] CHUNK | len=7 isAiLoading=false
[09:45:53.533] RENDER | msgs=4 rendered=3 isGenerating=true isAiLoading=false scrollPct=1.00
[09:45:53.580] CHUNK | len=4 isAiLoading=false
[09:45:53.581] RENDER | msgs=4 rendered=3 isGenerating=true isAiLoading=false scrollPct=1.00
[09:45:53.625] CHUNK | len=7 isAiLoading=false
[09:45:53.625] RENDER | msgs=4 rendered=3 isGenerating=true isAiLoading=false scrollPct=1.00
[09:45:53.672] CHUNK | len=1 isAiLoading=false
[09:45:53.672] RENDER | msgs=4 rendered=3 isGenerating=true isAiLoading=false scrollPct=1.00
[09:45:53.721] CHUNK | len=3 isAiLoading=false
[09:45:53.721] RENDER | msgs=4 rendered=3 isGenerating=true isAiLoading=false scrollPct=1.00
[09:45:53.769] CHUNK | len=2 isAiLoading=false
[09:45:53.769] RENDER | msgs=4 rendered=3 isGenerating=true isAiLoading=false scrollPct=1.00
[09:45:53.814] CHUNK | len=9 isAiLoading=false
[09:45:53.814] RENDER | msgs=4 rendered=3 isGenerating=true isAiLoading=false scrollPct=1.00
[09:45:53.857] CHUNK | len=6 isAiLoading=false
[09:45:53.857] RENDER | msgs=4 rendered=3 isGenerating=true isAiLoading=false scrollPct=1.00
[09:45:53.904] CHUNK | len=1 isAiLoading=false
[09:45:53.904] RENDER | msgs=4 rendered=3 isGenerating=true isAiLoading=false scrollPct=1.00
[09:45:53.953] CHUNK | len=2 isAiLoading=false
[09:45:53.953] RENDER | msgs=4 rendered=3 isGenerating=true isAiLoading=false scrollPct=1.00
[09:45:53.997] CHUNK | len=4 isAiLoading=false
[09:45:53.997] RENDER | msgs=4 rendered=3 isGenerating=true isAiLoading=false scrollPct=1.00
[09:45:54.044] CHUNK | len=3 isAiLoading=false
[09:45:54.044] RENDER | msgs=4 rendered=3 isGenerating=true isAiLoading=false scrollPct=1.00
[09:45:54.096] CHUNK | len=1 isAiLoading=false
[09:45:54.096] RENDER | msgs=4 rendered=3 isGenerating=true isAiLoading=false scrollPct=1.00
[09:45:54.139] CHUNK | len=11 isAiLoading=false
[09:45:54.139] RENDER | msgs=4 rendered=3 isGenerating=true isAiLoading=false scrollPct=1.00
[09:45:54.187] CHUNK | len=9 isAiLoading=false
[09:45:54.188] RENDER | msgs=4 rendered=3 isGenerating=true isAiLoading=false scrollPct=1.00
[09:45:54.234] CHUNK | len=3 isAiLoading=false
[09:45:54.234] RENDER | msgs=4 rendered=3 isGenerating=true isAiLoading=false scrollPct=1.00
[09:45:54.281] CHUNK | len=4 isAiLoading=false
[09:45:54.281] RENDER | msgs=4 rendered=3 isGenerating=true isAiLoading=false scrollPct=1.00
[09:45:54.327] CHUNK | len=5 isAiLoading=false
[09:45:54.327] RENDER | msgs=4 rendered=3 isGenerating=true isAiLoading=false scrollPct=1.00
[09:45:54.379] CHUNK | len=4 isAiLoading=false
[09:45:54.379] RENDER | msgs=4 rendered=3 isGenerating=true isAiLoading=false scrollPct=1.00
[09:45:54.430] CHUNK | len=7 isAiLoading=false
[09:45:54.430] RENDER | msgs=4 rendered=3 isGenerating=true isAiLoading=false scrollPct=1.00
[09:45:54.476] CHUNK | len=3 isAiLoading=false
[09:45:54.476] RENDER | msgs=4 rendered=3 isGenerating=true isAiLoading=false scrollPct=1.00
[09:45:54.519] CHUNK | len=1 isAiLoading=false
[09:45:54.519] RENDER | msgs=4 rendered=3 isGenerating=true isAiLoading=false scrollPct=1.00
[09:45:54.566] CHUNK | len=4 isAiLoading=false
[09:45:54.566] RENDER | msgs=4 rendered=3 isGenerating=true isAiLoading=false scrollPct=1.00
[09:45:54.612] CHUNK | len=2 isAiLoading=false
[09:45:54.612] RENDER | msgs=4 rendered=3 isGenerating=true isAiLoading=false scrollPct=1.00
[09:45:54.659] CHUNK | len=3 isAiLoading=false
[09:45:54.659] RENDER | msgs=4 rendered=3 isGenerating=true isAiLoading=false scrollPct=1.00
[09:45:54.704] CHUNK | len=1 isAiLoading=false
[09:45:54.704] RENDER | msgs=4 rendered=3 isGenerating=true isAiLoading=false scrollPct=1.00
[09:45:54.748] CHUNK | len=12 isAiLoading=false
[09:45:54.748] RENDER | msgs=4 rendered=3 isGenerating=true isAiLoading=false scrollPct=1.00
[09:45:54.795] CHUNK | len=10 isAiLoading=false
[09:45:54.795] RENDER | msgs=4 rendered=3 isGenerating=true isAiLoading=false scrollPct=1.00
[09:45:54.843] CHUNK | len=4 isAiLoading=false
[09:45:54.843] RENDER | msgs=4 rendered=3 isGenerating=true isAiLoading=false scrollPct=1.00
[09:45:54.886] CHUNK | len=6 isAiLoading=false
[09:45:54.886] RENDER | msgs=4 rendered=3 isGenerating=true isAiLoading=false scrollPct=1.00
[09:45:54.930] CHUNK | len=3 isAiLoading=false
[09:45:54.930] RENDER | msgs=4 rendered=3 isGenerating=true isAiLoading=false scrollPct=1.00
[09:45:54.977] CHUNK | len=7 isAiLoading=false
[09:45:54.977] RENDER | msgs=4 rendered=3 isGenerating=true isAiLoading=false scrollPct=1.00
[09:45:55.022] CHUNK | len=4 isAiLoading=false
[09:45:55.022] RENDER | msgs=4 rendered=3 isGenerating=true isAiLoading=false scrollPct=1.00
[09:45:55.067] CHUNK | len=1 isAiLoading=false
[09:45:55.067] RENDER | msgs=4 rendered=3 isGenerating=true isAiLoading=false scrollPct=1.00
[09:45:55.113] CHUNK | len=1 isAiLoading=false
[09:45:55.113] RENDER | msgs=4 rendered=3 isGenerating=true isAiLoading=false scrollPct=1.00
[09:45:55.154] CHUNK | len=2 isAiLoading=false
[09:45:55.154] RENDER | msgs=4 rendered=3 isGenerating=true isAiLoading=false scrollPct=1.00
[09:45:55.196] CHUNK | len=2 isAiLoading=false
[09:45:55.196] RENDER | msgs=4 rendered=3 isGenerating=true isAiLoading=false scrollPct=1.00
[09:45:55.240] CHUNK | len=3 isAiLoading=false
[09:45:55.240] RENDER | msgs=4 rendered=3 isGenerating=true isAiLoading=false scrollPct=1.00
[09:45:55.295] CHUNK | len=1 isAiLoading=false
[09:45:55.295] RENDER | msgs=4 rendered=3 isGenerating=true isAiLoading=false scrollPct=1.00
[09:45:55.343] CHUNK | len=5 isAiLoading=false
[09:45:55.343] RENDER | msgs=4 rendered=3 isGenerating=true isAiLoading=false scrollPct=1.00
[09:45:55.388] CHUNK | len=3 isAiLoading=false
[09:45:55.388] RENDER | msgs=4 rendered=3 isGenerating=true isAiLoading=false scrollPct=1.00
[09:45:55.432] CHUNK | len=5 isAiLoading=false
[09:45:55.432] RENDER | msgs=4 rendered=3 isGenerating=true isAiLoading=false scrollPct=1.00
[09:45:55.478] CHUNK | len=5 isAiLoading=false
[09:45:55.478] RENDER | msgs=4 rendered=3 isGenerating=true isAiLoading=false scrollPct=1.00
[09:45:55.521] CHUNK | len=4 isAiLoading=false
[09:45:55.521] RENDER | msgs=4 rendered=3 isGenerating=true isAiLoading=false scrollPct=1.00
[09:45:55.566] CHUNK | len=4 isAiLoading=false
[09:45:55.566] RENDER | msgs=4 rendered=3 isGenerating=true isAiLoading=false scrollPct=1.00
[09:45:55.612] CHUNK | len=1 isAiLoading=false
[09:45:55.612] RENDER | msgs=4 rendered=3 isGenerating=true isAiLoading=false scrollPct=1.00
[09:45:55.661] CHUNK | len=5 isAiLoading=false
[09:45:55.661] RENDER | msgs=4 rendered=3 isGenerating=true isAiLoading=false scrollPct=1.00
[09:45:55.709] CHUNK | len=2 isAiLoading=false
[09:45:55.709] RENDER | msgs=4 rendered=3 isGenerating=true isAiLoading=false scrollPct=1.00
[09:45:55.752] CHUNK | len=2 isAiLoading=false
[09:45:55.752] RENDER | msgs=4 rendered=3 isGenerating=true isAiLoading=false scrollPct=1.00
[09:45:55.793] CHUNK | len=4 isAiLoading=false
[09:45:55.793] RENDER | msgs=4 rendered=3 isGenerating=true isAiLoading=false scrollPct=1.00
[09:45:55.837] CHUNK | len=3 isAiLoading=false
[09:45:55.837] RENDER | msgs=4 rendered=3 isGenerating=true isAiLoading=false scrollPct=1.00
[09:45:55.884] CHUNK | len=1 isAiLoading=false
[09:45:55.884] RENDER | msgs=4 rendered=3 isGenerating=true isAiLoading=false scrollPct=1.00
[09:45:55.930] CHUNK | len=3 isAiLoading=false
[09:45:55.930] RENDER | msgs=4 rendered=3 isGenerating=true isAiLoading=false scrollPct=1.00
[09:45:55.976] CHUNK | len=5 isAiLoading=false
[09:45:55.976] RENDER | msgs=4 rendered=3 isGenerating=true isAiLoading=false scrollPct=1.00
[09:45:56.022] CHUNK | len=5 isAiLoading=false
[09:45:56.022] RENDER | msgs=4 rendered=3 isGenerating=true isAiLoading=false scrollPct=1.00
[09:45:56.065] CHUNK | len=6 isAiLoading=false
[09:45:56.065] RENDER | msgs=4 rendered=3 isGenerating=true isAiLoading=false scrollPct=1.00
[09:45:56.108] CHUNK | len=1 isAiLoading=false
[09:45:56.108] RENDER | msgs=4 rendered=3 isGenerating=true isAiLoading=false scrollPct=1.00
[09:45:56.152] CHUNK | len=0 isAiLoading=false
[09:45:56.152] RENDER | msgs=4 rendered=3 isGenerating=true isAiLoading=false scrollPct=1.00
[09:45:56.153] STREAM DONE | err=<nil> messages=4 renderedHistory=3
[09:45:56.153] CACHING AI MSG | msg_len=252
[09:45:56.154] AI MSG CACHED | messages=4 renderedHistory=4 aiHistory=4
[09:45:56.154] RENDER | msgs=4 rendered=4 isGenerating=false isAiLoading=false scrollPct=1.00
[09:50:06.761] KEY | key="i" isGenerating=false
[09:50:06.762] KEY:i | opening editor | prevMessage_len=0
[09:50:10.705] RESIZE | w=118 h=27
[09:50:16.651] REBUILD CACHE | rebuilding 0 messages
[09:50:16.651] REBUILD CACHE DONE | renderedHistory=0
[09:50:16.651] RENDER | msgs=0 rendered=0 isGenerating=false isAiLoading=false scrollPct=1.00
[09:50:16.651] EDITOR DONE | raw_len=11 trimmed_len=11
[09:50:16.651] EDITOR CONTENT PREVIEW | "Hello there"
[09:50:16.652] USER MSG CACHED | messages=1 renderedHistory=1
[09:50:16.652] RENDER | msgs=1 rendered=1 isGenerating=true isAiLoading=false scrollPct=1.00
[09:50:16.652] DISPATCHING startGenerationMsg
[09:50:16.652] KEY | key="alt+]" isGenerating=true
[09:50:16.653] GENERATION START | spinner on, stream starting
[09:50:16.653] KEY | key="11;rgb:0000/0000/0000" isGenerating=true
[09:50:16.653] KEY | key="alt+\\" isGenerating=true
[09:50:16.653] RENDER | msgs=1 rendered=1 isGenerating=true isAiLoading=true scrollPct=1.00
[09:50:16.754] RENDER | msgs=1 rendered=1 isGenerating=true isAiLoading=true scrollPct=1.00
[09:50:16.855] RENDER | msgs=1 rendered=1 isGenerating=true isAiLoading=true scrollPct=1.00
[09:50:16.894] CHUNK | len=5 isAiLoading=true
[09:50:16.894] CHUNK FIRST | spinner off, starting AI message
[09:50:16.894] RENDER | msgs=2 rendered=1 isGenerating=true isAiLoading=false scrollPct=1.00
[09:50:16.938] CHUNK | len=1 isAiLoading=false
[09:50:16.938] RENDER | msgs=2 rendered=1 isGenerating=true isAiLoading=false scrollPct=1.00
[09:50:16.985] CHUNK | len=4 isAiLoading=false
[09:50:16.985] RENDER | msgs=2 rendered=1 isGenerating=true isAiLoading=false scrollPct=1.00
[09:50:17.031] CHUNK | len=1 isAiLoading=false
[09:50:17.031] RENDER | msgs=2 rendered=1 isGenerating=true isAiLoading=false scrollPct=1.00
[09:50:17.075] CHUNK | len=1 isAiLoading=false
[09:50:17.075] RENDER | msgs=2 rendered=1 isGenerating=true isAiLoading=false scrollPct=1.00
[09:50:17.120] CHUNK | len=5 isAiLoading=false
[09:50:17.120] RENDER | msgs=2 rendered=1 isGenerating=true isAiLoading=false scrollPct=1.00
[09:50:17.167] CHUNK | len=4 isAiLoading=false
[09:50:17.167] RENDER | msgs=2 rendered=1 isGenerating=true isAiLoading=false scrollPct=1.00
[09:50:17.211] CHUNK | len=6 isAiLoading=false
[09:50:17.211] RENDER | msgs=2 rendered=1 isGenerating=true isAiLoading=false scrollPct=1.00
[09:50:17.258] CHUNK | len=3 isAiLoading=false
[09:50:17.258] RENDER | msgs=2 rendered=1 isGenerating=true isAiLoading=false scrollPct=1.00
[09:50:17.302] CHUNK | len=4 isAiLoading=false
[09:50:17.302] RENDER | msgs=2 rendered=1 isGenerating=true isAiLoading=false scrollPct=1.00
[09:50:17.347] CHUNK | len=1 isAiLoading=false
[09:50:17.347] RENDER | msgs=2 rendered=1 isGenerating=true isAiLoading=false scrollPct=1.00
[09:50:17.392] CHUNK | len=5 isAiLoading=false
[09:50:17.392] RENDER | msgs=2 rendered=1 isGenerating=true isAiLoading=false scrollPct=1.00
[09:50:17.452] CHUNK | len=1 isAiLoading=false
[09:50:17.452] RENDER | msgs=2 rendered=1 isGenerating=true isAiLoading=false scrollPct=1.00
[09:50:17.495] CHUNK | len=2 isAiLoading=false
[09:50:17.495] RENDER | msgs=2 rendered=1 isGenerating=true isAiLoading=false scrollPct=1.00
[09:50:17.539] CHUNK | len=2 isAiLoading=false
[09:50:17.539] RENDER | msgs=2 rendered=1 isGenerating=true isAiLoading=false scrollPct=1.00
[09:50:17.586] CHUNK | len=6 isAiLoading=false
[09:50:17.586] RENDER | msgs=2 rendered=1 isGenerating=true isAiLoading=false scrollPct=1.00
[09:50:17.630] CHUNK | len=9 isAiLoading=false
[09:50:17.630] RENDER | msgs=2 rendered=1 isGenerating=true isAiLoading=false scrollPct=1.00
[09:50:17.678] CHUNK | len=4 isAiLoading=false
[09:50:17.678] RENDER | msgs=2 rendered=1 isGenerating=true isAiLoading=false scrollPct=1.00
[09:50:17.722] CHUNK | len=3 isAiLoading=false
[09:50:17.722] RENDER | msgs=2 rendered=1 isGenerating=true isAiLoading=false scrollPct=1.00
[09:50:17.766] CHUNK | len=1 isAiLoading=false
[09:50:17.766] RENDER | msgs=2 rendered=1 isGenerating=true isAiLoading=false scrollPct=1.00
[09:50:17.811] CHUNK | len=5 isAiLoading=false
[09:50:17.811] RENDER | msgs=2 rendered=1 isGenerating=true isAiLoading=false scrollPct=1.00
[09:50:17.860] CHUNK | len=3 isAiLoading=false
[09:50:17.860] RENDER | msgs=2 rendered=1 isGenerating=true isAiLoading=false scrollPct=1.00
[09:50:17.905] CHUNK | len=5 isAiLoading=false
[09:50:17.905] RENDER | msgs=2 rendered=1 isGenerating=true isAiLoading=false scrollPct=1.00
[09:50:17.951] CHUNK | len=6 isAiLoading=false
[09:50:17.951] RENDER | msgs=2 rendered=1 isGenerating=true isAiLoading=false scrollPct=1.00
[09:50:17.996] CHUNK | len=3 isAiLoading=false
[09:50:17.996] RENDER | msgs=2 rendered=1 isGenerating=true isAiLoading=false scrollPct=1.00
[09:50:18.048] CHUNK | len=9 isAiLoading=false
[09:50:18.048] RENDER | msgs=2 rendered=1 isGenerating=true isAiLoading=false scrollPct=1.00
[09:50:18.095] CHUNK | len=2 isAiLoading=false
[09:50:18.095] RENDER | msgs=2 rendered=1 isGenerating=true isAiLoading=false scrollPct=1.00
[09:50:18.139] CHUNK | len=4 isAiLoading=false
[09:50:18.139] RENDER | msgs=2 rendered=1 isGenerating=true isAiLoading=false scrollPct=1.00
[09:50:18.187] CHUNK | len=5 isAiLoading=false
[09:50:18.187] RENDER | msgs=2 rendered=1 isGenerating=true isAiLoading=false scrollPct=1.00
[09:50:18.231] CHUNK | len=4 isAiLoading=false
[09:50:18.231] RENDER | msgs=2 rendered=1 isGenerating=true isAiLoading=false scrollPct=1.00
[09:50:18.275] CHUNK | len=5 isAiLoading=false
[09:50:18.275] RENDER | msgs=2 rendered=1 isGenerating=true isAiLoading=false scrollPct=1.00
[09:50:18.319] CHUNK | len=1 isAiLoading=false
[09:50:18.319] RENDER | msgs=2 rendered=1 isGenerating=true isAiLoading=false scrollPct=1.00
[09:50:18.363] STREAM DONE | err=<nil> messages=2 renderedHistory=1
[09:50:18.363] CACHING AI MSG | msg_len=128
[09:50:18.364] AI MSG CACHED | messages=2 renderedHistory=2 aiHistory=2
[09:50:18.364] RENDER | msgs=2 rendered=2 isGenerating=false isAiLoading=false scrollPct=1.00
[09:50:18.364] CHUNK | len=0 isAiLoading=false
[09:50:18.364] RENDER | msgs=2 rendered=2 isGenerating=false isAiLoading=false scrollPct=1.00
[09:50:18.985] KEY | key="i" isGenerating=false
[09:50:18.985] KEY:i | opening editor | prevMessage_len=128
[09:50:28.443] RESIZE | w=118 h=27
[09:50:33.449] REBUILD CACHE | rebuilding 2 messages
[09:50:33.451] REBUILD CACHE DONE | renderedHistory=2
[09:50:33.475] RENDER | msgs=2 rendered=2 isGenerating=false isAiLoading=false scrollPct=1.00
[09:50:33.476] EDITOR DONE | raw_len=18 trimmed_len=18
[09:50:33.476] EDITOR CONTENT PREVIEW | "introduce yoursefl"
[09:50:33.477] USER MSG CACHED | messages=3 renderedHistory=3
[09:50:33.477] RENDER | msgs=3 rendered=3 isGenerating=true isAiLoading=false scrollPct=1.00
[09:50:33.477] DISPATCHING startGenerationMsg
[09:50:33.478] KEY | key="]11;rgb:0000/0000/0000" isGenerating=true
[09:50:33.480] GENERATION START | spinner on, stream starting
[09:50:33.480] KEY | key="alt+\\" isGenerating=true
[09:50:33.481] RENDER | msgs=3 rendered=3 isGenerating=true isAiLoading=true scrollPct=1.00
[09:50:33.580] RENDER | msgs=3 rendered=3 isGenerating=true isAiLoading=true scrollPct=1.00
[09:50:33.582] RENDER | msgs=3 rendered=3 isGenerating=true isAiLoading=true scrollPct=1.00
[09:50:33.682] RENDER | msgs=3 rendered=3 isGenerating=true isAiLoading=true scrollPct=1.00
[09:50:33.783] RENDER | msgs=3 rendered=3 isGenerating=true isAiLoading=true scrollPct=1.00
[09:50:33.864] CHUNK | len=4 isAiLoading=true
[09:50:33.864] CHUNK FIRST | spinner off, starting AI message
[09:50:33.864] RENDER | msgs=4 rendered=3 isGenerating=true isAiLoading=false scrollPct=1.00
[09:50:33.907] CHUNK | len=1 isAiLoading=false
[09:50:33.907] RENDER | msgs=4 rendered=3 isGenerating=true isAiLoading=false scrollPct=1.00
[09:50:33.950] CHUNK | len=5 isAiLoading=false
[09:50:33.950] RENDER | msgs=4 rendered=3 isGenerating=true isAiLoading=false scrollPct=1.00
[09:50:33.994] CHUNK | len=3 isAiLoading=false
[09:50:33.994] RENDER | msgs=4 rendered=3 isGenerating=true isAiLoading=false scrollPct=1.00
[09:50:34.038] CHUNK | len=1 isAiLoading=false
[09:50:34.038] RENDER | msgs=4 rendered=3 isGenerating=true isAiLoading=false scrollPct=1.00
[09:50:34.088] CHUNK | len=2 isAiLoading=false
[09:50:34.088] RENDER | msgs=4 rendered=3 isGenerating=true isAiLoading=false scrollPct=1.00
[09:50:34.131] CHUNK | len=7 isAiLoading=false
[09:50:34.131] RENDER | msgs=4 rendered=3 isGenerating=true isAiLoading=false scrollPct=1.00
[09:50:34.176] CHUNK | len=13 isAiLoading=false
[09:50:34.176] RENDER | msgs=4 rendered=3 isGenerating=true isAiLoading=false scrollPct=1.00
[09:50:34.223] CHUNK | len=5 isAiLoading=false
[09:50:34.223] RENDER | msgs=4 rendered=3 isGenerating=true isAiLoading=false scrollPct=1.00
[09:50:34.266] CHUNK | len=3 isAiLoading=false
[09:50:34.266] RENDER | msgs=4 rendered=3 isGenerating=true isAiLoading=false scrollPct=1.00
[09:50:34.308] CHUNK | len=4 isAiLoading=false
[09:50:34.308] RENDER | msgs=4 rendered=3 isGenerating=true isAiLoading=false scrollPct=1.00
[09:50:34.351] CHUNK | len=2 isAiLoading=false
[09:50:34.351] RENDER | msgs=4 rendered=3 isGenerating=true isAiLoading=false scrollPct=1.00
[09:50:34.397] CHUNK | len=3 isAiLoading=false
[09:50:34.397] RENDER | msgs=4 rendered=3 isGenerating=true isAiLoading=false scrollPct=1.00
[09:50:34.444] CHUNK | len=1 isAiLoading=false
[09:50:34.444] RENDER | msgs=4 rendered=3 isGenerating=true isAiLoading=false scrollPct=1.00
[09:50:34.489] CHUNK | len=2 isAiLoading=false
[09:50:34.489] RENDER | msgs=4 rendered=3 isGenerating=true isAiLoading=false scrollPct=1.00
[09:50:34.532] CHUNK | len=6 isAiLoading=false
[09:50:34.532] RENDER | msgs=4 rendered=3 isGenerating=true isAiLoading=false scrollPct=1.00
[09:50:34.574] CHUNK | len=9 isAiLoading=false
[09:50:34.574] RENDER | msgs=4 rendered=3 isGenerating=true isAiLoading=false scrollPct=1.00
[09:50:34.621] CHUNK | len=6 isAiLoading=false
[09:50:34.621] RENDER | msgs=4 rendered=3 isGenerating=true isAiLoading=false scrollPct=1.00
[09:50:34.669] CHUNK | len=1 isAiLoading=false
[09:50:34.669] RENDER | msgs=4 rendered=3 isGenerating=true isAiLoading=false scrollPct=1.00
[09:50:34.722] CHUNK | len=8 isAiLoading=false
[09:50:34.722] RENDER | msgs=4 rendered=3 isGenerating=true isAiLoading=false scrollPct=1.00
[09:50:34.766] CHUNK | len=3 isAiLoading=false
[09:50:34.766] RENDER | msgs=4 rendered=3 isGenerating=true isAiLoading=false scrollPct=1.00
[09:50:34.809] CHUNK | len=7 isAiLoading=false
[09:50:34.809] RENDER | msgs=4 rendered=3 isGenerating=true isAiLoading=false scrollPct=1.00
[09:50:34.858] CHUNK | len=1 isAiLoading=false
[09:50:34.858] RENDER | msgs=4 rendered=3 isGenerating=true isAiLoading=false scrollPct=1.00
[09:50:34.911] CHUNK | len=1 isAiLoading=false
[09:50:34.911] RENDER | msgs=4 rendered=3 isGenerating=true isAiLoading=false scrollPct=1.00
[09:50:34.953] CHUNK | len=2 isAiLoading=false
[09:50:34.953] RENDER | msgs=4 rendered=3 isGenerating=true isAiLoading=false scrollPct=1.00
[09:50:34.996] CHUNK | len=9 isAiLoading=false
[09:50:34.996] RENDER | msgs=4 rendered=3 isGenerating=true isAiLoading=false scrollPct=1.00
[09:50:35.041] CHUNK | len=1 isAiLoading=false
[09:50:35.041] RENDER | msgs=4 rendered=3 isGenerating=true isAiLoading=false scrollPct=1.00
[09:50:35.090] CHUNK | len=2 isAiLoading=false
[09:50:35.090] RENDER | msgs=4 rendered=3 isGenerating=true isAiLoading=false scrollPct=1.00
[09:50:35.139] CHUNK | len=3 isAiLoading=false
[09:50:35.139] RENDER | msgs=4 rendered=3 isGenerating=true isAiLoading=false scrollPct=1.00
[09:50:35.183] CHUNK | len=2 isAiLoading=false
[09:50:35.183] RENDER | msgs=4 rendered=3 isGenerating=true isAiLoading=false scrollPct=1.00
[09:50:35.230] CHUNK | len=5 isAiLoading=false
[09:50:35.231] RENDER | msgs=4 rendered=3 isGenerating=true isAiLoading=false scrollPct=1.00
[09:50:35.281] CHUNK | len=8 isAiLoading=false
[09:50:35.282] RENDER | msgs=4 rendered=3 isGenerating=true isAiLoading=false scrollPct=1.00
[09:50:35.327] CHUNK | len=3 isAiLoading=false
[09:50:35.327] RENDER | msgs=4 rendered=3 isGenerating=true isAiLoading=false scrollPct=1.00
[09:50:35.372] CHUNK | len=2 isAiLoading=false
[09:50:35.372] RENDER | msgs=4 rendered=3 isGenerating=true isAiLoading=false scrollPct=1.00
[09:50:35.416] CHUNK | len=8 isAiLoading=false
[09:50:35.416] RENDER | msgs=4 rendered=3 isGenerating=true isAiLoading=false scrollPct=1.00
[09:50:35.460] CHUNK | len=7 isAiLoading=false
[09:50:35.460] RENDER | msgs=4 rendered=3 isGenerating=true isAiLoading=false scrollPct=1.00
[09:50:35.505] CHUNK | len=3 isAiLoading=false
[09:50:35.505] RENDER | msgs=4 rendered=3 isGenerating=true isAiLoading=false scrollPct=1.00
[09:50:35.550] CHUNK | len=5 isAiLoading=false
[09:50:35.550] RENDER | msgs=4 rendered=3 isGenerating=true isAiLoading=false scrollPct=1.00
[09:50:35.597] CHUNK | len=5 isAiLoading=false
[09:50:35.597] RENDER | msgs=4 rendered=3 isGenerating=true isAiLoading=false scrollPct=1.00
[09:50:35.644] CHUNK | len=4 isAiLoading=false
[09:50:35.644] RENDER | msgs=4 rendered=3 isGenerating=true isAiLoading=false scrollPct=1.00
[09:50:35.691] CHUNK | len=6 isAiLoading=false
[09:50:35.691] RENDER | msgs=4 rendered=3 isGenerating=true isAiLoading=false scrollPct=1.00
[09:50:35.736] CHUNK | len=1 isAiLoading=false
[09:50:35.736] RENDER | msgs=4 rendered=3 isGenerating=true isAiLoading=false scrollPct=1.00
[09:50:35.783] CHUNK | len=9 isAiLoading=false
[09:50:35.783] RENDER | msgs=4 rendered=3 isGenerating=true isAiLoading=false scrollPct=1.00
[09:50:35.830] CHUNK | len=1 isAiLoading=false
[09:50:35.830] RENDER | msgs=4 rendered=3 isGenerating=true isAiLoading=false scrollPct=1.00
[09:50:35.891] CHUNK | len=9 isAiLoading=false
[09:50:35.891] RENDER | msgs=4 rendered=3 isGenerating=true isAiLoading=false scrollPct=1.00
[09:50:35.939] CHUNK | len=1 isAiLoading=false
[09:50:35.940] RENDER | msgs=4 rendered=3 isGenerating=true isAiLoading=false scrollPct=1.00
[09:50:35.987] CHUNK | len=4 isAiLoading=false
[09:50:35.987] RENDER | msgs=4 rendered=3 isGenerating=true isAiLoading=false scrollPct=1.00
[09:50:36.033] CHUNK | len=5 isAiLoading=false
[09:50:36.033] RENDER | msgs=4 rendered=3 isGenerating=true isAiLoading=false scrollPct=1.00
[09:50:36.079] CHUNK | len=3 isAiLoading=false
[09:50:36.080] RENDER | msgs=4 rendered=3 isGenerating=true isAiLoading=false scrollPct=1.00
[09:50:36.124] CHUNK | len=1 isAiLoading=false
[09:50:36.124] RENDER | msgs=4 rendered=3 isGenerating=true isAiLoading=false scrollPct=1.00
[09:50:36.171] CHUNK | len=5 isAiLoading=false
[09:50:36.171] RENDER | msgs=4 rendered=3 isGenerating=true isAiLoading=false scrollPct=1.00
[09:50:36.219] CHUNK | len=6 isAiLoading=false
[09:50:36.219] RENDER | msgs=4 rendered=3 isGenerating=true isAiLoading=false scrollPct=1.00
[09:50:36.267] CHUNK | len=2 isAiLoading=false
[09:50:36.267] RENDER | msgs=4 rendered=3 isGenerating=true isAiLoading=false scrollPct=1.00
[09:50:36.314] CHUNK | len=3 isAiLoading=false
[09:50:36.314] RENDER | msgs=4 rendered=3 isGenerating=true isAiLoading=false scrollPct=1.00
[09:50:36.358] CHUNK | len=2 isAiLoading=false
[09:50:36.358] RENDER | msgs=4 rendered=3 isGenerating=true isAiLoading=false scrollPct=1.00
[09:50:36.402] CHUNK | len=8 isAiLoading=false
[09:50:36.402] RENDER | msgs=4 rendered=3 isGenerating=true isAiLoading=false scrollPct=1.00
[09:50:36.449] CHUNK | len=3 isAiLoading=false
[09:50:36.449] RENDER | msgs=4 rendered=3 isGenerating=true isAiLoading=false scrollPct=1.00
[09:50:36.494] CHUNK | len=1 isAiLoading=false
[09:50:36.495] RENDER | msgs=4 rendered=3 isGenerating=true isAiLoading=false scrollPct=1.00
[09:50:36.540] CHUNK | len=2 isAiLoading=false
[09:50:36.540] RENDER | msgs=4 rendered=3 isGenerating=true isAiLoading=false scrollPct=1.00
[09:50:36.581] CHUNK | len=1 isAiLoading=false
[09:50:36.581] RENDER | msgs=4 rendered=3 isGenerating=true isAiLoading=false scrollPct=1.00
[09:50:36.628] CHUNK | len=3 isAiLoading=false
[09:50:36.628] RENDER | msgs=4 rendered=3 isGenerating=true isAiLoading=false scrollPct=1.00
[09:50:36.670] CHUNK | len=2 isAiLoading=false
[09:50:36.670] RENDER | msgs=4 rendered=3 isGenerating=true isAiLoading=false scrollPct=1.00
[09:50:36.723] CHUNK | len=8 isAiLoading=false
[09:50:36.723] RENDER | msgs=4 rendered=3 isGenerating=true isAiLoading=false scrollPct=1.00
[09:50:36.767] CHUNK | len=5 isAiLoading=false
[09:50:36.767] RENDER | msgs=4 rendered=3 isGenerating=true isAiLoading=false scrollPct=1.00
[09:50:36.812] CHUNK | len=3 isAiLoading=false
[09:50:36.812] RENDER | msgs=4 rendered=3 isGenerating=true isAiLoading=false scrollPct=1.00
[09:50:36.855] CHUNK | len=2 isAiLoading=false
[09:50:36.856] RENDER | msgs=4 rendered=3 isGenerating=true isAiLoading=false scrollPct=1.00
[09:50:36.900] CHUNK | len=4 isAiLoading=false
[09:50:36.900] RENDER | msgs=4 rendered=3 isGenerating=true isAiLoading=false scrollPct=1.00
[09:50:36.944] CHUNK | len=6 isAiLoading=false
[09:50:36.944] RENDER | msgs=4 rendered=3 isGenerating=true isAiLoading=false scrollPct=1.00
[09:50:36.988] CHUNK | len=8 isAiLoading=false
[09:50:36.988] RENDER | msgs=4 rendered=3 isGenerating=true isAiLoading=false scrollPct=1.00
[09:50:37.033] CHUNK | len=1 isAiLoading=false
[09:50:37.033] RENDER | msgs=4 rendered=3 isGenerating=true isAiLoading=false scrollPct=1.00
[09:50:37.093] CHUNK | len=6 isAiLoading=false
[09:50:37.093] RENDER | msgs=4 rendered=3 isGenerating=true isAiLoading=false scrollPct=1.00
[09:50:37.142] CHUNK | len=1 isAiLoading=false
[09:50:37.142] RENDER | msgs=4 rendered=3 isGenerating=true isAiLoading=false scrollPct=1.00
[09:50:37.186] CHUNK | len=9 isAiLoading=false
[09:50:37.186] RENDER | msgs=4 rendered=3 isGenerating=true isAiLoading=false scrollPct=1.00
[09:50:37.231] CHUNK | len=1 isAiLoading=false
[09:50:37.231] RENDER | msgs=4 rendered=3 isGenerating=true isAiLoading=false scrollPct=1.00
[09:50:37.275] CHUNK | len=5 isAiLoading=false
[09:50:37.275] RENDER | msgs=4 rendered=3 isGenerating=true isAiLoading=false scrollPct=1.00
[09:50:37.320] CHUNK | len=1 isAiLoading=false
[09:50:37.320] RENDER | msgs=4 rendered=3 isGenerating=true isAiLoading=false scrollPct=1.00
[09:50:37.364] CHUNK | len=4 isAiLoading=false
[09:50:37.364] RENDER | msgs=4 rendered=3 isGenerating=true isAiLoading=false scrollPct=1.00
[09:50:37.408] CHUNK | len=5 isAiLoading=false
[09:50:37.408] RENDER | msgs=4 rendered=3 isGenerating=true isAiLoading=false scrollPct=1.00
[09:50:37.452] CHUNK | len=1 isAiLoading=false
[09:50:37.452] RENDER | msgs=4 rendered=3 isGenerating=true isAiLoading=false scrollPct=1.00
[09:50:37.496] CHUNK | len=1 isAiLoading=false
[09:50:37.497] RENDER | msgs=4 rendered=3 isGenerating=true isAiLoading=false scrollPct=1.00
[09:50:37.538] CHUNK | len=1 isAiLoading=false
[09:50:37.538] RENDER | msgs=4 rendered=3 isGenerating=true isAiLoading=false scrollPct=1.00
[09:50:37.582] CHUNK | len=3 isAiLoading=false
[09:50:37.582] RENDER | msgs=4 rendered=3 isGenerating=true isAiLoading=false scrollPct=1.00
[09:50:37.629] CHUNK | len=2 isAiLoading=false
[09:50:37.629] RENDER | msgs=4 rendered=3 isGenerating=true isAiLoading=false scrollPct=1.00
[09:50:37.673] CHUNK | len=6 isAiLoading=false
[09:50:37.673] RENDER | msgs=4 rendered=3 isGenerating=true isAiLoading=false scrollPct=1.00
[09:50:37.720] CHUNK | len=5 isAiLoading=false
[09:50:37.720] RENDER | msgs=4 rendered=3 isGenerating=true isAiLoading=false scrollPct=1.00
[09:50:37.766] CHUNK | len=10 isAiLoading=false
[09:50:37.766] RENDER | msgs=4 rendered=3 isGenerating=true isAiLoading=false scrollPct=1.00
[09:50:37.809] CHUNK | len=3 isAiLoading=false
[09:50:37.809] RENDER | msgs=4 rendered=3 isGenerating=true isAiLoading=false scrollPct=1.00
[09:50:37.854] CHUNK | len=2 isAiLoading=false
[09:50:37.854] RENDER | msgs=4 rendered=3 isGenerating=true isAiLoading=false scrollPct=1.00
[09:50:37.898] CHUNK | len=3 isAiLoading=false
[09:50:37.898] RENDER | msgs=4 rendered=3 isGenerating=true isAiLoading=false scrollPct=1.00
[09:50:37.942] CHUNK | len=2 isAiLoading=false
[09:50:37.942] RENDER | msgs=4 rendered=3 isGenerating=true isAiLoading=false scrollPct=1.00
[09:50:37.987] CHUNK | len=3 isAiLoading=false
[09:50:37.987] RENDER | msgs=4 rendered=3 isGenerating=true isAiLoading=false scrollPct=1.00
[09:50:38.032] CHUNK | len=3 isAiLoading=false
[09:50:38.032] RENDER | msgs=4 rendered=3 isGenerating=true isAiLoading=false scrollPct=1.00
[09:50:38.076] CHUNK | len=5 isAiLoading=false
[09:50:38.076] RENDER | msgs=4 rendered=3 isGenerating=true isAiLoading=false scrollPct=1.00
[09:50:38.121] CHUNK | len=3 isAiLoading=false
[09:50:38.121] RENDER | msgs=4 rendered=3 isGenerating=true isAiLoading=false scrollPct=1.00
[09:50:38.166] CHUNK | len=8 isAiLoading=false
[09:50:38.166] RENDER | msgs=4 rendered=3 isGenerating=true isAiLoading=false scrollPct=1.00
[09:50:38.210] CHUNK | len=12 isAiLoading=false
[09:50:38.210] RENDER | msgs=4 rendered=3 isGenerating=true isAiLoading=false scrollPct=1.00
[09:50:38.270] CHUNK | len=4 isAiLoading=false
[09:50:38.270] RENDER | msgs=4 rendered=3 isGenerating=true isAiLoading=false scrollPct=1.00
[09:50:38.317] CHUNK | len=14 isAiLoading=false
[09:50:38.317] RENDER | msgs=4 rendered=3 isGenerating=true isAiLoading=false scrollPct=1.00
[09:50:38.363] CHUNK | len=8 isAiLoading=false
[09:50:38.363] RENDER | msgs=4 rendered=3 isGenerating=true isAiLoading=false scrollPct=1.00
[09:50:38.409] CHUNK | len=1 isAiLoading=false
[09:50:38.410] RENDER | msgs=4 rendered=3 isGenerating=true isAiLoading=false scrollPct=1.00
[09:50:38.454] CHUNK | len=5 isAiLoading=false
[09:50:38.454] RENDER | msgs=4 rendered=3 isGenerating=true isAiLoading=false scrollPct=1.00
[09:50:38.498] CHUNK | len=3 isAiLoading=false
[09:50:38.498] RENDER | msgs=4 rendered=3 isGenerating=true isAiLoading=false scrollPct=1.00
[09:50:38.542] CHUNK | len=5 isAiLoading=false
[09:50:38.542] RENDER | msgs=4 rendered=3 isGenerating=true isAiLoading=false scrollPct=1.00
[09:50:38.586] CHUNK | len=3 isAiLoading=false
[09:50:38.586] RENDER | msgs=4 rendered=3 isGenerating=true isAiLoading=false scrollPct=1.00
[09:50:38.634] CHUNK | len=2 isAiLoading=false
[09:50:38.634] RENDER | msgs=4 rendered=3 isGenerating=true isAiLoading=false scrollPct=1.00
[09:50:38.677] CHUNK | len=5 isAiLoading=false
[09:50:38.677] RENDER | msgs=4 rendered=3 isGenerating=true isAiLoading=false scrollPct=1.00
[09:50:38.727] CHUNK | len=6 isAiLoading=false
[09:50:38.727] RENDER | msgs=4 rendered=3 isGenerating=true isAiLoading=false scrollPct=1.00
[09:50:38.771] CHUNK | len=1 isAiLoading=false
[09:50:38.771] RENDER | msgs=4 rendered=3 isGenerating=true isAiLoading=false scrollPct=1.00
[09:50:38.815] CHUNK | len=12 isAiLoading=false
[09:50:38.815] RENDER | msgs=4 rendered=3 isGenerating=true isAiLoading=false scrollPct=1.00
[09:50:38.863] CHUNK | len=1 isAiLoading=false
[09:50:38.863] RENDER | msgs=4 rendered=3 isGenerating=true isAiLoading=false scrollPct=1.00
[09:50:38.907] CHUNK | len=3 isAiLoading=false
[09:50:38.907] RENDER | msgs=4 rendered=3 isGenerating=true isAiLoading=false scrollPct=1.00
[09:50:38.955] CHUNK | len=8 isAiLoading=false
[09:50:38.955] RENDER | msgs=4 rendered=3 isGenerating=true isAiLoading=false scrollPct=1.00
[09:50:39.000] CHUNK | len=1 isAiLoading=false
[09:50:39.000] RENDER | msgs=4 rendered=3 isGenerating=true isAiLoading=false scrollPct=1.00
[09:50:39.044] CHUNK | len=1 isAiLoading=false
[09:50:39.044] RENDER | msgs=4 rendered=3 isGenerating=true isAiLoading=false scrollPct=1.00
[09:50:39.085] CHUNK | len=1 isAiLoading=false
[09:50:39.085] RENDER | msgs=4 rendered=3 isGenerating=true isAiLoading=false scrollPct=1.00
[09:50:39.130] CHUNK | len=3 isAiLoading=false
[09:50:39.130] RENDER | msgs=4 rendered=3 isGenerating=true isAiLoading=false scrollPct=0.00
[09:50:39.173] CHUNK | len=2 isAiLoading=false
[09:50:39.173] RENDER | msgs=4 rendered=3 isGenerating=true isAiLoading=false scrollPct=0.00
[09:50:39.198] KEY | key="j" isGenerating=true
[09:50:39.223] CHUNK | len=6 isAiLoading=false
[09:50:39.223] RENDER | msgs=4 rendered=3 isGenerating=true isAiLoading=false scrollPct=0.50
[09:50:39.269] CHUNK | len=5 isAiLoading=false
[09:50:39.269] RENDER | msgs=4 rendered=3 isGenerating=true isAiLoading=false scrollPct=1.00
[09:50:39.314] CHUNK | len=13 isAiLoading=false
[09:50:39.314] RENDER | msgs=4 rendered=3 isGenerating=true isAiLoading=false scrollPct=1.00
[09:50:39.360] CHUNK | len=3 isAiLoading=false
[09:50:39.360] RENDER | msgs=4 rendered=3 isGenerating=true isAiLoading=false scrollPct=1.00
[09:50:39.379] KEY | key="j" isGenerating=true
[09:50:39.408] CHUNK | len=2 isAiLoading=false
[09:50:39.408] RENDER | msgs=4 rendered=3 isGenerating=true isAiLoading=false scrollPct=1.00
[09:50:39.469] CHUNK | len=3 isAiLoading=false
[09:50:39.469] RENDER | msgs=4 rendered=3 isGenerating=true isAiLoading=false scrollPct=1.00
[09:50:39.514] CHUNK | len=4 isAiLoading=false
[09:50:39.514] RENDER | msgs=4 rendered=3 isGenerating=true isAiLoading=false scrollPct=1.00
[09:50:39.546] KEY | key="j" isGenerating=true
[09:50:39.561] CHUNK | len=5 isAiLoading=false
[09:50:39.562] RENDER | msgs=4 rendered=3 isGenerating=true isAiLoading=false scrollPct=1.00
[09:50:39.608] CHUNK | len=3 isAiLoading=false
[09:50:39.608] RENDER | msgs=4 rendered=3 isGenerating=true isAiLoading=false scrollPct=1.00
[09:50:39.652] CHUNK | len=2 isAiLoading=false
[09:50:39.652] RENDER | msgs=4 rendered=3 isGenerating=true isAiLoading=false scrollPct=1.00
[09:50:39.702] CHUNK | len=5 isAiLoading=false
[09:50:39.702] RENDER | msgs=4 rendered=3 isGenerating=true isAiLoading=false scrollPct=1.00
[09:50:39.747] CHUNK | len=4 isAiLoading=false
[09:50:39.747] RENDER | msgs=4 rendered=3 isGenerating=true isAiLoading=false scrollPct=1.00
[09:50:39.794] CHUNK | len=2 isAiLoading=false
[09:50:39.794] RENDER | msgs=4 rendered=3 isGenerating=true isAiLoading=false scrollPct=1.00
[09:50:39.841] CHUNK | len=3 isAiLoading=false
[09:50:39.841] RENDER | msgs=4 rendered=3 isGenerating=true isAiLoading=false scrollPct=1.00
[09:50:39.888] CHUNK | len=2 isAiLoading=false
[09:50:39.888] RENDER | msgs=4 rendered=3 isGenerating=true isAiLoading=false scrollPct=1.00
[09:50:39.935] CHUNK | len=4 isAiLoading=false
[09:50:39.935] RENDER | msgs=4 rendered=3 isGenerating=true isAiLoading=false scrollPct=1.00
[09:50:39.981] CHUNK | len=3 isAiLoading=false
[09:50:39.981] RENDER | msgs=4 rendered=3 isGenerating=true isAiLoading=false scrollPct=1.00
[09:50:40.030] CHUNK | len=5 isAiLoading=false
[09:50:40.030] RENDER | msgs=4 rendered=3 isGenerating=true isAiLoading=false scrollPct=1.00
[09:50:40.075] CHUNK | len=3 isAiLoading=false
[09:50:40.075] RENDER | msgs=4 rendered=3 isGenerating=true isAiLoading=false scrollPct=1.00
[09:50:40.119] CHUNK | len=9 isAiLoading=false
[09:50:40.119] RENDER | msgs=4 rendered=3 isGenerating=true isAiLoading=false scrollPct=1.00
[09:50:40.146] KEY | key="j" isGenerating=true
[09:50:40.165] CHUNK | len=3 isAiLoading=false
[09:50:40.165] RENDER | msgs=4 rendered=3 isGenerating=true isAiLoading=false scrollPct=1.00
[09:50:40.216] CHUNK | len=1 isAiLoading=false
[09:50:40.216] RENDER | msgs=4 rendered=3 isGenerating=true isAiLoading=false scrollPct=1.00
[09:50:40.261] CHUNK | len=1 isAiLoading=false
[09:50:40.261] RENDER | msgs=4 rendered=3 isGenerating=true isAiLoading=false scrollPct=1.00
[09:50:40.297] KEY | key="j" isGenerating=true
[09:50:40.306] CHUNK | len=1 isAiLoading=false
[09:50:40.306] RENDER | msgs=4 rendered=3 isGenerating=true isAiLoading=false scrollPct=1.00
[09:50:40.350] CHUNK | len=3 isAiLoading=false
[09:50:40.350] RENDER | msgs=4 rendered=3 isGenerating=true isAiLoading=false scrollPct=0.50
[09:50:40.392] CHUNK | len=2 isAiLoading=false
[09:50:40.392] RENDER | msgs=4 rendered=3 isGenerating=true isAiLoading=false scrollPct=0.50
[09:50:40.436] CHUNK | len=9 isAiLoading=false
[09:50:40.436] RENDER | msgs=4 rendered=3 isGenerating=true isAiLoading=false scrollPct=0.33
[09:50:40.480] CHUNK | len=10 isAiLoading=false
[09:50:40.480] RENDER | msgs=4 rendered=3 isGenerating=true isAiLoading=false scrollPct=0.50
[09:50:40.524] CHUNK | len=3 isAiLoading=false
[09:50:40.524] RENDER | msgs=4 rendered=3 isGenerating=true isAiLoading=false scrollPct=0.50
[09:50:40.572] CHUNK | len=2 isAiLoading=false
[09:50:40.572] RENDER | msgs=4 rendered=3 isGenerating=true isAiLoading=false scrollPct=0.50
[09:50:40.616] CHUNK | len=4 isAiLoading=false
[09:50:40.616] RENDER | msgs=4 rendered=3 isGenerating=true isAiLoading=false scrollPct=0.50
[09:50:40.666] CHUNK | len=10 isAiLoading=false
[09:50:40.666] RENDER | msgs=4 rendered=3 isGenerating=true isAiLoading=false scrollPct=0.50
[09:50:40.715] CHUNK | len=5 isAiLoading=false
[09:50:40.715] RENDER | msgs=4 rendered=3 isGenerating=true isAiLoading=false scrollPct=0.50
[09:50:40.753] KEY | key="j" isGenerating=true
[09:50:40.764] CHUNK | len=5 isAiLoading=false
[09:50:40.764] RENDER | msgs=4 rendered=3 isGenerating=true isAiLoading=false scrollPct=1.00
[09:50:40.808] CHUNK | len=4 isAiLoading=false
[09:50:40.808] RENDER | msgs=4 rendered=3 isGenerating=true isAiLoading=false scrollPct=1.00
[09:50:40.855] CHUNK | len=9 isAiLoading=false
[09:50:40.855] RENDER | msgs=4 rendered=3 isGenerating=true isAiLoading=false scrollPct=1.00
[09:50:40.899] CHUNK | len=3 isAiLoading=false
[09:50:40.899] RENDER | msgs=4 rendered=3 isGenerating=true isAiLoading=false scrollPct=1.00
[09:50:40.920] KEY | key="j" isGenerating=true
[09:50:40.943] CHUNK | len=8 isAiLoading=false
[09:50:40.943] RENDER | msgs=4 rendered=3 isGenerating=true isAiLoading=false scrollPct=1.00
[09:50:40.991] CHUNK | len=1 isAiLoading=false
[09:50:40.991] RENDER | msgs=4 rendered=3 isGenerating=true isAiLoading=false scrollPct=1.00
[09:50:41.036] CHUNK | len=2 isAiLoading=false
[09:50:41.036] RENDER | msgs=4 rendered=3 isGenerating=true isAiLoading=false scrollPct=1.00
[09:50:41.077] CHUNK | len=1 isAiLoading=false
[09:50:41.077] RENDER | msgs=4 rendered=3 isGenerating=true isAiLoading=false scrollPct=1.00
[09:50:41.124] CHUNK | len=3 isAiLoading=false
[09:50:41.124] RENDER | msgs=4 rendered=3 isGenerating=true isAiLoading=false scrollPct=0.50
[09:50:41.166] KEY | key="j" isGenerating=true
[09:50:41.172] CHUNK | len=1 isAiLoading=false
[09:50:41.172] RENDER | msgs=4 rendered=3 isGenerating=true isAiLoading=false scrollPct=0.75
[09:50:41.217] CHUNK | len=6 isAiLoading=false
[09:50:41.217] RENDER | msgs=4 rendered=3 isGenerating=true isAiLoading=false scrollPct=0.75
[09:50:41.267] CHUNK | len=9 isAiLoading=false
[09:50:41.267] RENDER | msgs=4 rendered=3 isGenerating=true isAiLoading=false scrollPct=0.75
[09:50:41.315] CHUNK | len=4 isAiLoading=false
[09:50:41.315] RENDER | msgs=4 rendered=3 isGenerating=true isAiLoading=false scrollPct=0.75
[09:50:41.359] CHUNK | len=4 isAiLoading=false
[09:50:41.359] RENDER | msgs=4 rendered=3 isGenerating=true isAiLoading=false scrollPct=0.75
[09:50:41.403] CHUNK | len=5 isAiLoading=false
[09:50:41.403] RENDER | msgs=4 rendered=3 isGenerating=true isAiLoading=false scrollPct=0.75
[09:50:41.449] CHUNK | len=1 isAiLoading=false
[09:50:41.449] RENDER | msgs=4 rendered=3 isGenerating=true isAiLoading=false scrollPct=0.75
[09:50:41.493] CHUNK | len=4 isAiLoading=false
[09:50:41.493] RENDER | msgs=4 rendered=3 isGenerating=true isAiLoading=false scrollPct=0.75
[09:50:41.537] CHUNK | len=2 isAiLoading=false
[09:50:41.537] RENDER | msgs=4 rendered=3 isGenerating=true isAiLoading=false scrollPct=0.75
[09:50:41.581] CHUNK | len=3 isAiLoading=false
[09:50:41.581] RENDER | msgs=4 rendered=3 isGenerating=true isAiLoading=false scrollPct=0.75
[09:50:41.627] CHUNK | len=1 isAiLoading=false
[09:50:41.627] RENDER | msgs=4 rendered=3 isGenerating=true isAiLoading=false scrollPct=0.75
[09:50:41.672] CHUNK | len=8 isAiLoading=false
[09:50:41.672] RENDER | msgs=4 rendered=3 isGenerating=true isAiLoading=false scrollPct=0.75
[09:50:41.721] CHUNK | len=3 isAiLoading=false
[09:50:41.721] RENDER | msgs=4 rendered=3 isGenerating=true isAiLoading=false scrollPct=0.75
[09:50:41.766] CHUNK | len=3 isAiLoading=false
[09:50:41.766] RENDER | msgs=4 rendered=3 isGenerating=true isAiLoading=false scrollPct=0.75
[09:50:41.812] CHUNK | len=5 isAiLoading=false
[09:50:41.812] RENDER | msgs=4 rendered=3 isGenerating=true isAiLoading=false scrollPct=0.75
[09:50:41.864] CHUNK | len=4 isAiLoading=false
[09:50:41.864] RENDER | msgs=4 rendered=3 isGenerating=true isAiLoading=false scrollPct=0.75
[09:50:41.910] CHUNK | len=5 isAiLoading=false
[09:50:41.910] RENDER | msgs=4 rendered=3 isGenerating=true isAiLoading=false scrollPct=0.75
[09:50:41.958] CHUNK | len=4 isAiLoading=false
[09:50:41.958] RENDER | msgs=4 rendered=3 isGenerating=true isAiLoading=false scrollPct=0.75
[09:50:42.005] CHUNK | len=1 isAiLoading=false
[09:50:42.005] RENDER | msgs=4 rendered=3 isGenerating=true isAiLoading=false scrollPct=0.75
[09:50:42.050] CHUNK | len=1 isAiLoading=false
[09:50:42.050] RENDER | msgs=4 rendered=3 isGenerating=true isAiLoading=false scrollPct=0.75
[09:50:42.092] CHUNK | len=2 isAiLoading=false
[09:50:42.092] RENDER | msgs=4 rendered=3 isGenerating=true isAiLoading=false scrollPct=0.75
[09:50:42.135] CHUNK | len=2 isAiLoading=false
[09:50:42.135] RENDER | msgs=4 rendered=3 isGenerating=true isAiLoading=false scrollPct=0.75
[09:50:42.179] CHUNK | len=4 isAiLoading=false
[09:50:42.179] RENDER | msgs=4 rendered=3 isGenerating=true isAiLoading=false scrollPct=0.50
[09:50:42.225] CHUNK | len=5 isAiLoading=false
[09:50:42.225] RENDER | msgs=4 rendered=3 isGenerating=true isAiLoading=false scrollPct=0.50
[09:50:42.269] CHUNK | len=9 isAiLoading=false
[09:50:42.269] RENDER | msgs=4 rendered=3 isGenerating=true isAiLoading=false scrollPct=0.50
[09:50:42.312] CHUNK | len=4 isAiLoading=false
[09:50:42.312] RENDER | msgs=4 rendered=3 isGenerating=true isAiLoading=false scrollPct=0.50
[09:50:42.354] CHUNK | len=3 isAiLoading=false
[09:50:42.354] RENDER | msgs=4 rendered=3 isGenerating=true isAiLoading=false scrollPct=0.50
[09:50:42.397] CHUNK | len=1 isAiLoading=false
[09:50:42.398] RENDER | msgs=4 rendered=3 isGenerating=true isAiLoading=false scrollPct=0.50
[09:50:42.441] CHUNK | len=5 isAiLoading=false
[09:50:42.441] RENDER | msgs=4 rendered=3 isGenerating=true isAiLoading=false scrollPct=0.50
[09:50:42.484] CHUNK | len=3 isAiLoading=false
[09:50:42.484] RENDER | msgs=4 rendered=3 isGenerating=true isAiLoading=false scrollPct=0.50
[09:50:42.529] CHUNK | len=5 isAiLoading=false
[09:50:42.529] RENDER | msgs=4 rendered=3 isGenerating=true isAiLoading=false scrollPct=0.50
[09:50:42.573] CHUNK | len=3 isAiLoading=false
[09:50:42.573] RENDER | msgs=4 rendered=3 isGenerating=true isAiLoading=false scrollPct=0.50
[09:50:42.620] CHUNK | len=5 isAiLoading=false
[09:50:42.620] RENDER | msgs=4 rendered=3 isGenerating=true isAiLoading=false scrollPct=0.50
[09:50:42.640] KEY | key="j" isGenerating=true
[09:50:42.667] CHUNK | len=6 isAiLoading=false
[09:50:42.667] RENDER | msgs=4 rendered=3 isGenerating=true isAiLoading=false scrollPct=0.67
[09:50:42.719] CHUNK | len=1 isAiLoading=false
[09:50:42.719] RENDER | msgs=4 rendered=3 isGenerating=true isAiLoading=false scrollPct=0.67
[09:50:42.766] CHUNK | len=0 isAiLoading=false
[09:50:42.766] RENDER | msgs=4 rendered=3 isGenerating=true isAiLoading=false scrollPct=0.67
[09:50:42.768] STREAM DONE | err=<nil> messages=4 renderedHistory=3
[09:50:42.768] CACHING AI MSG | msg_len=792
[09:50:42.769] AI MSG CACHED | messages=4 renderedHistory=4 aiHistory=4
[09:50:42.769] RENDER | msgs=4 rendered=4 isGenerating=false isAiLoading=false scrollPct=0.67
[09:50:42.781] KEY | key="k" isGenerating=false
[09:50:43.346] KEY | key="j" isGenerating=false
[09:50:43.633] KEY | key="j" isGenerating=false
[09:50:44.191] KEY | key="j" isGenerating=false
[09:50:44.357] KEY | key="j" isGenerating=false
[09:50:44.514] KEY | key="j" isGenerating=false
[09:50:44.675] KEY | key="j" isGenerating=false
[09:50:44.886] KEY | key="j" isGenerating=false
[09:50:45.087] KEY | key="j" isGenerating=false
[09:50:45.174] KEY | key="k" isGenerating=false
[09:50:45.335] KEY | key="k" isGenerating=false
[09:50:45.479] KEY | key="k" isGenerating=false
[09:50:46.140] KEY | key="k" isGenerating=false
[09:50:46.180] KEY | key="k" isGenerating=false
[09:50:46.221] KEY | key="k" isGenerating=false
[09:50:46.262] KEY | key="k" isGenerating=false
[09:50:46.303] KEY | key="k" isGenerating=false
[09:50:46.342] KEY | key="k" isGenerating=false
[09:50:46.383] KEY | key="k" isGenerating=false
[09:50:46.423] KEY | key="k" isGenerating=false
[09:50:46.464] KEY | key="k" isGenerating=false
[09:50:46.505] KEY | key="k" isGenerating=false
[09:50:46.545] KEY | key="k" isGenerating=false
[09:50:46.586] KEY | key="k" isGenerating=false
[09:50:46.626] KEY | key="k" isGenerating=false
[09:50:46.658] KEY | key="j" isGenerating=false
[09:50:47.319] KEY | key="j" isGenerating=false
[09:50:47.361] KEY | key="j" isGenerating=false
[09:50:47.401] KEY | key="j" isGenerating=false
[09:50:47.442] KEY | key="j" isGenerating=false
[09:50:47.483] KEY | key="j" isGenerating=false
[09:50:47.524] KEY | key="j" isGenerating=false
[09:50:47.564] KEY | key="j" isGenerating=false
[09:50:47.605] KEY | key="j" isGenerating=false
[09:50:47.645] KEY | key="j" isGenerating=false
[09:50:47.686] KEY | key="j" isGenerating=false
[09:50:47.726] KEY | key="j" isGenerating=false
[09:50:47.766] KEY | key="j" isGenerating=false
[09:50:47.805] KEY | key="j" isGenerating=false
[09:50:47.846] KEY | key="j" isGenerating=false
[09:51:07.543] KEY | key="k" isGenerating=false
[09:51:07.739] KEY | key="k" isGenerating=false
[09:51:07.900] KEY | key="k" isGenerating=false
[09:51:08.036] KEY | key="k" isGenerating=false
[09:51:08.198] KEY | key="k" isGenerating=false
[09:51:08.366] KEY | key="k" isGenerating=false
[09:51:08.516] KEY | key="k" isGenerating=false
[09:51:08.670] KEY | key="k" isGenerating=false
[09:51:08.821] KEY | key="k" isGenerating=false
[09:51:09.079] KEY | key="j" isGenerating=false
[09:51:09.739] KEY | key="j" isGenerating=false
[09:51:09.780] KEY | key="j" isGenerating=false
[09:51:09.821] KEY | key="j" isGenerating=false
[09:51:09.860] KEY | key="j" isGenerating=false
[09:51:09.899] KEY | key="j" isGenerating=false
[09:51:09.940] KEY | key="j" isGenerating=false
[09:51:09.981] KEY | key="j" isGenerating=false
[09:51:10.022] KEY | key="j" isGenerating=false
[09:51:10.062] KEY | key="j" isGenerating=false
[09:51:10.102] KEY | key="j" isGenerating=false
[09:51:10.142] KEY | key="j" isGenerating=false
[09:51:10.184] KEY | key="j" isGenerating=false
[09:51:10.224] KEY | key="j" isGenerating=false
[09:51:10.266] KEY | key="j" isGenerating=false
[09:51:10.306] KEY | key="j" isGenerating=false
[09:51:10.366] KEY | key="k" isGenerating=false
[09:51:11.027] KEY | key="k" isGenerating=false
[09:51:11.067] KEY | key="k" isGenerating=false
[09:51:11.106] KEY | key="k" isGenerating=false
[09:51:11.147] KEY | key="k" isGenerating=false
[09:51:11.188] KEY | key="k" isGenerating=false
[09:51:11.229] KEY | key="k" isGenerating=false
[09:51:11.268] KEY | key="k" isGenerating=false
[09:51:11.308] KEY | key="k" isGenerating=false
[09:51:11.348] KEY | key="k" isGenerating=false
[09:51:11.388] KEY | key="k" isGenerating=false
[09:51:11.429] KEY | key="k" isGenerating=false
[09:51:11.469] KEY | key="k" isGenerating=false
[09:51:11.509] KEY | key="k" isGenerating=false
[09:51:11.550] KEY | key="k" isGenerating=false
[09:51:11.780] KEY | key="j" isGenerating=false
[09:51:12.441] KEY | key="j" isGenerating=false
[09:51:12.482] KEY | key="j" isGenerating=false
[09:51:12.523] KEY | key="j" isGenerating=false
[09:51:12.564] KEY | key="j" isGenerating=false
[09:51:12.605] KEY | key="j" isGenerating=false
[09:51:12.646] KEY | key="j" isGenerating=false
[09:51:12.687] KEY | key="j" isGenerating=false
[09:51:12.728] KEY | key="j" isGenerating=false
[09:51:12.769] KEY | key="j" isGenerating=false
[09:51:12.810] KEY | key="j" isGenerating=false
[09:51:12.850] KEY | key="j" isGenerating=false
[09:51:12.891] KEY | key="j" isGenerating=false
[09:51:12.931] KEY | key="j" isGenerating=false
[09:51:12.971] KEY | key="j" isGenerating=false
[09:51:13.013] KEY | key="j" isGenerating=false
[09:51:13.054] KEY | key="j" isGenerating=false
[09:51:13.095] KEY | key="j" isGenerating=false
[09:51:13.135] KEY | key="j" isGenerating=false
[09:56:06.556] KEY | key="i" isGenerating=false
[09:56:06.557] KEY:i | opening editor | prevMessage_len=0
[09:56:11.601] RESIZE | w=118 h=27
[09:56:16.607] REBUILD CACHE | rebuilding 0 messages
[09:56:16.607] REBUILD CACHE DONE | renderedHistory=0
[09:56:16.607] RENDER | msgs=0 rendered=0 isGenerating=false isAiLoading=false scrollPct=1.00
[09:56:16.607] EDITOR DONE | raw_len=11 trimmed_len=11
[09:56:16.607] EDITOR CONTENT PREVIEW | "Hello there"
[09:56:16.609] USER MSG CACHED | messages=1 renderedHistory=1
[09:56:16.609] RENDER | msgs=1 rendered=1 isGenerating=true isAiLoading=false scrollPct=1.00
[09:56:16.609] DISPATCHING startGenerationMsg
[09:56:16.609] KEY | key="alt+]" isGenerating=true
[09:56:16.610] KEY | key="11;rgb:0000/0000/0000" isGenerating=true
[09:56:16.610] KEY | key="alt+\\" isGenerating=true
[09:56:16.625] GENERATION START | spinner on, stream starting
[09:56:16.626] RENDER | msgs=1 rendered=1 isGenerating=true isAiLoading=true scrollPct=1.00
[09:56:16.726] RENDER | msgs=1 rendered=1 isGenerating=true isAiLoading=true scrollPct=1.00
[09:56:16.827] RENDER | msgs=1 rendered=1 isGenerating=true isAiLoading=true scrollPct=1.00
[09:56:16.927] RENDER | msgs=1 rendered=1 isGenerating=true isAiLoading=true scrollPct=1.00
[09:56:17.020] CHUNK | len=5 isAiLoading=true
[09:56:17.020] CHUNK FIRST | spinner off, starting AI message
[09:56:17.020] RENDER | msgs=2 rendered=1 isGenerating=true isAiLoading=false scrollPct=1.00
[09:56:17.061] CHUNK | len=3 isAiLoading=false
[09:56:17.061] RENDER | msgs=2 rendered=1 isGenerating=true isAiLoading=false scrollPct=1.00
[09:56:17.109] CHUNK | len=4 isAiLoading=false
[09:56:17.109] RENDER | msgs=2 rendered=1 isGenerating=true isAiLoading=false scrollPct=1.00
[09:56:17.159] CHUNK | len=4 isAiLoading=false
[09:56:17.159] RENDER | msgs=2 rendered=1 isGenerating=true isAiLoading=false scrollPct=1.00
[09:56:17.203] CHUNK | len=1 isAiLoading=false
[09:56:17.203] RENDER | msgs=2 rendered=1 isGenerating=true isAiLoading=false scrollPct=1.00
[09:56:17.253] CHUNK | len=4 isAiLoading=false
[09:56:17.253] RENDER | msgs=2 rendered=1 isGenerating=true isAiLoading=false scrollPct=1.00
[09:56:17.300] CHUNK | len=3 isAiLoading=false
[09:56:17.300] RENDER | msgs=2 rendered=1 isGenerating=true isAiLoading=false scrollPct=1.00
[09:56:17.346] CHUNK | len=1 isAiLoading=false
[09:56:17.346] RENDER | msgs=2 rendered=1 isGenerating=true isAiLoading=false scrollPct=1.00
[09:56:17.389] CHUNK | len=5 isAiLoading=false
[09:56:17.389] RENDER | msgs=2 rendered=1 isGenerating=true isAiLoading=false scrollPct=1.00
[09:56:17.435] CHUNK | len=4 isAiLoading=false
[09:56:17.435] RENDER | msgs=2 rendered=1 isGenerating=true isAiLoading=false scrollPct=1.00
[09:56:17.480] CHUNK | len=6 isAiLoading=false
[09:56:17.480] RENDER | msgs=2 rendered=1 isGenerating=true isAiLoading=false scrollPct=1.00
[09:56:17.523] CHUNK | len=3 isAiLoading=false
[09:56:17.523] RENDER | msgs=2 rendered=1 isGenerating=true isAiLoading=false scrollPct=1.00
[09:56:17.569] CHUNK | len=4 isAiLoading=false
[09:56:17.569] RENDER | msgs=2 rendered=1 isGenerating=true isAiLoading=false scrollPct=1.00
[09:56:17.615] CHUNK | len=1 isAiLoading=false
[09:56:17.615] RENDER | msgs=2 rendered=1 isGenerating=true isAiLoading=false scrollPct=1.00
[09:56:17.659] CHUNK | len=5 isAiLoading=false
[09:56:17.659] RENDER | msgs=2 rendered=1 isGenerating=true isAiLoading=false scrollPct=1.00
[09:56:17.701] CHUNK | len=1 isAiLoading=false
[09:56:17.701] RENDER | msgs=2 rendered=1 isGenerating=true isAiLoading=false scrollPct=1.00
[09:56:17.742] CHUNK | len=2 isAiLoading=false
[09:56:17.742] RENDER | msgs=2 rendered=1 isGenerating=true isAiLoading=false scrollPct=1.00
[09:56:17.783] CHUNK | len=2 isAiLoading=false
[09:56:17.783] RENDER | msgs=2 rendered=1 isGenerating=true isAiLoading=false scrollPct=1.00
[09:56:17.825] CHUNK | len=6 isAiLoading=false
[09:56:17.825] RENDER | msgs=2 rendered=1 isGenerating=true isAiLoading=false scrollPct=1.00
[09:56:17.869] CHUNK | len=9 isAiLoading=false
[09:56:17.869] RENDER | msgs=2 rendered=1 isGenerating=true isAiLoading=false scrollPct=1.00
[09:56:17.914] CHUNK | len=4 isAiLoading=false
[09:56:17.914] RENDER | msgs=2 rendered=1 isGenerating=true isAiLoading=false scrollPct=1.00
[09:56:17.958] CHUNK | len=1 isAiLoading=false
[09:56:17.958] RENDER | msgs=2 rendered=1 isGenerating=true isAiLoading=false scrollPct=1.00
[09:56:18.002] CHUNK | len=1 isAiLoading=false
[09:56:18.002] RENDER | msgs=2 rendered=1 isGenerating=true isAiLoading=false scrollPct=1.00
[09:56:18.045] CHUNK | len=5 isAiLoading=false
[09:56:18.045] RENDER | msgs=2 rendered=1 isGenerating=true isAiLoading=false scrollPct=1.00
[09:56:18.087] CHUNK | len=3 isAiLoading=false
[09:56:18.087] RENDER | msgs=2 rendered=1 isGenerating=true isAiLoading=false scrollPct=1.00
[09:56:18.132] CHUNK | len=5 isAiLoading=false
[09:56:18.132] RENDER | msgs=2 rendered=1 isGenerating=true isAiLoading=false scrollPct=1.00
[09:56:18.175] CHUNK | len=6 isAiLoading=false
[09:56:18.175] RENDER | msgs=2 rendered=1 isGenerating=true isAiLoading=false scrollPct=1.00
[09:56:18.222] CHUNK | len=3 isAiLoading=false
[09:56:18.222] RENDER | msgs=2 rendered=1 isGenerating=true isAiLoading=false scrollPct=1.00
[09:56:18.265] CHUNK | len=4 isAiLoading=false
[09:56:18.265] RENDER | msgs=2 rendered=1 isGenerating=true isAiLoading=false scrollPct=1.00
[09:56:18.307] CHUNK | len=5 isAiLoading=false
[09:56:18.307] RENDER | msgs=2 rendered=1 isGenerating=true isAiLoading=false scrollPct=1.00
[09:56:18.356] CHUNK | len=2 isAiLoading=false
[09:56:18.356] RENDER | msgs=2 rendered=1 isGenerating=true isAiLoading=false scrollPct=1.00
[09:56:18.403] CHUNK | len=4 isAiLoading=false
[09:56:18.403] RENDER | msgs=2 rendered=1 isGenerating=true isAiLoading=false scrollPct=1.00
[09:56:18.447] CHUNK | len=6 isAiLoading=false
[09:56:18.447] RENDER | msgs=2 rendered=1 isGenerating=true isAiLoading=false scrollPct=1.00
[09:56:18.490] CHUNK | len=1 isAiLoading=false
[09:56:18.490] RENDER | msgs=2 rendered=1 isGenerating=true isAiLoading=false scrollPct=1.00
[09:56:18.535] CHUNK | len=0 isAiLoading=false
[09:56:18.535] RENDER | msgs=2 rendered=1 isGenerating=true isAiLoading=false scrollPct=1.00
[09:56:18.536] STREAM DONE | err=<nil> messages=2 renderedHistory=1
[09:56:18.536] CACHING AI MSG | msg_len=131
[09:56:18.536] AI MSG CACHED | messages=2 renderedHistory=2 aiHistory=2
[09:56:18.536] RENDER | msgs=2 rendered=2 isGenerating=false isAiLoading=false scrollPct=1.00
[09:56:26.015] KEY | key="i" isGenerating=false
[09:56:26.015] KEY:i | opening editor | prevMessage_len=131
[09:56:29.582] RESIZE | w=118 h=27
[09:59:41.830] REBUILD CACHE | rebuilding 2 messages
[09:59:41.832] REBUILD CACHE DONE | renderedHistory=2
[09:59:41.832] RENDER | msgs=2 rendered=2 isGenerating=false isAiLoading=false scrollPct=1.00
[09:59:41.833] EDITOR DONE | raw_len=11 trimmed_len=11
[09:59:41.833] EDITOR CONTENT PREVIEW | "How are you"
[09:59:41.834] USER MSG CACHED | messages=3 renderedHistory=3
[09:59:41.834] RENDER | msgs=3 rendered=3 isGenerating=true isAiLoading=false scrollPct=1.00
[09:59:41.834] DISPATCHING startGenerationMsg
[09:59:41.834] KEY | key="alt+]" isGenerating=true
[09:59:41.835] KEY | key="11;rgb:0000/0000/0000" isGenerating=true
[09:59:41.836] KEY | key="alt+\\" isGenerating=true
[09:59:41.850] GENERATION START | spinner on, stream starting
[09:59:41.852] RENDER | msgs=3 rendered=3 isGenerating=true isAiLoading=true scrollPct=1.00
[09:59:41.936] RENDER | msgs=3 rendered=3 isGenerating=true isAiLoading=true scrollPct=1.00
[09:59:41.953] RENDER | msgs=3 rendered=3 isGenerating=true isAiLoading=true scrollPct=1.00
[09:59:42.053] RENDER | msgs=3 rendered=3 isGenerating=true isAiLoading=true scrollPct=1.00
[09:59:42.153] RENDER | msgs=3 rendered=3 isGenerating=true isAiLoading=true scrollPct=1.00
[09:59:42.245] CHUNK | len=1 isAiLoading=true
[09:59:42.245] CHUNK FIRST | spinner off, starting AI message
[09:59:42.245] RENDER | msgs=4 rendered=3 isGenerating=true isAiLoading=false scrollPct=1.00
[09:59:42.289] CHUNK | len=3 isAiLoading=false
[09:59:42.289] RENDER | msgs=4 rendered=3 isGenerating=true isAiLoading=false scrollPct=1.00
[09:59:42.333] CHUNK | len=1 isAiLoading=false
[09:59:42.333] RENDER | msgs=4 rendered=3 isGenerating=true isAiLoading=false scrollPct=1.00
[09:59:42.380] CHUNK | len=6 isAiLoading=false
[09:59:42.380] RENDER | msgs=4 rendered=3 isGenerating=true isAiLoading=false scrollPct=1.00
[09:59:42.428] CHUNK | len=5 isAiLoading=false
[09:59:42.428] RENDER | msgs=4 rendered=3 isGenerating=true isAiLoading=false scrollPct=1.00
[09:59:42.475] CHUNK | len=1 isAiLoading=false
[09:59:42.475] RENDER | msgs=4 rendered=3 isGenerating=true isAiLoading=false scrollPct=1.00
[09:59:42.522] CHUNK | len=7 isAiLoading=false
[09:59:42.522] RENDER | msgs=4 rendered=3 isGenerating=true isAiLoading=false scrollPct=1.00
[09:59:42.567] CHUNK | len=4 isAiLoading=false
[09:59:42.567] RENDER | msgs=4 rendered=3 isGenerating=true isAiLoading=false scrollPct=1.00
[09:59:42.611] CHUNK | len=7 isAiLoading=false
[09:59:42.611] RENDER | msgs=4 rendered=3 isGenerating=true isAiLoading=false scrollPct=1.00
[09:59:42.659] CHUNK | len=1 isAiLoading=false
[09:59:42.659] RENDER | msgs=4 rendered=3 isGenerating=true isAiLoading=false scrollPct=1.00
[09:59:42.704] CHUNK | len=3 isAiLoading=false
[09:59:42.704] RENDER | msgs=4 rendered=3 isGenerating=true isAiLoading=false scrollPct=1.00
[09:59:42.753] CHUNK | len=3 isAiLoading=false
[09:59:42.753] RENDER | msgs=4 rendered=3 isGenerating=true isAiLoading=false scrollPct=1.00
[09:59:42.803] CHUNK | len=3 isAiLoading=false
[09:59:42.803] RENDER | msgs=4 rendered=3 isGenerating=true isAiLoading=false scrollPct=1.00
[09:59:42.847] CHUNK | len=1 isAiLoading=false
[09:59:42.847] RENDER | msgs=4 rendered=3 isGenerating=true isAiLoading=false scrollPct=1.00
[09:59:48.331] KEY | key="i" isGenerating=true
[09:59:48.331] KEY:i BLOCKED | isGenerating=true, ignoring
[09:59:48.830] KEY | key="n" isGenerating=true
[09:59:49.090] KEY | key="i" isGenerating=true
[09:59:49.090] KEY:i BLOCKED | isGenerating=true, ignoring
[09:59:49.397] KEY | key="n" isGenerating=true
[09:59:49.639] KEY | key="i" isGenerating=true
[09:59:49.639] KEY:i BLOCKED | isGenerating=true, ignoring
[10:06:26.623] KEY | key="q" isGenerating=false
[10:29:59.582] KEY | key="q" isGenerating=false
[10:44:37.865] KEY | key="k" isGenerating=false
[10:44:38.248] KEY | key="i" isGenerating=false
[10:44:38.248] KEY:i | opening editor | prevMessage_len=0
[10:44:43.668] RESIZE | w=118 h=27
[10:44:43.668] REBUILD CACHE | rebuilding 0 messages
[10:44:43.668] REBUILD CACHE DONE | renderedHistory=0
[10:44:43.668] RENDER | msgs=0 rendered=0 isGenerating=false isAiLoading=false scrollPct=1.00
[10:44:43.669] EDITOR DONE | raw_len=11 trimmed_len=11
[10:44:43.669] EDITOR CONTENT PREVIEW | "Hello there"
[10:44:43.670] USER MSG CACHED | messages=1 renderedHistory=1
[10:44:43.670] RENDER | msgs=1 rendered=1 isGenerating=true isAiLoading=false scrollPct=1.00
[10:44:43.670] DISPATCHING startGenerationMsg
[10:44:43.686] GENERATION START | spinner on, stream starting
[10:44:43.689] RENDER | msgs=1 rendered=1 isGenerating=true isAiLoading=true scrollPct=1.00
[10:44:43.790] RENDER | msgs=1 rendered=1 isGenerating=true isAiLoading=true scrollPct=1.00
[10:44:43.891] RENDER | msgs=1 rendered=1 isGenerating=true isAiLoading=true scrollPct=1.00
[10:44:43.991] RENDER | msgs=1 rendered=1 isGenerating=true isAiLoading=true scrollPct=1.00
[10:44:44.061] CHUNK | len=5 isAiLoading=true
[10:44:44.061] CHUNK FIRST | spinner off, starting AI message
[10:44:44.061] RENDER | msgs=2 rendered=1 isGenerating=true isAiLoading=false scrollPct=1.00
[10:44:44.106] CHUNK | len=3 isAiLoading=false
[10:44:44.106] RENDER | msgs=2 rendered=1 isGenerating=true isAiLoading=false scrollPct=1.00
[10:44:44.155] CHUNK | len=4 isAiLoading=false
[10:44:44.155] RENDER | msgs=2 rendered=1 isGenerating=true isAiLoading=false scrollPct=1.00
[10:44:44.201] CHUNK | len=4 isAiLoading=false
[10:44:44.201] RENDER | msgs=2 rendered=1 isGenerating=true isAiLoading=false scrollPct=1.00
[10:44:44.252] CHUNK | len=1 isAiLoading=false
[10:44:44.252] RENDER | msgs=2 rendered=1 isGenerating=true isAiLoading=false scrollPct=1.00
[10:44:44.309] CHUNK | len=4 isAiLoading=false
[10:44:44.309] RENDER | msgs=2 rendered=1 isGenerating=true isAiLoading=false scrollPct=1.00
[10:44:44.355] CHUNK | len=1 isAiLoading=false
[10:44:44.355] RENDER | msgs=2 rendered=1 isGenerating=true isAiLoading=false scrollPct=1.00
[10:44:44.403] CHUNK | len=1 isAiLoading=false
[10:44:44.403] RENDER | msgs=2 rendered=1 isGenerating=true isAiLoading=false scrollPct=1.00
[10:44:44.449] CHUNK | len=5 isAiLoading=false
[10:44:44.449] RENDER | msgs=2 rendered=1 isGenerating=true isAiLoading=false scrollPct=1.00
[10:44:44.496] CHUNK | len=4 isAiLoading=false
[10:44:44.496] RENDER | msgs=2 rendered=1 isGenerating=true isAiLoading=false scrollPct=1.00
[10:44:44.545] CHUNK | len=6 isAiLoading=false
[10:44:44.545] RENDER | msgs=2 rendered=1 isGenerating=true isAiLoading=false scrollPct=1.00
[10:44:44.590] CHUNK | len=3 isAiLoading=false
[10:44:44.590] RENDER | msgs=2 rendered=1 isGenerating=true isAiLoading=false scrollPct=1.00
[10:44:44.637] CHUNK | len=4 isAiLoading=false
[10:44:44.637] RENDER | msgs=2 rendered=1 isGenerating=true isAiLoading=false scrollPct=1.00
[10:44:44.684] CHUNK | len=1 isAiLoading=false
[10:44:44.684] RENDER | msgs=2 rendered=1 isGenerating=true isAiLoading=false scrollPct=1.00
[10:44:44.731] CHUNK | len=5 isAiLoading=false
[10:44:44.731] RENDER | msgs=2 rendered=1 isGenerating=true isAiLoading=false scrollPct=1.00
[10:44:44.775] CHUNK | len=1 isAiLoading=false
[10:44:44.775] RENDER | msgs=2 rendered=1 isGenerating=true isAiLoading=false scrollPct=1.00
[10:44:44.816] CHUNK | len=2 isAiLoading=false
[10:44:44.816] RENDER | msgs=2 rendered=1 isGenerating=true isAiLoading=false scrollPct=1.00
[10:44:44.857] CHUNK | len=2 isAiLoading=false
[10:44:44.857] RENDER | msgs=2 rendered=1 isGenerating=true isAiLoading=false scrollPct=1.00
[10:44:44.904] CHUNK | len=6 isAiLoading=false
[10:44:44.904] RENDER | msgs=2 rendered=1 isGenerating=true isAiLoading=false scrollPct=1.00
[10:44:44.952] CHUNK | len=9 isAiLoading=false
[10:44:44.952] RENDER | msgs=2 rendered=1 isGenerating=true isAiLoading=false scrollPct=1.00
[10:44:44.997] CHUNK | len=4 isAiLoading=false
[10:44:44.997] RENDER | msgs=2 rendered=1 isGenerating=true isAiLoading=false scrollPct=1.00
[10:44:45.044] CHUNK | len=1 isAiLoading=false
[10:44:45.044] RENDER | msgs=2 rendered=1 isGenerating=true isAiLoading=false scrollPct=1.00
[10:44:45.088] CHUNK | len=1 isAiLoading=false
[10:44:45.088] RENDER | msgs=2 rendered=1 isGenerating=true isAiLoading=false scrollPct=1.00
[10:44:45.139] CHUNK | len=5 isAiLoading=false
[10:44:45.139] RENDER | msgs=2 rendered=1 isGenerating=true isAiLoading=false scrollPct=1.00
[10:44:45.189] CHUNK | len=3 isAiLoading=false
[10:44:45.189] RENDER | msgs=2 rendered=1 isGenerating=true isAiLoading=false scrollPct=1.00
[10:44:45.240] CHUNK | len=5 isAiLoading=false
[10:44:45.240] RENDER | msgs=2 rendered=1 isGenerating=true isAiLoading=false scrollPct=1.00
[10:44:45.286] CHUNK | len=6 isAiLoading=false
[10:44:45.286] RENDER | msgs=2 rendered=1 isGenerating=true isAiLoading=false scrollPct=1.00
[10:44:45.331] CHUNK | len=3 isAiLoading=false
[10:44:45.331] RENDER | msgs=2 rendered=1 isGenerating=true isAiLoading=false scrollPct=1.00
[10:44:45.376] CHUNK | len=4 isAiLoading=false
[10:44:45.376] RENDER | msgs=2 rendered=1 isGenerating=true isAiLoading=false scrollPct=1.00
[10:44:45.424] CHUNK | len=5 isAiLoading=false
[10:44:45.424] RENDER | msgs=2 rendered=1 isGenerating=true isAiLoading=false scrollPct=1.00
[10:44:45.468] CHUNK | len=2 isAiLoading=false
[10:44:45.468] RENDER | msgs=2 rendered=1 isGenerating=true isAiLoading=false scrollPct=1.00
[10:44:45.518] CHUNK | len=4 isAiLoading=false
[10:44:45.518] RENDER | msgs=2 rendered=1 isGenerating=true isAiLoading=false scrollPct=1.00
[10:44:45.567] CHUNK | len=6 isAiLoading=false
[10:44:45.567] RENDER | msgs=2 rendered=1 isGenerating=true isAiLoading=false scrollPct=1.00
[10:44:45.617] CHUNK | len=1 isAiLoading=false
[10:44:45.617] RENDER | msgs=2 rendered=1 isGenerating=true isAiLoading=false scrollPct=1.00
[10:44:45.661] CHUNK | len=0 isAiLoading=false
[10:44:45.661] RENDER | msgs=2 rendered=1 isGenerating=true isAiLoading=false scrollPct=1.00
[10:44:45.663] STREAM DONE | err=<nil> messages=2 renderedHistory=1
[10:44:45.663] CACHING AI MSG | msg_len=129
[10:44:45.664] AI MSG CACHED | messages=2 renderedHistory=2 aiHistory=2
[10:44:45.664] RENDER | msgs=2 rendered=2 isGenerating=false isAiLoading=false scrollPct=1.00
[10:44:47.403] KEY | key="q" isGenerating=false
[10:44:55.144] KEY | key="q" isGenerating=false
[10:45:29.381] KEY | key="i" isGenerating=false
[10:45:29.381] KEY:i | opening editor | prevMessage_len=0
[10:45:41.458] RESIZE | w=118 h=27
[10:45:41.458] REBUILD CACHE | rebuilding 0 messages
[10:45:41.459] REBUILD CACHE DONE | renderedHistory=0
[10:45:41.459] RENDER | msgs=0 rendered=0 isGenerating=false isAiLoading=false scrollPct=1.00
[10:45:41.460] EDITOR DONE | raw_len=24 trimmed_len=24
[10:45:41.460] EDITOR CONTENT PREVIEW | "Hello there how are you?"
[10:45:41.461] USER MSG CACHED | messages=1 renderedHistory=1
[10:45:41.461] RENDER | msgs=1 rendered=1 isGenerating=true isAiLoading=false scrollPct=1.00
[10:45:41.461] DISPATCHING startGenerationMsg
[10:45:41.478] GENERATION START | spinner on, stream starting
[10:45:41.481] RENDER | msgs=1 rendered=1 isGenerating=true isAiLoading=true scrollPct=1.00
[10:45:41.581] RENDER | msgs=1 rendered=1 isGenerating=true isAiLoading=true scrollPct=1.00
[10:45:41.682] RENDER | msgs=1 rendered=1 isGenerating=true isAiLoading=true scrollPct=1.00
[10:45:41.782] RENDER | msgs=1 rendered=1 isGenerating=true isAiLoading=true scrollPct=1.00
[10:45:41.848] CHUNK | len=5 isAiLoading=true
[10:45:41.848] CHUNK FIRST | spinner off, starting AI message
[10:45:41.848] RENDER | msgs=2 rendered=1 isGenerating=true isAiLoading=false scrollPct=1.00
[10:45:41.895] CHUNK | len=1 isAiLoading=false
[10:45:41.895] RENDER | msgs=2 rendered=1 isGenerating=true isAiLoading=false scrollPct=1.00
[10:45:41.942] CHUNK | len=2 isAiLoading=false
[10:45:41.942] RENDER | msgs=2 rendered=1 isGenerating=true isAiLoading=false scrollPct=1.00
[10:45:41.987] CHUNK | len=3 isAiLoading=false
[10:45:41.987] RENDER | msgs=2 rendered=1 isGenerating=true isAiLoading=false scrollPct=1.00
[10:45:42.039] CHUNK | len=1 isAiLoading=false
[10:45:42.039] RENDER | msgs=2 rendered=1 isGenerating=true isAiLoading=false scrollPct=1.00
[10:45:42.084] CHUNK | len=6 isAiLoading=false
[10:45:42.084] RENDER | msgs=2 rendered=1 isGenerating=true isAiLoading=false scrollPct=1.00
[10:45:42.129] CHUNK | len=5 isAiLoading=false
[10:45:42.129] RENDER | msgs=2 rendered=1 isGenerating=true isAiLoading=false scrollPct=1.00
[10:45:42.181] CHUNK | len=1 isAiLoading=false
[10:45:42.181] RENDER | msgs=2 rendered=1 isGenerating=true isAiLoading=false scrollPct=1.00
[10:45:42.234] CHUNK | len=7 isAiLoading=false
[10:45:42.234] RENDER | msgs=2 rendered=1 isGenerating=true isAiLoading=false scrollPct=1.00
[10:45:42.288] CHUNK | len=4 isAiLoading=false
[10:45:42.288] RENDER | msgs=2 rendered=1 isGenerating=true isAiLoading=false scrollPct=1.00
[10:45:42.332] CHUNK | len=7 isAiLoading=false
[10:45:42.332] RENDER | msgs=2 rendered=1 isGenerating=true isAiLoading=false scrollPct=1.00
[10:45:42.381] CHUNK | len=1 isAiLoading=false
[10:45:42.381] RENDER | msgs=2 rendered=1 isGenerating=true isAiLoading=false scrollPct=1.00
[10:45:42.434] CHUNK | len=5 isAiLoading=false
[10:45:42.434] RENDER | msgs=2 rendered=1 isGenerating=true isAiLoading=false scrollPct=1.00
[10:45:42.481] CHUNK | len=3 isAiLoading=false
[10:45:42.482] RENDER | msgs=2 rendered=1 isGenerating=true isAiLoading=false scrollPct=1.00
[10:45:42.529] CHUNK | len=3 isAiLoading=false
[10:45:42.529] RENDER | msgs=2 rendered=1 isGenerating=true isAiLoading=false scrollPct=1.00
[10:45:42.576] CHUNK | len=1 isAiLoading=false
[10:45:42.576] RENDER | msgs=2 rendered=1 isGenerating=true isAiLoading=false scrollPct=1.00
[10:45:42.630] CHUNK | len=5 isAiLoading=false
[10:45:42.630] RENDER | msgs=2 rendered=1 isGenerating=true isAiLoading=false scrollPct=1.00
[10:45:42.675] CHUNK | len=3 isAiLoading=false
[10:45:42.675] RENDER | msgs=2 rendered=1 isGenerating=true isAiLoading=false scrollPct=1.00
[10:45:42.719] CHUNK | len=3 isAiLoading=false
[10:45:42.719] RENDER | msgs=2 rendered=1 isGenerating=true isAiLoading=false scrollPct=1.00
[10:45:42.765] CHUNK | len=9 isAiLoading=false
[10:45:42.766] RENDER | msgs=2 rendered=1 isGenerating=true isAiLoading=false scrollPct=1.00
[10:45:42.816] CHUNK | len=5 isAiLoading=false
[10:45:42.816] RENDER | msgs=2 rendered=1 isGenerating=true isAiLoading=false scrollPct=1.00
[10:45:42.860] CHUNK | len=4 isAiLoading=false
[10:45:42.860] RENDER | msgs=2 rendered=1 isGenerating=true isAiLoading=false scrollPct=1.00
[10:45:42.907] CHUNK | len=1 isAiLoading=false
[10:45:42.907] RENDER | msgs=2 rendered=1 isGenerating=true isAiLoading=false scrollPct=1.00
[10:45:42.954] CHUNK | len=1 isAiLoading=false
[10:45:42.954] RENDER | msgs=2 rendered=1 isGenerating=true isAiLoading=false scrollPct=1.00
[10:45:43.000] CHUNK | len=2 isAiLoading=false
[10:45:43.000] RENDER | msgs=2 rendered=1 isGenerating=true isAiLoading=false scrollPct=1.00
[10:45:43.049] CHUNK | len=3 isAiLoading=false
[10:45:43.049] RENDER | msgs=2 rendered=1 isGenerating=true isAiLoading=false scrollPct=1.00
[10:45:43.097] CHUNK | len=6 isAiLoading=false
[10:45:43.097] RENDER | msgs=2 rendered=1 isGenerating=true isAiLoading=false scrollPct=1.00
[10:45:43.144] CHUNK | len=4 isAiLoading=false
[10:45:43.144] RENDER | msgs=2 rendered=1 isGenerating=true isAiLoading=false scrollPct=1.00
[10:45:43.188] CHUNK | len=1 isAiLoading=false
[10:45:43.188] RENDER | msgs=2 rendered=1 isGenerating=true isAiLoading=false scrollPct=1.00
[10:45:43.233] CHUNK | len=4 isAiLoading=false
[10:45:43.233] RENDER | msgs=2 rendered=1 isGenerating=true isAiLoading=false scrollPct=1.00
[10:45:43.281] CHUNK | len=3 isAiLoading=false
[10:45:43.281] RENDER | msgs=2 rendered=1 isGenerating=true isAiLoading=false scrollPct=1.00
[10:45:43.325] CHUNK | len=1 isAiLoading=false
[10:45:43.325] RENDER | msgs=2 rendered=1 isGenerating=true isAiLoading=false scrollPct=1.00
[10:45:43.370] CHUNK | len=5 isAiLoading=false
[10:45:43.370] RENDER | msgs=2 rendered=1 isGenerating=true isAiLoading=false scrollPct=1.00
[10:45:43.414] CHUNK | len=4 isAiLoading=false
[10:45:43.414] RENDER | msgs=2 rendered=1 isGenerating=true isAiLoading=false scrollPct=1.00
[10:45:43.459] CHUNK | len=6 isAiLoading=false
[10:45:43.459] RENDER | msgs=2 rendered=1 isGenerating=true isAiLoading=false scrollPct=1.00
[10:45:43.504] CHUNK | len=3 isAiLoading=false
[10:45:43.504] RENDER | msgs=2 rendered=1 isGenerating=true isAiLoading=false scrollPct=1.00
[10:45:43.548] CHUNK | len=4 isAiLoading=false
[10:45:43.548] RENDER | msgs=2 rendered=1 isGenerating=true isAiLoading=false scrollPct=1.00
[10:45:43.595] CHUNK | len=1 isAiLoading=false
[10:45:43.596] RENDER | msgs=2 rendered=1 isGenerating=true isAiLoading=false scrollPct=1.00
[10:45:43.649] CHUNK | len=0 isAiLoading=false
[10:45:43.649] RENDER | msgs=2 rendered=1 isGenerating=true isAiLoading=false scrollPct=1.00
[10:45:43.651] STREAM DONE | err=<nil> messages=2 renderedHistory=1
[10:45:43.651] CACHING AI MSG | msg_len=141
[10:45:43.651] AI MSG CACHED | messages=2 renderedHistory=2 aiHistory=2
[10:45:43.651] RENDER | msgs=2 rendered=2 isGenerating=false isAiLoading=false scrollPct=1.00
[10:46:17.093] KEY | key="i" isGenerating=false
[10:46:17.093] KEY:i | opening editor | prevMessage_len=141
[10:46:34.679] RESIZE | w=118 h=27
[10:46:34.680] REBUILD CACHE | rebuilding 2 messages
[10:46:34.682] REBUILD CACHE DONE | renderedHistory=2
[10:46:34.682] RENDER | msgs=2 rendered=2 isGenerating=false isAiLoading=false scrollPct=1.00
[10:46:34.684] EDITOR DONE | raw_len=54 trimmed_len=54
[10:46:34.684] EDITOR CONTENT PREVIEW | "Its going great actually. you wanna play 20 questions?"
[10:46:34.685] USER MSG CACHED | messages=3 renderedHistory=3
[10:46:34.685] RENDER | msgs=3 rendered=3 isGenerating=true isAiLoading=false scrollPct=1.00
[10:46:34.685] DISPATCHING startGenerationMsg
[10:46:34.702] GENERATION START | spinner on, stream starting
[10:46:34.707] RENDER | msgs=3 rendered=3 isGenerating=true isAiLoading=true scrollPct=1.00
[10:46:34.775] RENDER | msgs=3 rendered=3 isGenerating=true isAiLoading=true scrollPct=1.00
[10:46:34.807] RENDER | msgs=3 rendered=3 isGenerating=true isAiLoading=true scrollPct=1.00
[10:46:34.908] RENDER | msgs=3 rendered=3 isGenerating=true isAiLoading=true scrollPct=1.00
[10:46:35.010] RENDER | msgs=3 rendered=3 isGenerating=true isAiLoading=true scrollPct=1.00
[10:46:35.110] RENDER | msgs=3 rendered=3 isGenerating=true isAiLoading=true scrollPct=1.00
[10:46:35.200] CHUNK | len=4 isAiLoading=true
[10:46:35.200] CHUNK FIRST | spinner off, starting AI message
[10:46:35.200] RENDER | msgs=4 rendered=3 isGenerating=true isAiLoading=false scrollPct=1.00
[10:46:35.248] CHUNK | len=7 isAiLoading=false
[10:46:35.248] RENDER | msgs=4 rendered=3 isGenerating=true isAiLoading=false scrollPct=1.00
[10:46:35.293] CHUNK | len=4 isAiLoading=false
[10:46:35.293] RENDER | msgs=4 rendered=3 isGenerating=true isAiLoading=false scrollPct=1.00
[10:46:35.338] CHUNK | len=1 isAiLoading=false
[10:46:35.338] RENDER | msgs=4 rendered=3 isGenerating=true isAiLoading=false scrollPct=1.00
[10:46:35.385] CHUNK | len=2 isAiLoading=false
[10:46:35.385] RENDER | msgs=4 rendered=3 isGenerating=true isAiLoading=false scrollPct=1.00
[10:46:35.432] CHUNK | len=3 isAiLoading=false
[10:46:35.432] RENDER | msgs=4 rendered=3 isGenerating=true isAiLoading=false scrollPct=1.00
[10:46:35.478] CHUNK | len=1 isAiLoading=false
[10:46:35.478] RENDER | msgs=4 rendered=3 isGenerating=true isAiLoading=false scrollPct=1.00
[10:46:35.523] CHUNK | len=5 isAiLoading=false
[10:46:35.524] RENDER | msgs=4 rendered=3 isGenerating=true isAiLoading=false scrollPct=1.00
[10:46:35.570] CHUNK | len=3 isAiLoading=false
[10:46:35.570] RENDER | msgs=4 rendered=3 isGenerating=true isAiLoading=false scrollPct=1.00
[10:46:35.619] CHUNK | len=1 isAiLoading=false
[10:46:35.619] RENDER | msgs=4 rendered=3 isGenerating=true isAiLoading=false scrollPct=1.00
[10:46:35.668] CHUNK | len=4 isAiLoading=false
[10:46:35.668] RENDER | msgs=4 rendered=3 isGenerating=true isAiLoading=false scrollPct=1.00
[10:46:35.720] CHUNK | len=3 isAiLoading=false
[10:46:35.720] RENDER | msgs=4 rendered=3 isGenerating=true isAiLoading=false scrollPct=1.00
[10:46:35.766] CHUNK | len=1 isAiLoading=false
[10:46:35.766] RENDER | msgs=4 rendered=3 isGenerating=true isAiLoading=false scrollPct=1.00
[10:46:35.816] CHUNK | len=3 isAiLoading=false
[10:46:35.816] RENDER | msgs=4 rendered=3 isGenerating=true isAiLoading=false scrollPct=1.00
[10:46:35.860] CHUNK | len=3 isAiLoading=false
[10:46:35.860] RENDER | msgs=4 rendered=3 isGenerating=true isAiLoading=false scrollPct=1.00
[10:46:35.906] CHUNK | len=1 isAiLoading=false
[10:46:35.906] RENDER | msgs=4 rendered=3 isGenerating=true isAiLoading=false scrollPct=1.00
[10:46:35.950] CHUNK | len=5 isAiLoading=false
[10:46:35.950] RENDER | msgs=4 rendered=3 isGenerating=true isAiLoading=false scrollPct=1.00
[10:46:35.995] CHUNK | len=2 isAiLoading=false
[10:46:35.995] RENDER | msgs=4 rendered=3 isGenerating=true isAiLoading=false scrollPct=1.00
[10:46:36.038] CHUNK | len=4 isAiLoading=false
[10:46:36.038] RENDER | msgs=4 rendered=3 isGenerating=true isAiLoading=false scrollPct=1.00
[10:46:36.086] CHUNK | len=1 isAiLoading=false
[10:46:36.086] RENDER | msgs=4 rendered=3 isGenerating=true isAiLoading=false scrollPct=1.00
[10:46:36.132] CHUNK | len=2 isAiLoading=false
[10:46:36.132] RENDER | msgs=4 rendered=3 isGenerating=true isAiLoading=false scrollPct=1.00
[10:46:36.181] CHUNK | len=3 isAiLoading=false
[10:46:36.181] RENDER | msgs=4 rendered=3 isGenerating=true isAiLoading=false scrollPct=1.00
[10:46:36.227] CHUNK | len=2 isAiLoading=false
[10:46:36.227] RENDER | msgs=4 rendered=3 isGenerating=true isAiLoading=false scrollPct=1.00
[10:46:36.274] CHUNK | len=6 isAiLoading=false
[10:46:36.274] RENDER | msgs=4 rendered=3 isGenerating=true isAiLoading=false scrollPct=1.00
[10:46:36.327] CHUNK | len=1 isAiLoading=false
[10:46:36.327] RENDER | msgs=4 rendered=3 isGenerating=true isAiLoading=false scrollPct=1.00
[10:46:36.374] CHUNK | len=3 isAiLoading=false
[10:46:36.374] RENDER | msgs=4 rendered=3 isGenerating=true isAiLoading=false scrollPct=1.00
[10:46:36.419] CHUNK | len=1 isAiLoading=false
[10:46:36.419] RENDER | msgs=4 rendered=3 isGenerating=true isAiLoading=false scrollPct=1.00
[10:46:36.466] CHUNK | len=3 isAiLoading=false
[10:46:36.466] RENDER | msgs=4 rendered=3 isGenerating=true isAiLoading=false scrollPct=1.00
[10:46:36.513] CHUNK | len=1 isAiLoading=false
[10:46:36.513] RENDER | msgs=4 rendered=3 isGenerating=true isAiLoading=false scrollPct=1.00
[10:46:36.558] CHUNK | len=9 isAiLoading=false
[10:46:36.558] RENDER | msgs=4 rendered=3 isGenerating=true isAiLoading=false scrollPct=1.00
[10:46:36.606] CHUNK | len=3 isAiLoading=false
[10:46:36.606] RENDER | msgs=4 rendered=3 isGenerating=true isAiLoading=false scrollPct=1.00
[10:46:36.651] CHUNK | len=10 isAiLoading=false
[10:46:36.651] RENDER | msgs=4 rendered=3 isGenerating=true isAiLoading=false scrollPct=1.00
[10:46:36.704] CHUNK | len=5 isAiLoading=false
[10:46:36.704] RENDER | msgs=4 rendered=3 isGenerating=true isAiLoading=false scrollPct=1.00
[10:46:36.750] CHUNK | len=7 isAiLoading=false
[10:46:36.750] RENDER | msgs=4 rendered=3 isGenerating=true isAiLoading=false scrollPct=1.00
[10:46:36.800] CHUNK | len=5 isAiLoading=false
[10:46:36.800] RENDER | msgs=4 rendered=3 isGenerating=true isAiLoading=false scrollPct=1.00
[10:46:36.845] CHUNK | len=4 isAiLoading=false
[10:46:36.845] RENDER | msgs=4 rendered=3 isGenerating=true isAiLoading=false scrollPct=1.00
[10:46:36.891] CHUNK | len=7 isAiLoading=false
[10:46:36.891] RENDER | msgs=4 rendered=3 isGenerating=true isAiLoading=false scrollPct=1.00
[10:46:36.952] CHUNK | len=4 isAiLoading=false
[10:46:36.952] RENDER | msgs=4 rendered=3 isGenerating=true isAiLoading=false scrollPct=1.00
[10:46:37.000] CHUNK | len=1 isAiLoading=false
[10:46:37.000] RENDER | msgs=4 rendered=3 isGenerating=true isAiLoading=false scrollPct=1.00
[10:46:37.045] CHUNK | len=4 isAiLoading=false
[10:46:37.045] RENDER | msgs=4 rendered=3 isGenerating=true isAiLoading=false scrollPct=1.00
[10:46:37.093] CHUNK | len=2 isAiLoading=false
[10:46:37.093] RENDER | msgs=4 rendered=3 isGenerating=true isAiLoading=false scrollPct=1.00
[10:46:37.139] CHUNK | len=1 isAiLoading=false
[10:46:37.140] RENDER | msgs=4 rendered=3 isGenerating=true isAiLoading=false scrollPct=1.00
[10:46:37.183] CHUNK | len=2 isAiLoading=false
[10:46:37.183] RENDER | msgs=4 rendered=3 isGenerating=true isAiLoading=false scrollPct=1.00
[10:46:37.226] STREAM DONE | err=<nil> messages=4 renderedHistory=3
[10:46:37.226] CACHING AI MSG | msg_len=152
[10:46:37.227] AI MSG CACHED | messages=4 renderedHistory=4 aiHistory=4
[10:46:37.227] RENDER | msgs=4 rendered=4 isGenerating=false isAiLoading=false scrollPct=1.00
[10:46:37.229] CHUNK | len=0 isAiLoading=false
[10:46:37.229] RENDER | msgs=4 rendered=4 isGenerating=false isAiLoading=false scrollPct=1.00
[10:46:51.667] KEY | key="i" isGenerating=false
[10:46:51.668] KEY:i | opening editor | prevMessage_len=152
[10:47:03.155] RESIZE | w=118 h=27
[10:47:03.155] REBUILD CACHE | rebuilding 4 messages
[10:47:03.160] REBUILD CACHE DONE | renderedHistory=4
[10:47:03.160] RENDER | msgs=4 rendered=4 isGenerating=false isAiLoading=false scrollPct=1.00
[10:47:03.166] EDITOR DONE | raw_len=42 trimmed_len=42
[10:47:03.166] EDITOR CONTENT PREVIEW | "okay is the object something you can hold?"
[10:47:03.167] USER MSG CACHED | messages=5 renderedHistory=5
[10:47:03.167] RENDER | msgs=5 rendered=5 isGenerating=true isAiLoading=false scrollPct=1.00
[10:47:03.167] DISPATCHING startGenerationMsg
[10:47:03.183] GENERATION START | spinner on, stream starting
[10:47:03.191] RENDER | msgs=5 rendered=5 isGenerating=true isAiLoading=true scrollPct=1.00
[10:47:03.249] RENDER | msgs=5 rendered=5 isGenerating=true isAiLoading=true scrollPct=1.00
[10:47:03.292] RENDER | msgs=5 rendered=5 isGenerating=true isAiLoading=true scrollPct=1.00
[10:47:03.393] RENDER | msgs=5 rendered=5 isGenerating=true isAiLoading=true scrollPct=1.00
[10:47:03.493] RENDER | msgs=5 rendered=5 isGenerating=true isAiLoading=true scrollPct=1.00
[10:47:03.593] RENDER | msgs=5 rendered=5 isGenerating=true isAiLoading=true scrollPct=1.00
[10:47:03.640] CHUNK | len=3 isAiLoading=true
[10:47:03.640] CHUNK FIRST | spinner off, starting AI message
[10:47:03.640] RENDER | msgs=6 rendered=5 isGenerating=true isAiLoading=false scrollPct=1.00
[10:47:03.688] CHUNK | len=1 isAiLoading=false
[10:47:03.688] RENDER | msgs=6 rendered=5 isGenerating=true isAiLoading=false scrollPct=1.00
[10:47:03.738] CHUNK | len=3 isAiLoading=false
[10:47:03.738] RENDER | msgs=6 rendered=5 isGenerating=true isAiLoading=false scrollPct=1.00
[10:47:03.787] CHUNK | len=3 isAiLoading=false
[10:47:03.787] RENDER | msgs=6 rendered=5 isGenerating=true isAiLoading=false scrollPct=1.00
[10:47:03.838] CHUNK | len=1 isAiLoading=false
[10:47:03.838] RENDER | msgs=6 rendered=5 isGenerating=true isAiLoading=false scrollPct=1.00
[10:47:03.897] CHUNK | len=2 isAiLoading=false
[10:47:03.897] RENDER | msgs=6 rendered=5 isGenerating=true isAiLoading=false scrollPct=1.00
[10:47:03.940] CHUNK | len=3 isAiLoading=false
[10:47:03.940] RENDER | msgs=6 rendered=5 isGenerating=true isAiLoading=false scrollPct=1.00
[10:47:03.986] CHUNK | len=5 isAiLoading=false
[10:47:03.986] RENDER | msgs=6 rendered=5 isGenerating=true isAiLoading=false scrollPct=1.00
[10:47:04.032] CHUNK | len=3 isAiLoading=false
[10:47:04.032] RENDER | msgs=6 rendered=5 isGenerating=true isAiLoading=false scrollPct=1.00
[10:47:04.079] CHUNK | len=1 isAiLoading=false
[10:47:04.079] RENDER | msgs=6 rendered=5 isGenerating=true isAiLoading=false scrollPct=1.00
[10:47:04.121] CHUNK | len=2 isAiLoading=false
[10:47:04.121] RENDER | msgs=6 rendered=5 isGenerating=true isAiLoading=false scrollPct=1.00
[10:47:04.165] CHUNK | len=2 isAiLoading=false
[10:47:04.165] RENDER | msgs=6 rendered=5 isGenerating=true isAiLoading=false scrollPct=1.00
[10:47:04.212] CHUNK | len=3 isAiLoading=false
[10:47:04.212] RENDER | msgs=6 rendered=5 isGenerating=true isAiLoading=false scrollPct=1.00
[10:47:04.260] CHUNK | len=2 isAiLoading=false
[10:47:04.260] RENDER | msgs=6 rendered=5 isGenerating=true isAiLoading=false scrollPct=1.00
[10:47:04.307] CHUNK | len=5 isAiLoading=false
[10:47:04.307] RENDER | msgs=6 rendered=5 isGenerating=true isAiLoading=false scrollPct=1.00
[10:47:04.352] CHUNK | len=1 isAiLoading=false
[10:47:04.352] RENDER | msgs=6 rendered=5 isGenerating=true isAiLoading=false scrollPct=1.00
[10:47:04.402] STREAM DONE | err=<nil> messages=6 renderedHistory=5
[10:47:04.402] CACHING AI MSG | msg_len=48
[10:47:04.403] AI MSG CACHED | messages=6 renderedHistory=6 aiHistory=6
[10:47:04.403] RENDER | msgs=6 rendered=6 isGenerating=false isAiLoading=false scrollPct=1.00
[10:47:04.406] CHUNK | len=0 isAiLoading=false
[10:47:04.406] RENDER | msgs=6 rendered=6 isGenerating=false isAiLoading=false scrollPct=1.00
[10:47:06.620] KEY | key="i" isGenerating=false
[10:47:06.620] KEY:i | opening editor | prevMessage_len=48
[10:47:35.293] RESIZE | w=118 h=27
[10:47:35.293] REBUILD CACHE | rebuilding 6 messages
[10:47:35.297] REBUILD CACHE DONE | renderedHistory=6
[10:47:35.297] RENDER | msgs=6 rendered=6 isGenerating=false isAiLoading=false scrollPct=1.00
[10:47:35.302] EDITOR DONE | raw_len=109 trimmed_len=109
[10:47:35.302] EDITOR CONTENT PREVIEW | "TF bro its a game 20 questions is I keep asking you questions and you gotta give..."
[10:47:35.302] USER MSG CACHED | messages=7 renderedHistory=7
[10:47:35.302] RENDER | msgs=7 rendered=7 isGenerating=true isAiLoading=false scrollPct=1.00
[10:47:35.302] DISPATCHING startGenerationMsg
[10:47:35.319] GENERATION START | spinner on, stream starting
[10:47:35.328] RENDER | msgs=7 rendered=7 isGenerating=true isAiLoading=true scrollPct=1.00
[10:47:35.389] RENDER | msgs=7 rendered=7 isGenerating=true isAiLoading=true scrollPct=1.00
[10:47:35.428] RENDER | msgs=7 rendered=7 isGenerating=true isAiLoading=true scrollPct=1.00
[10:47:35.528] RENDER | msgs=7 rendered=7 isGenerating=true isAiLoading=true scrollPct=1.00
[10:47:35.628] RENDER | msgs=7 rendered=7 isGenerating=true isAiLoading=true scrollPct=1.00
[10:47:35.729] RENDER | msgs=7 rendered=7 isGenerating=true isAiLoading=true scrollPct=1.00
[10:47:35.830] RENDER | msgs=7 rendered=7 isGenerating=true isAiLoading=true scrollPct=1.00
[10:47:35.931] RENDER | msgs=7 rendered=7 isGenerating=true isAiLoading=true scrollPct=1.00
[10:47:35.974] CHUNK | len=7 isAiLoading=true
[10:47:35.974] CHUNK FIRST | spinner off, starting AI message
[10:47:35.974] RENDER | msgs=8 rendered=7 isGenerating=true isAiLoading=false scrollPct=1.00
[10:47:36.022] CHUNK | len=1 isAiLoading=false
[10:47:36.022] RENDER | msgs=8 rendered=7 isGenerating=true isAiLoading=false scrollPct=1.00
[10:47:36.074] CHUNK | len=8 isAiLoading=false
[10:47:36.074] RENDER | msgs=8 rendered=7 isGenerating=true isAiLoading=false scrollPct=1.00
[10:47:36.122] CHUNK | len=1 isAiLoading=false
[10:47:36.122] RENDER | msgs=8 rendered=7 isGenerating=true isAiLoading=false scrollPct=1.00
[10:47:36.169] CHUNK | len=4 isAiLoading=false
[10:47:36.169] RENDER | msgs=8 rendered=7 isGenerating=true isAiLoading=false scrollPct=1.00
[10:47:36.215] CHUNK | len=3 isAiLoading=false
[10:47:36.215] RENDER | msgs=8 rendered=7 isGenerating=true isAiLoading=false scrollPct=1.00
[10:47:36.266] CHUNK | len=1 isAiLoading=false
[10:47:36.266] RENDER | msgs=8 rendered=7 isGenerating=true isAiLoading=false scrollPct=1.00
[10:47:36.312] CHUNK | len=3 isAiLoading=false
[10:47:36.312] RENDER | msgs=8 rendered=7 isGenerating=true isAiLoading=false scrollPct=1.00
[10:47:36.358] CHUNK | len=3 isAiLoading=false
[10:47:36.358] RENDER | msgs=8 rendered=7 isGenerating=true isAiLoading=false scrollPct=1.00
[10:47:36.406] CHUNK | len=1 isAiLoading=false
[10:47:36.406] RENDER | msgs=8 rendered=7 isGenerating=true isAiLoading=false scrollPct=1.00
[10:47:36.455] CHUNK | len=1 isAiLoading=false
[10:47:36.455] RENDER | msgs=8 rendered=7 isGenerating=true isAiLoading=false scrollPct=1.00
[10:47:36.498] CHUNK | len=2 isAiLoading=false
[10:47:36.498] RENDER | msgs=8 rendered=7 isGenerating=true isAiLoading=false scrollPct=1.00
[10:47:36.540] CHUNK | len=2 isAiLoading=false
[10:47:36.540] RENDER | msgs=8 rendered=7 isGenerating=true isAiLoading=false scrollPct=1.00
[10:47:36.587] CHUNK | len=2 isAiLoading=false
[10:47:36.587] RENDER | msgs=8 rendered=7 isGenerating=true isAiLoading=false scrollPct=1.00
[10:47:36.634] CHUNK | len=4 isAiLoading=false
[10:47:36.634] RENDER | msgs=8 rendered=7 isGenerating=true isAiLoading=false scrollPct=1.00
[10:47:36.699] CHUNK | len=7 isAiLoading=false
[10:47:36.699] RENDER | msgs=8 rendered=7 isGenerating=true isAiLoading=false scrollPct=1.00
[10:47:36.751] CHUNK | len=2 isAiLoading=false
[10:47:36.751] RENDER | msgs=8 rendered=7 isGenerating=true isAiLoading=false scrollPct=1.00
[10:47:36.800] CHUNK | len=6 isAiLoading=false
[10:47:36.800] RENDER | msgs=8 rendered=7 isGenerating=true isAiLoading=false scrollPct=1.00
[10:47:36.848] CHUNK | len=1 isAiLoading=false
[10:47:36.848] RENDER | msgs=8 rendered=7 isGenerating=true isAiLoading=false scrollPct=1.00
[10:47:36.895] CHUNK | len=2 isAiLoading=false
[10:47:36.895] RENDER | msgs=8 rendered=7 isGenerating=true isAiLoading=false scrollPct=1.00
[10:47:36.945] STREAM DONE | err=<nil> messages=8 renderedHistory=7
[10:47:36.945] CACHING AI MSG | msg_len=69
[10:47:36.946] AI MSG CACHED | messages=8 renderedHistory=8 aiHistory=8
[10:47:36.946] RENDER | msgs=8 rendered=8 isGenerating=false isAiLoading=false scrollPct=1.00
[10:47:36.951] CHUNK | len=0 isAiLoading=false
[10:47:36.951] RENDER | msgs=8 rendered=8 isGenerating=false isAiLoading=false scrollPct=1.00
[10:47:41.307] KEY | key="i" isGenerating=false
[10:47:41.307] KEY:i | opening editor | prevMessage_len=69
[10:47:43.910] RESIZE | w=118 h=27
[10:47:43.910] REBUILD CACHE | rebuilding 8 messages
[10:47:43.917] REBUILD CACHE DONE | renderedHistory=8
[10:47:43.917] RENDER | msgs=8 rendered=8 isGenerating=false isAiLoading=false scrollPct=1.00
[10:47:43.927] EDITOR DONE | raw_len=2 trimmed_len=2
[10:47:43.927] EDITOR CONTENT PREVIEW | "no"
[10:47:43.929] USER MSG CACHED | messages=9 renderedHistory=9
[10:47:43.929] RENDER | msgs=9 rendered=9 isGenerating=true isAiLoading=false scrollPct=1.00
[10:47:43.929] DISPATCHING startGenerationMsg
[10:47:43.945] GENERATION START | spinner on, stream starting
[10:47:43.957] RENDER | msgs=9 rendered=9 isGenerating=true isAiLoading=true scrollPct=1.00
[10:47:44.001] RENDER | msgs=9 rendered=9 isGenerating=true isAiLoading=true scrollPct=1.00
[10:47:44.057] RENDER | msgs=9 rendered=9 isGenerating=true isAiLoading=true scrollPct=1.00
[10:47:44.157] RENDER | msgs=9 rendered=9 isGenerating=true isAiLoading=true scrollPct=1.00
[10:47:44.258] RENDER | msgs=9 rendered=9 isGenerating=true isAiLoading=true scrollPct=1.00
[10:47:44.325] CHUNK | len=4 isAiLoading=true
[10:47:44.325] CHUNK FIRST | spinner off, starting AI message
[10:47:44.325] RENDER | msgs=10 rendered=9 isGenerating=true isAiLoading=false scrollPct=1.00
[10:47:44.376] CHUNK | len=1 isAiLoading=false
[10:47:44.376] RENDER | msgs=10 rendered=9 isGenerating=true isAiLoading=false scrollPct=1.00
[10:47:44.424] CHUNK | len=5 isAiLoading=false
[10:47:44.424] RENDER | msgs=10 rendered=9 isGenerating=true isAiLoading=false scrollPct=1.00
[10:47:44.470] CHUNK | len=1 isAiLoading=false
[10:47:44.470] RENDER | msgs=10 rendered=9 isGenerating=true isAiLoading=false scrollPct=1.00
[10:47:44.518] CHUNK | len=2 isAiLoading=false
[10:47:44.518] RENDER | msgs=10 rendered=9 isGenerating=true isAiLoading=false scrollPct=1.00
[10:47:44.564] CHUNK | len=2 isAiLoading=false
[10:47:44.564] RENDER | msgs=10 rendered=9 isGenerating=true isAiLoading=false scrollPct=1.00
[10:47:44.624] CHUNK | len=2 isAiLoading=false
[10:47:44.624] RENDER | msgs=10 rendered=9 isGenerating=true isAiLoading=false scrollPct=1.00
[10:47:44.671] CHUNK | len=2 isAiLoading=false
[10:47:44.671] RENDER | msgs=10 rendered=9 isGenerating=true isAiLoading=false scrollPct=1.00
[10:47:44.717] CHUNK | len=4 isAiLoading=false
[10:47:44.717] RENDER | msgs=10 rendered=9 isGenerating=true isAiLoading=false scrollPct=1.00
[10:47:44.773] CHUNK | len=7 isAiLoading=false
[10:47:44.773] RENDER | msgs=10 rendered=9 isGenerating=true isAiLoading=false scrollPct=1.00
[10:47:44.819] CHUNK | len=10 isAiLoading=false
[10:47:44.819] RENDER | msgs=10 rendered=9 isGenerating=true isAiLoading=false scrollPct=1.00
[10:47:44.869] CHUNK | len=4 isAiLoading=false
[10:47:44.869] RENDER | msgs=10 rendered=9 isGenerating=true isAiLoading=false scrollPct=1.00
[10:47:44.915] CHUNK | len=4 isAiLoading=false
[10:47:44.915] RENDER | msgs=10 rendered=9 isGenerating=true isAiLoading=false scrollPct=1.00
[10:47:44.966] CHUNK | len=3 isAiLoading=false
[10:47:44.966] RENDER | msgs=10 rendered=9 isGenerating=true isAiLoading=false scrollPct=1.00
[10:47:45.011] CHUNK | len=8 isAiLoading=false
[10:47:45.011] RENDER | msgs=10 rendered=9 isGenerating=true isAiLoading=false scrollPct=1.00
[10:47:45.057] CHUNK | len=1 isAiLoading=false
[10:47:45.057] RENDER | msgs=10 rendered=9 isGenerating=true isAiLoading=false scrollPct=1.00
[10:47:45.104] CHUNK | len=2 isAiLoading=false
[10:47:45.105] RENDER | msgs=10 rendered=9 isGenerating=true isAiLoading=false scrollPct=1.00
[10:47:45.154] STREAM DONE | err=<nil> messages=10 renderedHistory=9
[10:47:45.154] CACHING AI MSG | msg_len=70
[10:47:45.155] AI MSG CACHED | messages=10 renderedHistory=10 aiHistory=10
[10:47:45.155] RENDER | msgs=10 rendered=10 isGenerating=false isAiLoading=false scrollPct=1.00
[10:47:45.160] CHUNK | len=0 isAiLoading=false
[10:47:45.160] RENDER | msgs=10 rendered=10 isGenerating=false isAiLoading=false scrollPct=1.00
[10:47:54.797] KEY | key="i" isGenerating=false
[10:47:54.797] KEY:i | opening editor | prevMessage_len=70
[10:48:10.558] RESIZE | w=118 h=27
[10:48:10.558] REBUILD CACHE | rebuilding 10 messages
[10:48:10.565] REBUILD CACHE DONE | renderedHistory=10
[10:48:10.565] RENDER | msgs=10 rendered=10 isGenerating=false isAiLoading=false scrollPct=1.00
[10:48:10.576] EDITOR DONE | raw_len=43 trimmed_len=43
[10:48:10.576] EDITOR CONTENT PREVIEW | "yes but it is not conventionally painted on"
[10:48:10.576] USER MSG CACHED | messages=11 renderedHistory=11
[10:48:10.576] RENDER | msgs=11 rendered=11 isGenerating=true isAiLoading=false scrollPct=1.00
[10:48:10.577] DISPATCHING startGenerationMsg
[10:48:10.593] GENERATION START | spinner on, stream starting
[10:48:10.605] RENDER | msgs=11 rendered=11 isGenerating=true isAiLoading=true scrollPct=1.00
[10:48:10.647] RENDER | msgs=11 rendered=11 isGenerating=true isAiLoading=true scrollPct=0.00
[10:48:10.705] RENDER | msgs=11 rendered=11 isGenerating=true isAiLoading=true scrollPct=0.00
[10:48:10.806] RENDER | msgs=11 rendered=11 isGenerating=true isAiLoading=true scrollPct=0.00
[10:48:10.906] RENDER | msgs=11 rendered=11 isGenerating=true isAiLoading=true scrollPct=0.00
[10:48:11.007] RENDER | msgs=11 rendered=11 isGenerating=true isAiLoading=true scrollPct=0.00
[10:48:11.070] CHUNK | len=4 isAiLoading=true
[10:48:11.070] CHUNK FIRST | spinner off, starting AI message
[10:48:11.070] RENDER | msgs=12 rendered=11 isGenerating=true isAiLoading=false scrollPct=0.00
[10:48:11.121] CHUNK | len=3 isAiLoading=false
[10:48:11.121] RENDER | msgs=12 rendered=11 isGenerating=true isAiLoading=false scrollPct=0.00
[10:48:11.169] CHUNK | len=1 isAiLoading=false
[10:48:11.169] RENDER | msgs=12 rendered=11 isGenerating=true isAiLoading=false scrollPct=0.00
[10:48:11.218] CHUNK | len=2 isAiLoading=false
[10:48:11.218] RENDER | msgs=12 rendered=11 isGenerating=true isAiLoading=false scrollPct=0.00
[10:48:11.270] CHUNK | len=5 isAiLoading=false
[10:48:11.270] RENDER | msgs=12 rendered=11 isGenerating=true isAiLoading=false scrollPct=0.00
[10:48:11.319] CHUNK | len=4 isAiLoading=false
[10:48:11.319] RENDER | msgs=12 rendered=11 isGenerating=true isAiLoading=false scrollPct=0.00
[10:48:11.371] CHUNK | len=1 isAiLoading=false
[10:48:11.371] RENDER | msgs=12 rendered=11 isGenerating=true isAiLoading=false scrollPct=0.00
[10:48:11.420] CHUNK | len=2 isAiLoading=false
[10:48:11.420] RENDER | msgs=12 rendered=11 isGenerating=true isAiLoading=false scrollPct=0.00
[10:48:11.463] CHUNK | len=2 isAiLoading=false
[10:48:11.463] RENDER | msgs=12 rendered=11 isGenerating=true isAiLoading=false scrollPct=0.00
[10:48:11.509] CHUNK | len=3 isAiLoading=false
[10:48:11.509] RENDER | msgs=12 rendered=11 isGenerating=true isAiLoading=false scrollPct=0.00
[10:48:11.557] CHUNK | len=1 isAiLoading=false
[10:48:11.557] RENDER | msgs=12 rendered=11 isGenerating=true isAiLoading=false scrollPct=0.00
[10:48:11.605] CHUNK | len=3 isAiLoading=false
[10:48:11.605] RENDER | msgs=12 rendered=11 isGenerating=true isAiLoading=false scrollPct=0.00
[10:48:11.656] CHUNK | len=3 isAiLoading=false
[10:48:11.656] RENDER | msgs=12 rendered=11 isGenerating=true isAiLoading=false scrollPct=0.00
[10:48:11.710] CHUNK | len=1 isAiLoading=false
[10:48:11.710] RENDER | msgs=12 rendered=11 isGenerating=true isAiLoading=false scrollPct=0.00
[10:48:11.758] CHUNK | len=9 isAiLoading=false
[10:48:11.758] RENDER | msgs=12 rendered=11 isGenerating=true isAiLoading=false scrollPct=0.00
[10:48:11.807] CHUNK | len=1 isAiLoading=false
[10:48:11.807] RENDER | msgs=12 rendered=11 isGenerating=true isAiLoading=false scrollPct=0.00
[10:48:11.855] CHUNK | len=2 isAiLoading=false
[10:48:11.855] RENDER | msgs=12 rendered=11 isGenerating=true isAiLoading=false scrollPct=0.00
[10:48:11.903] STREAM DONE | err=<nil> messages=12 renderedHistory=11
[10:48:11.903] CACHING AI MSG | msg_len=55
[10:48:11.903] AI MSG CACHED | messages=12 renderedHistory=12 aiHistory=12
[10:48:11.903] RENDER | msgs=12 rendered=12 isGenerating=false isAiLoading=false scrollPct=0.00
[10:48:11.910] CHUNK | len=0 isAiLoading=false
[10:48:11.910] RENDER | msgs=12 rendered=12 isGenerating=false isAiLoading=false scrollPct=1.00
[10:48:13.500] KEY | key="i" isGenerating=false
[10:48:13.501] KEY:i | opening editor | prevMessage_len=55
[10:48:16.974] RESIZE | w=118 h=27
[10:48:16.974] REBUILD CACHE | rebuilding 12 messages
[10:48:16.979] REBUILD CACHE DONE | renderedHistory=12
[10:48:16.979] RENDER | msgs=12 rendered=12 isGenerating=false isAiLoading=false scrollPct=1.00
[10:48:16.985] EDITOR DONE | raw_len=2 trimmed_len=2
[10:48:16.985] EDITOR CONTENT PREVIEW | "no"
[10:48:16.985] USER MSG CACHED | messages=13 renderedHistory=13
[10:48:16.985] RENDER | msgs=13 rendered=13 isGenerating=true isAiLoading=false scrollPct=1.00
[10:48:16.985] DISPATCHING startGenerationMsg
[10:48:17.002] GENERATION START | spinner on, stream starting
[10:48:17.013] RENDER | msgs=13 rendered=13 isGenerating=true isAiLoading=true scrollPct=1.00
[10:48:17.066] RENDER | msgs=13 rendered=13 isGenerating=true isAiLoading=true scrollPct=0.67
[10:48:17.114] RENDER | msgs=13 rendered=13 isGenerating=true isAiLoading=true scrollPct=0.67
[10:48:17.214] RENDER | msgs=13 rendered=13 isGenerating=true isAiLoading=true scrollPct=0.67
[10:48:17.315] RENDER | msgs=13 rendered=13 isGenerating=true isAiLoading=true scrollPct=0.67
[10:48:17.388] CHUNK | len=4 isAiLoading=true
[10:48:17.388] CHUNK FIRST | spinner off, starting AI message
[10:48:17.388] RENDER | msgs=14 rendered=13 isGenerating=true isAiLoading=false scrollPct=0.67
[10:48:17.436] CHUNK | len=1 isAiLoading=false
[10:48:17.436] RENDER | msgs=14 rendered=13 isGenerating=true isAiLoading=false scrollPct=0.67
[10:48:17.485] CHUNK | len=4 isAiLoading=false
[10:48:17.486] RENDER | msgs=14 rendered=13 isGenerating=true isAiLoading=false scrollPct=0.67
[10:48:17.537] CHUNK | len=1 isAiLoading=false
[10:48:17.537] RENDER | msgs=14 rendered=13 isGenerating=true isAiLoading=false scrollPct=0.67
[10:48:17.586] CHUNK | len=1 isAiLoading=false
[10:48:17.586] RENDER | msgs=14 rendered=13 isGenerating=true isAiLoading=false scrollPct=0.67
[10:48:17.633] CHUNK | len=4 isAiLoading=false
[10:48:17.633] RENDER | msgs=14 rendered=13 isGenerating=true isAiLoading=false scrollPct=0.67
[10:48:17.679] CHUNK | len=6 isAiLoading=false
[10:48:17.679] RENDER | msgs=14 rendered=13 isGenerating=true isAiLoading=false scrollPct=0.67
[10:48:17.728] CHUNK | len=1 isAiLoading=false
[10:48:17.728] RENDER | msgs=14 rendered=13 isGenerating=true isAiLoading=false scrollPct=0.67
[10:48:17.778] CHUNK | len=1 isAiLoading=false
[10:48:17.778] RENDER | msgs=14 rendered=13 isGenerating=true isAiLoading=false scrollPct=0.67
[10:48:17.827] CHUNK | len=2 isAiLoading=false
[10:48:17.827] RENDER | msgs=14 rendered=13 isGenerating=true isAiLoading=false scrollPct=0.67
[10:48:17.879] CHUNK | len=2 isAiLoading=false
[10:48:17.879] RENDER | msgs=14 rendered=13 isGenerating=true isAiLoading=false scrollPct=0.67
[10:48:17.924] CHUNK | len=2 isAiLoading=false
[10:48:17.924] RENDER | msgs=14 rendered=13 isGenerating=true isAiLoading=false scrollPct=0.40
[10:48:17.966] CHUNK | len=4 isAiLoading=false
[10:48:17.966] RENDER | msgs=14 rendered=13 isGenerating=true isAiLoading=false scrollPct=0.40
[10:48:18.009] CHUNK | len=7 isAiLoading=false
[10:48:18.009] RENDER | msgs=14 rendered=13 isGenerating=true isAiLoading=false scrollPct=0.40
[10:48:18.052] CHUNK | len=6 isAiLoading=false
[10:48:18.052] RENDER | msgs=14 rendered=13 isGenerating=true isAiLoading=false scrollPct=0.40
[10:48:18.094] CHUNK | len=3 isAiLoading=false
[10:48:18.094] RENDER | msgs=14 rendered=13 isGenerating=true isAiLoading=false scrollPct=0.40
[10:48:18.141] CHUNK | len=4 isAiLoading=false
[10:48:18.141] RENDER | msgs=14 rendered=13 isGenerating=true isAiLoading=false scrollPct=0.40
[10:48:18.198] CHUNK | len=6 isAiLoading=false
[10:48:18.198] RENDER | msgs=14 rendered=13 isGenerating=true isAiLoading=false scrollPct=0.40
[10:48:18.243] CHUNK | len=1 isAiLoading=false
[10:48:18.243] RENDER | msgs=14 rendered=13 isGenerating=true isAiLoading=false scrollPct=0.40
[10:48:18.286] CHUNK | len=2 isAiLoading=false
[10:48:18.286] RENDER | msgs=14 rendered=13 isGenerating=true isAiLoading=false scrollPct=0.40
[10:48:18.329] CHUNK | len=0 isAiLoading=false
[10:48:18.329] RENDER | msgs=14 rendered=13 isGenerating=true isAiLoading=false scrollPct=0.40
[10:48:18.337] STREAM DONE | err=<nil> messages=14 renderedHistory=13
[10:48:18.337] CACHING AI MSG | msg_len=70
[10:48:18.338] AI MSG CACHED | messages=14 renderedHistory=14 aiHistory=14
[10:48:18.338] RENDER | msgs=14 rendered=14 isGenerating=false isAiLoading=false scrollPct=0.40
[10:48:19.550] KEY | key="i" isGenerating=false
[10:48:19.550] KEY:i | opening editor | prevMessage_len=70
[10:48:22.054] RESIZE | w=118 h=27
[10:48:22.054] REBUILD CACHE | rebuilding 14 messages
[10:48:22.060] REBUILD CACHE DONE | renderedHistory=14
[10:48:22.060] RENDER | msgs=14 rendered=14 isGenerating=false isAiLoading=false scrollPct=1.00
[10:48:22.068] EDITOR DONE | raw_len=2 trimmed_len=2
[10:48:22.068] EDITOR CONTENT PREVIEW | "no"
[10:48:22.069] USER MSG CACHED | messages=15 renderedHistory=15
[10:48:22.070] RENDER | msgs=15 rendered=15 isGenerating=true isAiLoading=false scrollPct=1.00
[10:48:22.070] DISPATCHING startGenerationMsg
[10:48:22.086] GENERATION START | spinner on, stream starting
[10:48:22.103] RENDER | msgs=15 rendered=15 isGenerating=true isAiLoading=true scrollPct=1.00
[10:48:22.142] RENDER | msgs=15 rendered=15 isGenerating=true isAiLoading=true scrollPct=0.86
[10:48:22.203] RENDER | msgs=15 rendered=15 isGenerating=true isAiLoading=true scrollPct=0.86
[10:48:22.304] RENDER | msgs=15 rendered=15 isGenerating=true isAiLoading=true scrollPct=0.86
[10:48:22.404] RENDER | msgs=15 rendered=15 isGenerating=true isAiLoading=true scrollPct=0.86
[10:48:22.493] CHUNK | len=7 isAiLoading=true
[10:48:22.493] CHUNK FIRST | spinner off, starting AI message
[10:48:22.493] RENDER | msgs=16 rendered=15 isGenerating=true isAiLoading=false scrollPct=0.86
[10:48:22.543] CHUNK | len=1 isAiLoading=false
[10:48:22.543] RENDER | msgs=16 rendered=15 isGenerating=true isAiLoading=false scrollPct=0.86
[10:48:22.596] CHUNK | len=4 isAiLoading=false
[10:48:22.596] RENDER | msgs=16 rendered=15 isGenerating=true isAiLoading=false scrollPct=0.86
[10:48:22.643] CHUNK | len=3 isAiLoading=false
[10:48:22.643] RENDER | msgs=16 rendered=15 isGenerating=true isAiLoading=false scrollPct=0.86
[10:48:22.689] CHUNK | len=1 isAiLoading=false
[10:48:22.689] RENDER | msgs=16 rendered=15 isGenerating=true isAiLoading=false scrollPct=0.86
[10:48:22.741] CHUNK | len=5 isAiLoading=false
[10:48:22.741] RENDER | msgs=16 rendered=15 isGenerating=true isAiLoading=false scrollPct=0.86
[10:48:22.789] CHUNK | len=3 isAiLoading=false
[10:48:22.789] RENDER | msgs=16 rendered=15 isGenerating=true isAiLoading=false scrollPct=0.86
[10:48:22.845] CHUNK | len=1 isAiLoading=false
[10:48:22.846] RENDER | msgs=16 rendered=15 isGenerating=true isAiLoading=false scrollPct=0.86
[10:48:22.892] CHUNK | len=1 isAiLoading=false
[10:48:22.892] RENDER | msgs=16 rendered=15 isGenerating=true isAiLoading=false scrollPct=0.86
[10:48:22.935] CHUNK | len=2 isAiLoading=false
[10:48:22.935] RENDER | msgs=16 rendered=15 isGenerating=true isAiLoading=false scrollPct=0.86
[10:48:22.981] CHUNK | len=2 isAiLoading=false
[10:48:22.981] RENDER | msgs=16 rendered=15 isGenerating=true isAiLoading=false scrollPct=0.86
[10:48:23.027] CHUNK | len=2 isAiLoading=false
[10:48:23.027] RENDER | msgs=16 rendered=15 isGenerating=true isAiLoading=false scrollPct=0.67
[10:48:23.085] CHUNK | len=4 isAiLoading=false
[10:48:23.085] RENDER | msgs=16 rendered=15 isGenerating=true isAiLoading=false scrollPct=0.67
[10:48:23.133] CHUNK | len=7 isAiLoading=false
[10:48:23.133] RENDER | msgs=16 rendered=15 isGenerating=true isAiLoading=false scrollPct=0.67
[10:48:23.181] CHUNK | len=2 isAiLoading=false
[10:48:23.181] RENDER | msgs=16 rendered=15 isGenerating=true isAiLoading=false scrollPct=0.67
[10:48:23.233] CHUNK | len=6 isAiLoading=false
[10:48:23.233] RENDER | msgs=16 rendered=15 isGenerating=true isAiLoading=false scrollPct=0.67
[10:48:23.278] CHUNK | len=1 isAiLoading=false
[10:48:23.278] RENDER | msgs=16 rendered=15 isGenerating=true isAiLoading=false scrollPct=0.67
[10:48:23.332] CHUNK | len=2 isAiLoading=false
[10:48:23.332] RENDER | msgs=16 rendered=15 isGenerating=true isAiLoading=false scrollPct=0.67
[10:48:23.384] STREAM DONE | err=<nil> messages=16 renderedHistory=15
[10:48:23.384] CACHING AI MSG | msg_len=62
[10:48:23.385] AI MSG CACHED | messages=16 renderedHistory=16 aiHistory=16
[10:48:23.385] RENDER | msgs=16 rendered=16 isGenerating=false isAiLoading=false scrollPct=0.67
[10:48:23.391] CHUNK | len=0 isAiLoading=false
[10:48:23.391] RENDER | msgs=16 rendered=16 isGenerating=false isAiLoading=false scrollPct=1.00
[10:48:25.502] KEY | key="i" isGenerating=false
[10:48:25.503] KEY:i | opening editor | prevMessage_len=62
[10:48:28.805] RESIZE | w=118 h=27
[10:48:28.805] REBUILD CACHE | rebuilding 16 messages
[10:48:28.815] REBUILD CACHE DONE | renderedHistory=16
[10:48:28.815] RENDER | msgs=16 rendered=16 isGenerating=false isAiLoading=false scrollPct=1.00
[10:48:28.823] EDITOR DONE | raw_len=2 trimmed_len=2
[10:48:28.823] EDITOR CONTENT PREVIEW | "no"
[10:48:28.823] USER MSG CACHED | messages=17 renderedHistory=17
[10:48:28.823] RENDER | msgs=17 rendered=17 isGenerating=true isAiLoading=false scrollPct=1.00
[10:48:28.824] DISPATCHING startGenerationMsg
[10:48:28.841] GENERATION START | spinner on, stream starting
[10:48:28.852] RENDER | msgs=17 rendered=17 isGenerating=true isAiLoading=true scrollPct=1.00
[10:48:28.890] RENDER | msgs=17 rendered=17 isGenerating=true isAiLoading=true scrollPct=0.91
[10:48:28.952] RENDER | msgs=17 rendered=17 isGenerating=true isAiLoading=true scrollPct=0.91
[10:48:29.053] RENDER | msgs=17 rendered=17 isGenerating=true isAiLoading=true scrollPct=0.91
[10:48:29.154] RENDER | msgs=17 rendered=17 isGenerating=true isAiLoading=true scrollPct=0.91
[10:48:29.255] RENDER | msgs=17 rendered=17 isGenerating=true isAiLoading=true scrollPct=0.91
[10:48:29.261] CHUNK | len=4 isAiLoading=true
[10:48:29.262] CHUNK FIRST | spinner off, starting AI message
[10:48:29.262] RENDER | msgs=18 rendered=17 isGenerating=true isAiLoading=false scrollPct=0.91
[10:48:29.306] CHUNK | len=1 isAiLoading=false
[10:48:29.306] RENDER | msgs=18 rendered=17 isGenerating=true isAiLoading=false scrollPct=1.00
[10:48:29.352] CHUNK | len=5 isAiLoading=false
[10:48:29.352] RENDER | msgs=18 rendered=17 isGenerating=true isAiLoading=false scrollPct=1.00
[10:48:29.401] CHUNK | len=3 isAiLoading=false
[10:48:29.401] RENDER | msgs=18 rendered=17 isGenerating=true isAiLoading=false scrollPct=1.00
[10:48:29.452] CHUNK | len=8 isAiLoading=false
[10:48:29.452] RENDER | msgs=18 rendered=17 isGenerating=true isAiLoading=false scrollPct=1.00
[10:48:29.519] CHUNK | len=7 isAiLoading=false
[10:48:29.519] RENDER | msgs=18 rendered=17 isGenerating=true isAiLoading=false scrollPct=1.00
[10:48:29.568] CHUNK | len=1 isAiLoading=false
[10:48:29.568] RENDER | msgs=18 rendered=17 isGenerating=true isAiLoading=false scrollPct=1.00
[10:48:29.618] CHUNK | len=1 isAiLoading=false
[10:48:29.618] RENDER | msgs=18 rendered=17 isGenerating=true isAiLoading=false scrollPct=1.00
[10:48:29.668] CHUNK | len=2 isAiLoading=false
[10:48:29.668] RENDER | msgs=18 rendered=17 isGenerating=true isAiLoading=false scrollPct=1.00
[10:48:29.706] CHUNK | len=2 isAiLoading=false
[10:48:29.706] RENDER | msgs=18 rendered=17 isGenerating=true isAiLoading=false scrollPct=1.00
[10:48:29.755] CHUNK | len=2 isAiLoading=false
[10:48:29.755] RENDER | msgs=18 rendered=17 isGenerating=true isAiLoading=false scrollPct=0.85
[10:48:29.802] CHUNK | len=4 isAiLoading=false
[10:48:29.802] RENDER | msgs=18 rendered=17 isGenerating=true isAiLoading=false scrollPct=0.85
[10:48:29.847] CHUNK | len=7 isAiLoading=false
[10:48:29.847] RENDER | msgs=18 rendered=17 isGenerating=true isAiLoading=false scrollPct=0.85
[10:48:29.893] CHUNK | len=2 isAiLoading=false
[10:48:29.893] RENDER | msgs=18 rendered=17 isGenerating=true isAiLoading=false scrollPct=0.85
[10:48:29.940] CHUNK | len=6 isAiLoading=false
[10:48:29.940] RENDER | msgs=18 rendered=17 isGenerating=true isAiLoading=false scrollPct=0.85
[10:48:29.988] CHUNK | len=1 isAiLoading=false
[10:48:29.988] RENDER | msgs=18 rendered=17 isGenerating=true isAiLoading=false scrollPct=0.85
[10:48:30.032] CHUNK | len=2 isAiLoading=false
[10:48:30.032] RENDER | msgs=18 rendered=17 isGenerating=true isAiLoading=false scrollPct=0.85
[10:48:30.082] STREAM DONE | err=<nil> messages=18 renderedHistory=17
[10:48:30.082] CACHING AI MSG | msg_len=66
[10:48:30.083] AI MSG CACHED | messages=18 renderedHistory=18 aiHistory=18
[10:48:30.083] RENDER | msgs=18 rendered=18 isGenerating=false isAiLoading=false scrollPct=0.85
[10:48:30.090] CHUNK | len=0 isAiLoading=false
[10:48:30.090] RENDER | msgs=18 rendered=18 isGenerating=false isAiLoading=false scrollPct=1.00
[10:48:32.886] KEY | key="i" isGenerating=false
[10:48:32.886] KEY:i | opening editor | prevMessage_len=66
[10:48:34.952] RESIZE | w=118 h=27
[10:48:34.952] REBUILD CACHE | rebuilding 18 messages
[10:48:34.963] REBUILD CACHE DONE | renderedHistory=18
[10:48:34.963] RENDER | msgs=18 rendered=18 isGenerating=false isAiLoading=false scrollPct=1.00
[10:48:34.979] EDITOR DONE | raw_len=2 trimmed_len=2
[10:48:34.979] EDITOR CONTENT PREVIEW | "no"
[10:48:34.980] USER MSG CACHED | messages=19 renderedHistory=19
[10:48:34.980] RENDER | msgs=19 rendered=19 isGenerating=true isAiLoading=false scrollPct=1.00
[10:48:34.981] DISPATCHING startGenerationMsg
[10:48:34.998] GENERATION START | spinner on, stream starting
[10:48:35.012] RENDER | msgs=19 rendered=19 isGenerating=true isAiLoading=true scrollPct=1.00
[10:48:35.040] RENDER | msgs=19 rendered=19 isGenerating=true isAiLoading=true scrollPct=0.93
[10:48:35.112] RENDER | msgs=19 rendered=19 isGenerating=true isAiLoading=true scrollPct=0.93
[10:48:35.212] RENDER | msgs=19 rendered=19 isGenerating=true isAiLoading=true scrollPct=0.93
[10:48:35.313] RENDER | msgs=19 rendered=19 isGenerating=true isAiLoading=true scrollPct=0.93
[10:48:35.391] CHUNK | len=7 isAiLoading=true
[10:48:35.391] CHUNK FIRST | spinner off, starting AI message
[10:48:35.391] RENDER | msgs=20 rendered=19 isGenerating=true isAiLoading=false scrollPct=0.93
[10:48:35.445] CHUNK | len=1 isAiLoading=false
[10:48:35.445] RENDER | msgs=20 rendered=19 isGenerating=true isAiLoading=false scrollPct=1.00
[10:48:35.494] CHUNK | len=4 isAiLoading=false
[10:48:35.494] RENDER | msgs=20 rendered=19 isGenerating=true isAiLoading=false scrollPct=1.00
[10:48:35.541] CHUNK | len=3 isAiLoading=false
[10:48:35.541] RENDER | msgs=20 rendered=19 isGenerating=true isAiLoading=false scrollPct=1.00
[10:48:35.587] CHUNK | len=2 isAiLoading=false
[10:48:35.587] RENDER | msgs=20 rendered=19 isGenerating=true isAiLoading=false scrollPct=1.00
[10:48:35.642] CHUNK | len=7 isAiLoading=false
[10:48:35.642] RENDER | msgs=20 rendered=19 isGenerating=true isAiLoading=false scrollPct=1.00
[10:48:35.694] CHUNK | len=8 isAiLoading=false
[10:48:35.694] RENDER | msgs=20 rendered=19 isGenerating=true isAiLoading=false scrollPct=1.00
[10:48:35.749] CHUNK | len=3 isAiLoading=false
[10:48:35.749] RENDER | msgs=20 rendered=19 isGenerating=true isAiLoading=false scrollPct=1.00
[10:48:35.797] CHUNK | len=1 isAiLoading=false
[10:48:35.797] RENDER | msgs=20 rendered=19 isGenerating=true isAiLoading=false scrollPct=1.00
[10:48:35.854] CHUNK | len=1 isAiLoading=false
[10:48:35.854] RENDER | msgs=20 rendered=19 isGenerating=true isAiLoading=false scrollPct=1.00
[10:48:35.899] CHUNK | len=2 isAiLoading=false
[10:48:35.899] RENDER | msgs=20 rendered=19 isGenerating=true isAiLoading=false scrollPct=1.00
[10:48:35.943] CHUNK | len=2 isAiLoading=false
[10:48:35.943] RENDER | msgs=20 rendered=19 isGenerating=true isAiLoading=false scrollPct=1.00
[10:48:35.991] CHUNK | len=2 isAiLoading=false
[10:48:35.991] RENDER | msgs=20 rendered=19 isGenerating=true isAiLoading=false scrollPct=0.88
[10:48:36.041] CHUNK | len=4 isAiLoading=false
[10:48:36.041] RENDER | msgs=20 rendered=19 isGenerating=true isAiLoading=false scrollPct=0.88
[10:48:36.085] CHUNK | len=7 isAiLoading=false
[10:48:36.086] RENDER | msgs=20 rendered=19 isGenerating=true isAiLoading=false scrollPct=0.88
[10:48:36.131] CHUNK | len=2 isAiLoading=false
[10:48:36.131] RENDER | msgs=20 rendered=19 isGenerating=true isAiLoading=false scrollPct=0.88
[10:48:36.174] CHUNK | len=5 isAiLoading=false
[10:48:36.174] RENDER | msgs=20 rendered=19 isGenerating=true isAiLoading=false scrollPct=0.88
[10:48:36.217] CHUNK | len=3 isAiLoading=false
[10:48:36.217] RENDER | msgs=20 rendered=19 isGenerating=true isAiLoading=false scrollPct=0.88
[10:48:36.263] CHUNK | len=7 isAiLoading=false
[10:48:36.263] RENDER | msgs=20 rendered=19 isGenerating=true isAiLoading=false scrollPct=0.88
[10:48:36.310] CHUNK | len=1 isAiLoading=false
[10:48:36.310] RENDER | msgs=20 rendered=19 isGenerating=true isAiLoading=false scrollPct=0.88
[10:48:36.358] CHUNK | len=2 isAiLoading=false
[10:48:36.358] RENDER | msgs=20 rendered=19 isGenerating=true isAiLoading=false scrollPct=0.88
[10:48:36.404] STREAM DONE | err=<nil> messages=20 renderedHistory=19
[10:48:36.404] CACHING AI MSG | msg_len=82
[10:48:36.405] AI MSG CACHED | messages=20 renderedHistory=20 aiHistory=20
[10:48:36.405] RENDER | msgs=20 rendered=20 isGenerating=false isAiLoading=false scrollPct=0.88
[10:48:36.412] CHUNK | len=0 isAiLoading=false
[10:48:36.412] RENDER | msgs=20 rendered=20 isGenerating=false isAiLoading=false scrollPct=1.00
[10:48:37.833] KEY | key="i" isGenerating=false
[10:48:37.833] KEY:i | opening editor | prevMessage_len=82
[10:48:39.806] RESIZE | w=118 h=27
[10:48:39.807] REBUILD CACHE | rebuilding 20 messages
[10:48:39.816] REBUILD CACHE DONE | renderedHistory=20
[10:48:39.816] RENDER | msgs=20 rendered=20 isGenerating=false isAiLoading=false scrollPct=1.00
[10:48:39.822] EDITOR DONE | raw_len=2 trimmed_len=2
[10:48:39.822] EDITOR CONTENT PREVIEW | "no"
[10:48:39.823] USER MSG CACHED | messages=21 renderedHistory=21
[10:48:39.823] RENDER | msgs=21 rendered=21 isGenerating=true isAiLoading=false scrollPct=1.00
[10:48:39.823] DISPATCHING startGenerationMsg
[10:48:39.839] GENERATION START | spinner on, stream starting
[10:48:39.851] RENDER | msgs=21 rendered=21 isGenerating=true isAiLoading=true scrollPct=1.00
[10:48:39.901] RENDER | msgs=21 rendered=21 isGenerating=true isAiLoading=true scrollPct=0.95
[10:48:39.952] RENDER | msgs=21 rendered=21 isGenerating=true isAiLoading=true scrollPct=0.95
[10:48:40.053] RENDER | msgs=21 rendered=21 isGenerating=true isAiLoading=true scrollPct=0.95
[10:48:40.153] RENDER | msgs=21 rendered=21 isGenerating=true isAiLoading=true scrollPct=0.95
[10:48:40.227] CHUNK | len=4 isAiLoading=true
[10:48:40.227] CHUNK FIRST | spinner off, starting AI message
[10:48:40.227] RENDER | msgs=22 rendered=21 isGenerating=true isAiLoading=false scrollPct=0.95
[10:48:40.280] CHUNK | len=1 isAiLoading=false
[10:48:40.280] RENDER | msgs=22 rendered=21 isGenerating=true isAiLoading=false scrollPct=1.00
[10:48:40.330] CHUNK | len=4 isAiLoading=false
[10:48:40.330] RENDER | msgs=22 rendered=21 isGenerating=true isAiLoading=false scrollPct=1.00
[10:48:40.379] CHUNK | len=1 isAiLoading=false
[10:48:40.379] RENDER | msgs=22 rendered=21 isGenerating=true isAiLoading=false scrollPct=1.00
[10:48:40.433] CHUNK | len=2 isAiLoading=false
[10:48:40.433] RENDER | msgs=22 rendered=21 isGenerating=true isAiLoading=false scrollPct=1.00
[10:48:40.482] CHUNK | len=7 isAiLoading=false
[10:48:40.483] RENDER | msgs=22 rendered=21 isGenerating=true isAiLoading=false scrollPct=1.00
[10:48:40.529] CHUNK | len=11 isAiLoading=false
[10:48:40.529] RENDER | msgs=22 rendered=21 isGenerating=true isAiLoading=false scrollPct=1.00
[10:48:40.577] CHUNK | len=1 isAiLoading=false
[10:48:40.577] RENDER | msgs=22 rendered=21 isGenerating=true isAiLoading=false scrollPct=1.00
[10:48:40.623] CHUNK | len=1 isAiLoading=false
[10:48:40.624] RENDER | msgs=22 rendered=21 isGenerating=true isAiLoading=false scrollPct=1.00
[10:48:40.667] CHUNK | len=2 isAiLoading=false
[10:48:40.668] RENDER | msgs=22 rendered=21 isGenerating=true isAiLoading=false scrollPct=1.00
[10:48:40.715] CHUNK | len=2 isAiLoading=false
[10:48:40.715] RENDER | msgs=22 rendered=21 isGenerating=true isAiLoading=false scrollPct=1.00
[10:48:40.765] CHUNK | len=2 isAiLoading=false
[10:48:40.765] RENDER | msgs=22 rendered=21 isGenerating=true isAiLoading=false scrollPct=1.00
[10:48:40.822] CHUNK | len=4 isAiLoading=false
[10:48:40.822] RENDER | msgs=22 rendered=21 isGenerating=true isAiLoading=false scrollPct=1.00
[10:48:40.895] CHUNK | len=7 isAiLoading=false
[10:48:40.895] RENDER | msgs=22 rendered=21 isGenerating=true isAiLoading=false scrollPct=1.00
[10:48:40.942] CHUNK | len=2 isAiLoading=false
[10:48:40.942] RENDER | msgs=22 rendered=21 isGenerating=true isAiLoading=false scrollPct=1.00
[10:48:40.993] CHUNK | len=8 isAiLoading=false
[10:48:40.993] RENDER | msgs=22 rendered=21 isGenerating=true isAiLoading=false scrollPct=1.00
[10:48:41.039] CHUNK | len=11 isAiLoading=false
[10:48:41.040] RENDER | msgs=22 rendered=21 isGenerating=true isAiLoading=false scrollPct=1.00
[10:48:41.100] CHUNK | len=1 isAiLoading=false
[10:48:41.100] RENDER | msgs=22 rendered=21 isGenerating=true isAiLoading=false scrollPct=1.00
[10:48:41.153] CHUNK | len=2 isAiLoading=false
[10:48:41.153] RENDER | msgs=22 rendered=21 isGenerating=true isAiLoading=false scrollPct=1.00
[10:48:41.202] CHUNK | len=0 isAiLoading=false
[10:48:41.202] RENDER | msgs=22 rendered=21 isGenerating=true isAiLoading=false scrollPct=1.00
[10:48:41.211] STREAM DONE | err=<nil> messages=22 renderedHistory=21
[10:48:41.211] CACHING AI MSG | msg_len=81
[10:48:41.211] AI MSG CACHED | messages=22 renderedHistory=22 aiHistory=22
[10:48:41.211] RENDER | msgs=22 rendered=22 isGenerating=false isAiLoading=false scrollPct=1.00
[10:48:42.198] KEY | key="i" isGenerating=false
[10:48:42.198] KEY:i | opening editor | prevMessage_len=81
[10:48:44.162] RESIZE | w=118 h=27
[10:48:44.162] REBUILD CACHE | rebuilding 22 messages
[10:48:44.185] REBUILD CACHE DONE | renderedHistory=22
[10:48:44.185] RENDER | msgs=22 rendered=22 isGenerating=false isAiLoading=false scrollPct=1.00
[10:48:44.197] EDITOR DONE | raw_len=2 trimmed_len=2
[10:48:44.197] EDITOR CONTENT PREVIEW | "no"
[10:48:44.198] USER MSG CACHED | messages=23 renderedHistory=23
[10:48:44.198] RENDER | msgs=23 rendered=23 isGenerating=true isAiLoading=false scrollPct=1.00
[10:48:44.199] DISPATCHING startGenerationMsg
[10:48:44.215] GENERATION START | spinner on, stream starting
[10:48:44.233] RENDER | msgs=23 rendered=23 isGenerating=true isAiLoading=true scrollPct=1.00
[10:48:44.252] RENDER | msgs=23 rendered=23 isGenerating=true isAiLoading=true scrollPct=0.96
[10:48:44.333] RENDER | msgs=23 rendered=23 isGenerating=true isAiLoading=true scrollPct=0.96
[10:48:44.434] RENDER | msgs=23 rendered=23 isGenerating=true isAiLoading=true scrollPct=0.96
[10:48:44.534] RENDER | msgs=23 rendered=23 isGenerating=true isAiLoading=true scrollPct=0.96
[10:48:44.615] CHUNK | len=3 isAiLoading=true
[10:48:44.615] CHUNK FIRST | spinner off, starting AI message
[10:48:44.615] RENDER | msgs=24 rendered=23 isGenerating=true isAiLoading=false scrollPct=0.96
[10:48:44.672] CHUNK | len=4 isAiLoading=false
[10:48:44.672] RENDER | msgs=24 rendered=23 isGenerating=true isAiLoading=false scrollPct=1.00
[10:48:44.724] CHUNK | len=11 isAiLoading=false
[10:48:44.724] RENDER | msgs=24 rendered=23 isGenerating=true isAiLoading=false scrollPct=1.00
[10:48:44.774] CHUNK | len=6 isAiLoading=false
[10:48:44.774] RENDER | msgs=24 rendered=23 isGenerating=true isAiLoading=false scrollPct=1.00
[10:48:44.831] CHUNK | len=1 isAiLoading=false
[10:48:44.831] RENDER | msgs=24 rendered=23 isGenerating=true isAiLoading=false scrollPct=1.00
[10:48:44.879] CHUNK | len=1 isAiLoading=false
[10:48:44.879] RENDER | msgs=24 rendered=23 isGenerating=true isAiLoading=false scrollPct=1.00
[10:48:44.923] CHUNK | len=2 isAiLoading=false
[10:48:44.923] RENDER | msgs=24 rendered=23 isGenerating=true isAiLoading=false scrollPct=1.00
[10:48:44.972] CHUNK | len=2 isAiLoading=false
[10:48:44.972] RENDER | msgs=24 rendered=23 isGenerating=true isAiLoading=false scrollPct=1.00
[10:48:45.023] CHUNK | len=2 isAiLoading=false
[10:48:45.023] RENDER | msgs=24 rendered=23 isGenerating=true isAiLoading=false scrollPct=1.00
[10:48:45.091] CHUNK | len=4 isAiLoading=false
[10:48:45.091] RENDER | msgs=24 rendered=23 isGenerating=true isAiLoading=false scrollPct=1.00
[10:48:45.146] CHUNK | len=7 isAiLoading=false
[10:48:45.146] RENDER | msgs=24 rendered=23 isGenerating=true isAiLoading=false scrollPct=1.00
[10:48:45.190] CHUNK | len=2 isAiLoading=false
[10:48:45.190] RENDER | msgs=24 rendered=23 isGenerating=true isAiLoading=false scrollPct=1.00
[10:48:45.237] CHUNK | len=5 isAiLoading=false
[10:48:45.237] RENDER | msgs=24 rendered=23 isGenerating=true isAiLoading=false scrollPct=1.00
[10:48:45.284] CHUNK | len=1 isAiLoading=false
[10:48:45.284] RENDER | msgs=24 rendered=23 isGenerating=true isAiLoading=false scrollPct=1.00
[10:48:45.330] CHUNK | len=2 isAiLoading=false
[10:48:45.330] RENDER | msgs=24 rendered=23 isGenerating=true isAiLoading=false scrollPct=1.00
[10:48:45.378] STREAM DONE | err=<nil> messages=24 renderedHistory=23
[10:48:45.378] CACHING AI MSG | msg_len=61
[10:48:45.379] AI MSG CACHED | messages=24 renderedHistory=24 aiHistory=24
[10:48:45.379] RENDER | msgs=24 rendered=24 isGenerating=false isAiLoading=false scrollPct=1.00
[10:48:45.386] CHUNK | len=0 isAiLoading=false
[10:48:45.386] RENDER | msgs=24 rendered=24 isGenerating=false isAiLoading=false scrollPct=1.00
[10:48:47.759] KEY | key="i" isGenerating=false
[10:48:47.759] KEY:i | opening editor | prevMessage_len=61
[10:48:51.449] RESIZE | w=118 h=27
[10:48:51.449] REBUILD CACHE | rebuilding 24 messages
[10:48:51.471] REBUILD CACHE DONE | renderedHistory=24
[10:48:51.471] RENDER | msgs=24 rendered=24 isGenerating=false isAiLoading=false scrollPct=1.00
[10:48:51.481] EDITOR DONE | raw_len=3 trimmed_len=3
[10:48:51.481] EDITOR CONTENT PREVIEW | "yes"
[10:48:51.481] USER MSG CACHED | messages=25 renderedHistory=25
[10:48:51.481] RENDER | msgs=25 rendered=25 isGenerating=true isAiLoading=false scrollPct=1.00
[10:48:51.482] DISPATCHING startGenerationMsg
[10:48:51.499] GENERATION START | spinner on, stream starting
[10:48:51.519] RENDER | msgs=25 rendered=25 isGenerating=true isAiLoading=true scrollPct=1.00
[10:48:51.535] RENDER | msgs=25 rendered=25 isGenerating=true isAiLoading=true scrollPct=0.96
[10:48:51.619] RENDER | msgs=25 rendered=25 isGenerating=true isAiLoading=true scrollPct=0.96
[10:48:51.720] RENDER | msgs=25 rendered=25 isGenerating=true isAiLoading=true scrollPct=0.96
[10:48:51.821] RENDER | msgs=25 rendered=25 isGenerating=true isAiLoading=true scrollPct=0.96
[10:48:51.921] RENDER | msgs=25 rendered=25 isGenerating=true isAiLoading=true scrollPct=0.96
[10:48:51.929] CHUNK | len=9 isAiLoading=true
[10:48:51.929] CHUNK FIRST | spinner off, starting AI message
[10:48:51.929] RENDER | msgs=26 rendered=25 isGenerating=true isAiLoading=false scrollPct=0.96
[10:48:51.986] CHUNK | len=1 isAiLoading=false
[10:48:51.986] RENDER | msgs=26 rendered=25 isGenerating=true isAiLoading=false scrollPct=1.00
[10:48:52.040] CHUNK | len=4 isAiLoading=false
[10:48:52.040] RENDER | msgs=26 rendered=25 isGenerating=true isAiLoading=false scrollPct=1.00
[10:48:52.088] CHUNK | len=4 isAiLoading=false
[10:48:52.089] RENDER | msgs=26 rendered=25 isGenerating=true isAiLoading=false scrollPct=1.00
[10:48:52.138] CHUNK | len=3 isAiLoading=false
[10:48:52.138] RENDER | msgs=26 rendered=25 isGenerating=true isAiLoading=false scrollPct=1.00
[10:48:52.200] CHUNK | len=1 isAiLoading=false
[10:48:52.201] RENDER | msgs=26 rendered=25 isGenerating=true isAiLoading=false scrollPct=1.00
[10:48:52.250] CHUNK | len=5 isAiLoading=false
[10:48:52.250] RENDER | msgs=26 rendered=25 isGenerating=true isAiLoading=false scrollPct=1.00
[10:48:52.298] STREAM DONE | err=<nil> messages=26 renderedHistory=25
[10:48:52.298] CACHING AI MSG | msg_len=35
[10:48:52.299] AI MSG CACHED | messages=26 renderedHistory=26 aiHistory=26
[10:48:52.299] RENDER | msgs=26 rendered=26 isGenerating=false isAiLoading=false scrollPct=1.00
[10:48:52.305] CHUNK | len=0 isAiLoading=false
[10:48:52.305] RENDER | msgs=26 rendered=26 isGenerating=false isAiLoading=false scrollPct=1.00
[10:51:07.984] KEY | key="i" isGenerating=false
[10:51:07.984] KEY:i | opening editor | prevMessage_len=0
[10:51:13.537] RESIZE | w=118 h=27
[10:51:13.538] REBUILD CACHE | rebuilding 0 messages
[10:51:13.538] REBUILD CACHE DONE | renderedHistory=0
[10:51:13.538] RENDER | msgs=0 rendered=0 isGenerating=false isAiLoading=false scrollPct=1.00
[10:51:13.538] EDITOR DONE | raw_len=12 trimmed_len=12
[10:51:13.538] EDITOR CONTENT PREVIEW | "Hello there!"
[10:51:13.538] USER MSG CACHED | messages=1 renderedHistory=1
[10:51:13.538] RENDER | msgs=1 rendered=1 isGenerating=true isAiLoading=false scrollPct=1.00
[10:51:13.538] DISPATCHING startGenerationMsg
[10:51:13.555] GENERATION START | spinner on, stream starting
[10:51:13.556] RENDER | msgs=1 rendered=1 isGenerating=true isAiLoading=true scrollPct=1.00
[10:51:13.656] RENDER | msgs=1 rendered=1 isGenerating=true isAiLoading=true scrollPct=1.00
[10:51:13.757] RENDER | msgs=1 rendered=1 isGenerating=true isAiLoading=true scrollPct=1.00
[10:51:13.829] CHUNK | len=5 isAiLoading=true
[10:51:13.829] CHUNK FIRST | spinner off, starting AI message
[10:51:13.829] RENDER | msgs=2 rendered=1 isGenerating=true isAiLoading=false scrollPct=1.00
[10:51:13.873] CHUNK | len=3 isAiLoading=false
[10:51:13.873] RENDER | msgs=2 rendered=1 isGenerating=true isAiLoading=false scrollPct=1.00
[10:51:13.918] CHUNK | len=4 isAiLoading=false
[10:51:13.918] RENDER | msgs=2 rendered=1 isGenerating=true isAiLoading=false scrollPct=1.00
[10:51:13.963] CHUNK | len=4 isAiLoading=false
[10:51:13.963] RENDER | msgs=2 rendered=1 isGenerating=true isAiLoading=false scrollPct=1.00
[10:51:14.012] CHUNK | len=1 isAiLoading=false
[10:51:14.012] RENDER | msgs=2 rendered=1 isGenerating=true isAiLoading=false scrollPct=1.00
[10:51:14.057] CHUNK | len=4 isAiLoading=false
[10:51:14.057] RENDER | msgs=2 rendered=1 isGenerating=true isAiLoading=false scrollPct=1.00
[10:51:14.102] CHUNK | len=1 isAiLoading=false
[10:51:14.102] RENDER | msgs=2 rendered=1 isGenerating=true isAiLoading=false scrollPct=1.00
[10:51:14.146] CHUNK | len=1 isAiLoading=false
[10:51:14.146] RENDER | msgs=2 rendered=1 isGenerating=true isAiLoading=false scrollPct=1.00
[10:51:14.190] CHUNK | len=5 isAiLoading=false
[10:51:14.190] RENDER | msgs=2 rendered=1 isGenerating=true isAiLoading=false scrollPct=1.00
[10:51:14.235] CHUNK | len=4 isAiLoading=false
[10:51:14.235] RENDER | msgs=2 rendered=1 isGenerating=true isAiLoading=false scrollPct=1.00
[10:51:14.280] CHUNK | len=6 isAiLoading=false
[10:51:14.280] RENDER | msgs=2 rendered=1 isGenerating=true isAiLoading=false scrollPct=1.00
[10:51:14.324] CHUNK | len=3 isAiLoading=false
[10:51:14.324] RENDER | msgs=2 rendered=1 isGenerating=true isAiLoading=false scrollPct=1.00
[10:51:14.375] CHUNK | len=4 isAiLoading=false
[10:51:14.375] RENDER | msgs=2 rendered=1 isGenerating=true isAiLoading=false scrollPct=1.00
[10:51:14.419] CHUNK | len=1 isAiLoading=false
[10:51:14.419] RENDER | msgs=2 rendered=1 isGenerating=true isAiLoading=false scrollPct=1.00
[10:51:14.463] CHUNK | len=5 isAiLoading=false
[10:51:14.463] RENDER | msgs=2 rendered=1 isGenerating=true isAiLoading=false scrollPct=1.00
[10:51:14.509] CHUNK | len=1 isAiLoading=false
[10:51:14.509] RENDER | msgs=2 rendered=1 isGenerating=true isAiLoading=false scrollPct=1.00
[10:51:14.549] CHUNK | len=2 isAiLoading=false
[10:51:14.549] RENDER | msgs=2 rendered=1 isGenerating=true isAiLoading=false scrollPct=1.00
[10:51:14.594] CHUNK | len=4 isAiLoading=false
[10:51:14.594] RENDER | msgs=2 rendered=1 isGenerating=true isAiLoading=false scrollPct=1.00
[10:51:14.639] CHUNK | len=4 isAiLoading=false
[10:51:14.639] RENDER | msgs=2 rendered=1 isGenerating=true isAiLoading=false scrollPct=1.00
[10:51:14.684] CHUNK | len=2 isAiLoading=false
[10:51:14.684] RENDER | msgs=2 rendered=1 isGenerating=true isAiLoading=false scrollPct=1.00
[10:51:14.729] CHUNK | len=5 isAiLoading=false
[10:51:14.729] RENDER | msgs=2 rendered=1 isGenerating=true isAiLoading=false scrollPct=1.00
[10:51:14.775] CHUNK | len=4 isAiLoading=false
[10:51:14.775] RENDER | msgs=2 rendered=1 isGenerating=true isAiLoading=false scrollPct=1.00
[10:51:14.820] CHUNK | len=5 isAiLoading=false
[10:51:14.820] RENDER | msgs=2 rendered=1 isGenerating=true isAiLoading=false scrollPct=1.00
[10:51:14.864] CHUNK | len=6 isAiLoading=false
[10:51:14.864] RENDER | msgs=2 rendered=1 isGenerating=true isAiLoading=false scrollPct=1.00
[10:51:14.912] CHUNK | len=1 isAiLoading=false
[10:51:14.913] RENDER | msgs=2 rendered=1 isGenerating=true isAiLoading=false scrollPct=1.00
[10:51:14.957] STREAM DONE | err=<nil> messages=2 renderedHistory=1
[10:51:14.957] CACHING AI MSG | msg_len=93
[10:51:14.958] AI MSG CACHED | messages=2 renderedHistory=2 aiHistory=2
[10:51:14.958] RENDER | msgs=2 rendered=2 isGenerating=false isAiLoading=false scrollPct=1.00
[10:51:14.959] CHUNK | len=0 isAiLoading=false
[10:51:14.959] RENDER | msgs=2 rendered=2 isGenerating=false isAiLoading=false scrollPct=1.00
[10:51:17.668] KEY | key="i" isGenerating=false
[10:51:17.668] KEY:i | opening editor | prevMessage_len=93
[10:51:24.471] RESIZE | w=118 h=27
[10:51:24.471] REBUILD CACHE | rebuilding 2 messages
[10:51:24.472] REBUILD CACHE DONE | renderedHistory=2
[10:51:24.472] RENDER | msgs=2 rendered=2 isGenerating=false isAiLoading=false scrollPct=1.00
[10:51:24.474] EDITOR DONE | raw_len=24 trimmed_len=24
[10:51:24.474] EDITOR CONTENT PREVIEW | "How are you doing today?"
[10:51:24.474] USER MSG CACHED | messages=3 renderedHistory=3
[10:51:24.474] RENDER | msgs=3 rendered=3 isGenerating=true isAiLoading=false scrollPct=1.00
[10:51:24.474] DISPATCHING startGenerationMsg
[10:51:24.490] GENERATION START | spinner on, stream starting
[10:51:24.492] RENDER | msgs=3 rendered=3 isGenerating=true isAiLoading=true scrollPct=1.00
[10:51:24.571] RENDER | msgs=3 rendered=3 isGenerating=true isAiLoading=true scrollPct=1.00
[10:51:24.593] RENDER | msgs=3 rendered=3 isGenerating=true isAiLoading=true scrollPct=1.00
[10:51:24.693] RENDER | msgs=3 rendered=3 isGenerating=true isAiLoading=true scrollPct=1.00
[10:51:24.793] RENDER | msgs=3 rendered=3 isGenerating=true isAiLoading=true scrollPct=1.00
[10:51:24.851] CHUNK | len=1 isAiLoading=true
[10:51:24.851] CHUNK FIRST | spinner off, starting AI message
[10:51:24.851] RENDER | msgs=4 rendered=3 isGenerating=true isAiLoading=false scrollPct=1.00
[10:51:24.896] CHUNK | len=1 isAiLoading=false
[10:51:24.896] RENDER | msgs=4 rendered=3 isGenerating=true isAiLoading=false scrollPct=1.00
[10:51:24.939] CHUNK | len=1 isAiLoading=false
[10:51:24.939] RENDER | msgs=4 rendered=3 isGenerating=true isAiLoading=false scrollPct=1.00
[10:51:24.985] CHUNK | len=6 isAiLoading=false
[10:51:24.985] RENDER | msgs=4 rendered=3 isGenerating=true isAiLoading=false scrollPct=1.00
[10:51:25.035] CHUNK | len=5 isAiLoading=false
[10:51:25.036] RENDER | msgs=4 rendered=3 isGenerating=true isAiLoading=false scrollPct=1.00
[10:51:25.080] CHUNK | len=1 isAiLoading=false
[10:51:25.080] RENDER | msgs=4 rendered=3 isGenerating=true isAiLoading=false scrollPct=1.00
[10:51:25.126] CHUNK | len=7 isAiLoading=false
[10:51:25.126] RENDER | msgs=4 rendered=3 isGenerating=true isAiLoading=false scrollPct=1.00
[10:51:25.171] CHUNK | len=4 isAiLoading=false
[10:51:25.171] RENDER | msgs=4 rendered=3 isGenerating=true isAiLoading=false scrollPct=1.00
[10:51:25.215] CHUNK | len=7 isAiLoading=false
[10:51:25.215] RENDER | msgs=4 rendered=3 isGenerating=true isAiLoading=false scrollPct=1.00
[10:51:25.259] CHUNK | len=1 isAiLoading=false
[10:51:25.259] RENDER | msgs=4 rendered=3 isGenerating=true isAiLoading=false scrollPct=1.00
[10:51:25.304] CHUNK | len=3 isAiLoading=false
[10:51:25.304] RENDER | msgs=4 rendered=3 isGenerating=true isAiLoading=false scrollPct=1.00
[10:51:25.351] CHUNK | len=3 isAiLoading=false
[10:51:25.351] RENDER | msgs=4 rendered=3 isGenerating=true isAiLoading=false scrollPct=1.00
[10:51:25.396] CHUNK | len=3 isAiLoading=false
[10:51:25.396] RENDER | msgs=4 rendered=3 isGenerating=true isAiLoading=false scrollPct=1.00
[10:51:25.441] CHUNK | len=1 isAiLoading=false
[10:51:25.441] RENDER | msgs=4 rendered=3 isGenerating=true isAiLoading=false scrollPct=1.00
[10:51:25.486] CHUNK | len=2 isAiLoading=false
[10:51:25.486] RENDER | msgs=4 rendered=3 isGenerating=true isAiLoading=false scrollPct=1.00
[10:51:25.532] CHUNK | len=4 isAiLoading=false
[10:51:25.532] RENDER | msgs=4 rendered=3 isGenerating=true isAiLoading=false scrollPct=1.00
[10:51:25.577] CHUNK | len=1 isAiLoading=false
[10:51:25.577] RENDER | msgs=4 rendered=3 isGenerating=true isAiLoading=false scrollPct=1.00
[10:51:25.623] CHUNK | len=1 isAiLoading=false
[10:51:25.623] RENDER | msgs=4 rendered=3 isGenerating=true isAiLoading=false scrollPct=1.00
[10:51:25.668] CHUNK | len=7 isAiLoading=false
[10:51:25.668] RENDER | msgs=4 rendered=3 isGenerating=true isAiLoading=false scrollPct=1.00
[10:51:25.713] CHUNK | len=2 isAiLoading=false
[10:51:25.713] RENDER | msgs=4 rendered=3 isGenerating=true isAiLoading=false scrollPct=1.00
[10:51:25.757] CHUNK | len=4 isAiLoading=false
[10:51:25.757] RENDER | msgs=4 rendered=3 isGenerating=true isAiLoading=false scrollPct=1.00
[10:51:25.802] CHUNK | len=1 isAiLoading=false
[10:51:25.802] RENDER | msgs=4 rendered=3 isGenerating=true isAiLoading=false scrollPct=1.00
[10:51:25.849] CHUNK | len=7 isAiLoading=false
[10:51:25.849] RENDER | msgs=4 rendered=3 isGenerating=true isAiLoading=false scrollPct=1.00
[10:51:25.896] CHUNK | len=5 isAiLoading=false
[10:51:25.896] RENDER | msgs=4 rendered=3 isGenerating=true isAiLoading=false scrollPct=1.00
[10:51:25.941] CHUNK | len=7 isAiLoading=false
[10:51:25.941] RENDER | msgs=4 rendered=3 isGenerating=true isAiLoading=false scrollPct=1.00
[10:51:25.991] CHUNK | len=3 isAiLoading=false
[10:51:25.991] RENDER | msgs=4 rendered=3 isGenerating=true isAiLoading=false scrollPct=1.00
[10:51:26.039] CHUNK | len=1 isAiLoading=false
[10:51:26.039] RENDER | msgs=4 rendered=3 isGenerating=true isAiLoading=false scrollPct=1.00
[10:51:26.087] CHUNK | len=4 isAiLoading=false
[10:51:26.087] RENDER | msgs=4 rendered=3 isGenerating=true isAiLoading=false scrollPct=1.00
[10:51:26.135] CHUNK | len=2 isAiLoading=false
[10:51:26.135] RENDER | msgs=4 rendered=3 isGenerating=true isAiLoading=false scrollPct=1.00
[10:51:26.181] CHUNK | len=1 isAiLoading=false
[10:51:26.181] RENDER | msgs=4 rendered=3 isGenerating=true isAiLoading=false scrollPct=1.00
[10:51:26.225] CHUNK | len=1 isAiLoading=false
[10:51:26.225] RENDER | msgs=4 rendered=3 isGenerating=true isAiLoading=false scrollPct=1.00
[10:51:26.269] CHUNK | len=12 isAiLoading=false
[10:51:26.269] RENDER | msgs=4 rendered=3 isGenerating=true isAiLoading=false scrollPct=1.00
[10:51:26.314] CHUNK | len=10 isAiLoading=false
[10:51:26.314] RENDER | msgs=4 rendered=3 isGenerating=true isAiLoading=false scrollPct=1.00
[10:51:26.364] CHUNK | len=4 isAiLoading=false
[10:51:26.364] RENDER | msgs=4 rendered=3 isGenerating=true isAiLoading=false scrollPct=1.00
[10:51:26.408] CHUNK | len=6 isAiLoading=false
[10:51:26.408] RENDER | msgs=4 rendered=3 isGenerating=true isAiLoading=false scrollPct=1.00
[10:51:26.453] CHUNK | len=3 isAiLoading=false
[10:51:26.453] RENDER | msgs=4 rendered=3 isGenerating=true isAiLoading=false scrollPct=1.00
[10:51:26.497] CHUNK | len=5 isAiLoading=false
[10:51:26.497] RENDER | msgs=4 rendered=3 isGenerating=true isAiLoading=false scrollPct=1.00
[10:51:26.544] CHUNK | len=1 isAiLoading=false
[10:51:26.544] RENDER | msgs=4 rendered=3 isGenerating=true isAiLoading=false scrollPct=1.00
[10:51:26.589] CHUNK | len=1 isAiLoading=false
[10:51:26.590] RENDER | msgs=4 rendered=3 isGenerating=true isAiLoading=false scrollPct=1.00
[10:51:26.631] CHUNK | len=2 isAiLoading=false
[10:51:26.631] RENDER | msgs=4 rendered=3 isGenerating=true isAiLoading=false scrollPct=1.00
[10:51:26.672] CHUNK | len=3 isAiLoading=false
[10:51:26.672] RENDER | msgs=4 rendered=3 isGenerating=true isAiLoading=false scrollPct=1.00
[10:51:26.716] CHUNK | len=6 isAiLoading=false
[10:51:26.716] RENDER | msgs=4 rendered=3 isGenerating=true isAiLoading=false scrollPct=1.00
[10:51:26.764] CHUNK | len=4 isAiLoading=false
[10:51:26.764] RENDER | msgs=4 rendered=3 isGenerating=true isAiLoading=false scrollPct=1.00
[10:51:26.810] CHUNK | len=1 isAiLoading=false
[10:51:26.810] RENDER | msgs=4 rendered=3 isGenerating=true isAiLoading=false scrollPct=1.00
[10:51:26.854] CHUNK | len=4 isAiLoading=false
[10:51:26.854] RENDER | msgs=4 rendered=3 isGenerating=true isAiLoading=false scrollPct=1.00
[10:51:26.899] CHUNK | len=3 isAiLoading=false
[10:51:26.899] RENDER | msgs=4 rendered=3 isGenerating=true isAiLoading=false scrollPct=1.00
[10:51:26.946] CHUNK | len=1 isAiLoading=false
[10:51:26.946] RENDER | msgs=4 rendered=3 isGenerating=true isAiLoading=false scrollPct=1.00
[10:51:26.993] CHUNK | len=5 isAiLoading=false
[10:51:26.993] RENDER | msgs=4 rendered=3 isGenerating=true isAiLoading=false scrollPct=1.00
[10:51:27.042] CHUNK | len=4 isAiLoading=false
[10:51:27.042] RENDER | msgs=4 rendered=3 isGenerating=true isAiLoading=false scrollPct=1.00
[10:51:27.093] CHUNK | len=6 isAiLoading=false
[10:51:27.093] RENDER | msgs=4 rendered=3 isGenerating=true isAiLoading=false scrollPct=1.00
[10:51:27.140] CHUNK | len=1 isAiLoading=false
[10:51:27.140] RENDER | msgs=4 rendered=3 isGenerating=true isAiLoading=false scrollPct=1.00
[10:51:27.193] STREAM DONE | err=<nil> messages=4 renderedHistory=3
[10:51:27.193] CACHING AI MSG | msg_len=187
[10:51:27.194] AI MSG CACHED | messages=4 renderedHistory=4 aiHistory=4
[10:51:27.194] RENDER | msgs=4 rendered=4 isGenerating=false isAiLoading=false scrollPct=1.00
[10:51:27.196] CHUNK | len=0 isAiLoading=false
[10:51:27.196] RENDER | msgs=4 rendered=4 isGenerating=false isAiLoading=false scrollPct=1.00
[10:51:34.801] KEY | key="i" isGenerating=false
[10:51:34.801] KEY:i | opening editor | prevMessage_len=187
[10:51:48.999] EDITOR DONE | raw_len=64 trimmed_len=64
[10:51:48.999] EDITOR CONTENT PREVIEW | "can you generate me a list of 20 things I can do to cure boredom"
[10:51:48.999] USER MSG CACHED | messages=5 renderedHistory=5
[10:51:48.999] RENDER | msgs=5 rendered=5 isGenerating=true isAiLoading=false scrollPct=1.00
[10:51:49.000] DISPATCHING startGenerationMsg
[10:51:49.002] RESIZE | w=118 h=27
[10:51:49.002] RENDER | msgs=5 rendered=5 isGenerating=true isAiLoading=false scrollPct=1.00
[10:51:49.017] GENERATION START | spinner on, stream starting
[10:51:49.019] RENDER | msgs=5 rendered=5 isGenerating=true isAiLoading=true scrollPct=1.00
[10:51:49.098] RENDER | msgs=5 rendered=5 isGenerating=true isAiLoading=true scrollPct=1.00
[10:51:49.120] RENDER | msgs=5 rendered=5 isGenerating=true isAiLoading=true scrollPct=1.00
[10:51:49.221] RENDER | msgs=5 rendered=5 isGenerating=true isAiLoading=true scrollPct=1.00
[10:51:49.321] RENDER | msgs=5 rendered=5 isGenerating=true isAiLoading=true scrollPct=1.00
[10:51:49.422] RENDER | msgs=5 rendered=5 isGenerating=true isAiLoading=true scrollPct=1.00
[10:51:49.523] RENDER | msgs=5 rendered=5 isGenerating=true isAiLoading=true scrollPct=1.00
[10:51:49.548] CHUNK | len=4 isAiLoading=true
[10:51:49.548] CHUNK FIRST | spinner off, starting AI message
[10:51:49.548] RENDER | msgs=6 rendered=5 isGenerating=true isAiLoading=false scrollPct=1.00
[10:51:49.592] CHUNK | len=1 isAiLoading=false
[10:51:49.592] RENDER | msgs=6 rendered=5 isGenerating=true isAiLoading=false scrollPct=1.00
[10:51:49.638] CHUNK | len=5 isAiLoading=false
[10:51:49.638] RENDER | msgs=6 rendered=5 isGenerating=true isAiLoading=false scrollPct=1.00
[10:51:49.684] CHUNK | len=3 isAiLoading=false
[10:51:49.684] RENDER | msgs=6 rendered=5 isGenerating=true isAiLoading=false scrollPct=1.00
[10:51:49.729] CHUNK | len=1 isAiLoading=false
[10:51:49.729] RENDER | msgs=6 rendered=5 isGenerating=true isAiLoading=false scrollPct=1.00
[10:51:49.776] CHUNK | len=2 isAiLoading=false
[10:51:49.776] RENDER | msgs=6 rendered=5 isGenerating=true isAiLoading=false scrollPct=1.00
[10:51:49.824] CHUNK | len=5 isAiLoading=false
[10:51:49.824] RENDER | msgs=6 rendered=5 isGenerating=true isAiLoading=false scrollPct=1.00
[10:51:49.869] CHUNK | len=3 isAiLoading=false
[10:51:49.869] RENDER | msgs=6 rendered=5 isGenerating=true isAiLoading=false scrollPct=1.00
[10:51:49.915] CHUNK | len=1 isAiLoading=false
[10:51:49.915] RENDER | msgs=6 rendered=5 isGenerating=true isAiLoading=false scrollPct=1.00
[10:51:49.957] CHUNK | len=1 isAiLoading=false
[10:51:49.957] RENDER | msgs=6 rendered=5 isGenerating=true isAiLoading=false scrollPct=1.00
[10:51:50.001] CHUNK | len=1 isAiLoading=false
[10:51:50.002] RENDER | msgs=6 rendered=5 isGenerating=true isAiLoading=false scrollPct=1.00
[10:51:50.056] CHUNK | len=7 isAiLoading=false
[10:51:50.056] RENDER | msgs=6 rendered=5 isGenerating=true isAiLoading=false scrollPct=1.00
[10:51:50.104] CHUNK | len=4 isAiLoading=false
[10:51:50.104] RENDER | msgs=6 rendered=5 isGenerating=true isAiLoading=false scrollPct=1.00
[10:51:50.152] CHUNK | len=4 isAiLoading=false
[10:51:50.152] RENDER | msgs=6 rendered=5 isGenerating=true isAiLoading=false scrollPct=1.00
[10:51:50.199] CHUNK | len=3 isAiLoading=false
[10:51:50.199] RENDER | msgs=6 rendered=5 isGenerating=true isAiLoading=false scrollPct=1.00
[10:51:50.245] CHUNK | len=3 isAiLoading=false
[10:51:50.245] RENDER | msgs=6 rendered=5 isGenerating=true isAiLoading=false scrollPct=1.00
[10:51:50.293] CHUNK | len=7 isAiLoading=false
[10:51:50.293] RENDER | msgs=6 rendered=5 isGenerating=true isAiLoading=false scrollPct=1.00
[10:51:50.338] CHUNK | len=8 isAiLoading=false
[10:51:50.338] RENDER | msgs=6 rendered=5 isGenerating=true isAiLoading=false scrollPct=1.00
[10:51:50.383] CHUNK | len=4 isAiLoading=false
[10:51:50.383] RENDER | msgs=6 rendered=5 isGenerating=true isAiLoading=false scrollPct=1.00
[10:51:50.427] CHUNK | len=10 isAiLoading=false
[10:51:50.427] RENDER | msgs=6 rendered=5 isGenerating=true isAiLoading=false scrollPct=1.00
[10:51:50.472] CHUNK | len=1 isAiLoading=false
[10:51:50.472] RENDER | msgs=6 rendered=5 isGenerating=true isAiLoading=false scrollPct=1.00
[10:51:50.517] CHUNK | len=5 isAiLoading=false
[10:51:50.517] RENDER | msgs=6 rendered=5 isGenerating=true isAiLoading=false scrollPct=1.00
[10:51:50.563] CHUNK | len=3 isAiLoading=false
[10:51:50.563] RENDER | msgs=6 rendered=5 isGenerating=true isAiLoading=false scrollPct=1.00
[10:51:50.611] CHUNK | len=6 isAiLoading=false
[10:51:50.611] RENDER | msgs=6 rendered=5 isGenerating=true isAiLoading=false scrollPct=1.00
[10:51:50.656] CHUNK | len=5 isAiLoading=false
[10:51:50.656] RENDER | msgs=6 rendered=5 isGenerating=true isAiLoading=false scrollPct=1.00
[10:51:50.716] CHUNK | len=6 isAiLoading=false
[10:51:50.716] RENDER | msgs=6 rendered=5 isGenerating=true isAiLoading=false scrollPct=1.00
[10:51:50.764] CHUNK | len=10 isAiLoading=false
[10:51:50.764] RENDER | msgs=6 rendered=5 isGenerating=true isAiLoading=false scrollPct=1.00
[10:51:50.808] CHUNK | len=4 isAiLoading=false
[10:51:50.809] RENDER | msgs=6 rendered=5 isGenerating=true isAiLoading=false scrollPct=1.00
[10:51:50.857] CHUNK | len=6 isAiLoading=false
[10:51:50.857] RENDER | msgs=6 rendered=5 isGenerating=true isAiLoading=false scrollPct=1.00
[10:51:50.902] CHUNK | len=1 isAiLoading=false
[10:51:50.902] RENDER | msgs=6 rendered=5 isGenerating=true isAiLoading=false scrollPct=1.00
[10:51:50.950] CHUNK | len=2 isAiLoading=false
[10:51:50.950] RENDER | msgs=6 rendered=5 isGenerating=true isAiLoading=false scrollPct=1.00
[10:51:50.994] CHUNK | len=1 isAiLoading=false
[10:51:50.994] RENDER | msgs=6 rendered=5 isGenerating=true isAiLoading=false scrollPct=1.00
[10:51:51.046] CHUNK | len=1 isAiLoading=false
[10:51:51.046] RENDER | msgs=6 rendered=5 isGenerating=true isAiLoading=false scrollPct=1.00
[10:51:51.093] CHUNK | len=2 isAiLoading=false
[10:51:51.093] RENDER | msgs=6 rendered=5 isGenerating=true isAiLoading=false scrollPct=1.00
[10:51:51.135] CHUNK | len=2 isAiLoading=false
[10:51:51.136] RENDER | msgs=6 rendered=5 isGenerating=true isAiLoading=false scrollPct=1.00
[10:51:51.182] CHUNK | len=4 isAiLoading=false
[10:51:51.182] RENDER | msgs=6 rendered=5 isGenerating=true isAiLoading=false scrollPct=1.00
[10:51:51.228] CHUNK | len=2 isAiLoading=false
[10:51:51.228] RENDER | msgs=6 rendered=5 isGenerating=true isAiLoading=false scrollPct=1.00
[10:51:51.275] CHUNK | len=5 isAiLoading=false
[10:51:51.275] RENDER | msgs=6 rendered=5 isGenerating=true isAiLoading=false scrollPct=1.00
[10:51:51.322] CHUNK | len=3 isAiLoading=false
[10:51:51.322] RENDER | msgs=6 rendered=5 isGenerating=true isAiLoading=false scrollPct=1.00
[10:51:51.368] CHUNK | len=5 isAiLoading=false
[10:51:51.368] RENDER | msgs=6 rendered=5 isGenerating=true isAiLoading=false scrollPct=1.00
[10:51:51.416] CHUNK | len=5 isAiLoading=false
[10:51:51.416] RENDER | msgs=6 rendered=5 isGenerating=true isAiLoading=false scrollPct=1.00
[10:51:51.464] CHUNK | len=2 isAiLoading=false
[10:51:51.464] RENDER | msgs=6 rendered=5 isGenerating=true isAiLoading=false scrollPct=1.00
[10:51:51.511] CHUNK | len=4 isAiLoading=false
[10:51:51.511] RENDER | msgs=6 rendered=5 isGenerating=true isAiLoading=false scrollPct=1.00
[10:51:51.559] CHUNK | len=6 isAiLoading=false
[10:51:51.559] RENDER | msgs=6 rendered=5 isGenerating=true isAiLoading=false scrollPct=1.00
[10:51:51.605] CHUNK | len=3 isAiLoading=false
[10:51:51.605] RENDER | msgs=6 rendered=5 isGenerating=true isAiLoading=false scrollPct=1.00
[10:51:51.653] CHUNK | len=8 isAiLoading=false
[10:51:51.653] RENDER | msgs=6 rendered=5 isGenerating=true isAiLoading=false scrollPct=1.00
[10:51:51.698] CHUNK | len=3 isAiLoading=false
[10:51:51.698] RENDER | msgs=6 rendered=5 isGenerating=true isAiLoading=false scrollPct=1.00
[10:51:51.749] CHUNK | len=4 isAiLoading=false
[10:51:51.749] RENDER | msgs=6 rendered=5 isGenerating=true isAiLoading=false scrollPct=1.00
[10:51:51.796] CHUNK | len=9 isAiLoading=false
[10:51:51.796] RENDER | msgs=6 rendered=5 isGenerating=true isAiLoading=false scrollPct=1.00
[10:51:51.845] CHUNK | len=1 isAiLoading=false
[10:51:51.845] RENDER | msgs=6 rendered=5 isGenerating=true isAiLoading=false scrollPct=1.00
[10:51:51.893] CHUNK | len=1 isAiLoading=false
[10:51:51.893] RENDER | msgs=6 rendered=5 isGenerating=true isAiLoading=false scrollPct=1.00
[10:51:51.941] CHUNK | len=1 isAiLoading=false
[10:51:51.941] RENDER | msgs=6 rendered=5 isGenerating=true isAiLoading=false scrollPct=1.00
[10:51:51.989] CHUNK | len=1 isAiLoading=false
[10:51:51.990] RENDER | msgs=6 rendered=5 isGenerating=true isAiLoading=false scrollPct=1.00
[10:51:52.036] CHUNK | len=2 isAiLoading=false
[10:51:52.036] RENDER | msgs=6 rendered=5 isGenerating=true isAiLoading=false scrollPct=1.00
[10:51:52.081] CHUNK | len=2 isAiLoading=false
[10:51:52.081] RENDER | msgs=6 rendered=5 isGenerating=true isAiLoading=false scrollPct=1.00
[10:51:52.126] CHUNK | len=5 isAiLoading=false
[10:51:52.126] RENDER | msgs=6 rendered=5 isGenerating=true isAiLoading=false scrollPct=1.00
[10:51:52.172] CHUNK | len=2 isAiLoading=false
[10:51:52.172] RENDER | msgs=6 rendered=5 isGenerating=true isAiLoading=false scrollPct=1.00
[10:51:52.217] CHUNK | len=4 isAiLoading=false
[10:51:52.217] RENDER | msgs=6 rendered=5 isGenerating=true isAiLoading=false scrollPct=1.00
[10:51:52.263] CHUNK | len=6 isAiLoading=false
[10:51:52.263] RENDER | msgs=6 rendered=5 isGenerating=true isAiLoading=false scrollPct=1.00
[10:51:52.314] CHUNK | len=3 isAiLoading=false
[10:51:52.314] RENDER | msgs=6 rendered=5 isGenerating=true isAiLoading=false scrollPct=1.00
[10:51:52.360] CHUNK | len=4 isAiLoading=false
[10:51:52.360] RENDER | msgs=6 rendered=5 isGenerating=true isAiLoading=false scrollPct=1.00
[10:51:52.405] CHUNK | len=7 isAiLoading=false
[10:51:52.405] RENDER | msgs=6 rendered=5 isGenerating=true isAiLoading=false scrollPct=1.00
[10:51:52.450] CHUNK | len=10 isAiLoading=false
[10:51:52.450] RENDER | msgs=6 rendered=5 isGenerating=true isAiLoading=false scrollPct=1.00
[10:51:52.497] CHUNK | len=4 isAiLoading=false
[10:51:52.497] RENDER | msgs=6 rendered=5 isGenerating=true isAiLoading=false scrollPct=1.00
[10:51:52.545] CHUNK | len=7 isAiLoading=false
[10:51:52.545] RENDER | msgs=6 rendered=5 isGenerating=true isAiLoading=false scrollPct=1.00
[10:51:52.590] CHUNK | len=1 isAiLoading=false
[10:51:52.590] RENDER | msgs=6 rendered=5 isGenerating=true isAiLoading=false scrollPct=1.00
[10:51:52.636] CHUNK | len=8 isAiLoading=false
[10:51:52.636] RENDER | msgs=6 rendered=5 isGenerating=true isAiLoading=false scrollPct=1.00
[10:51:52.681] CHUNK | len=1 isAiLoading=false
[10:51:52.681] RENDER | msgs=6 rendered=5 isGenerating=true isAiLoading=false scrollPct=1.00
[10:51:52.726] CHUNK | len=3 isAiLoading=false
[10:51:52.726] RENDER | msgs=6 rendered=5 isGenerating=true isAiLoading=false scrollPct=1.00
[10:51:52.772] CHUNK | len=2 isAiLoading=false
[10:51:52.772] RENDER | msgs=6 rendered=5 isGenerating=true isAiLoading=false scrollPct=1.00
[10:51:52.818] CHUNK | len=9 isAiLoading=false
[10:51:52.818] RENDER | msgs=6 rendered=5 isGenerating=true isAiLoading=false scrollPct=1.00
[10:51:52.864] CHUNK | len=1 isAiLoading=false
[10:51:52.864] RENDER | msgs=6 rendered=5 isGenerating=true isAiLoading=false scrollPct=1.00
[10:51:52.912] CHUNK | len=1 isAiLoading=false
[10:51:52.912] RENDER | msgs=6 rendered=5 isGenerating=true isAiLoading=false scrollPct=1.00
[10:51:52.957] CHUNK | len=1 isAiLoading=false
[10:51:52.957] RENDER | msgs=6 rendered=5 isGenerating=true isAiLoading=false scrollPct=1.00
[10:51:53.004] CHUNK | len=1 isAiLoading=false
[10:51:53.004] RENDER | msgs=6 rendered=5 isGenerating=true isAiLoading=false scrollPct=0.00
[10:51:53.055] CHUNK | len=2 isAiLoading=false
[10:51:53.055] RENDER | msgs=6 rendered=5 isGenerating=true isAiLoading=false scrollPct=0.00
[10:51:53.097] CHUNK | len=2 isAiLoading=false
[10:51:53.097] RENDER | msgs=6 rendered=5 isGenerating=true isAiLoading=false scrollPct=0.00
[10:51:53.155] CHUNK | len=5 isAiLoading=false
[10:51:53.155] RENDER | msgs=6 rendered=5 isGenerating=true isAiLoading=false scrollPct=0.00
[10:51:53.201] CHUNK | len=10 isAiLoading=false
[10:51:53.201] RENDER | msgs=6 rendered=5 isGenerating=true isAiLoading=false scrollPct=0.00
[10:51:53.248] CHUNK | len=3 isAiLoading=false
[10:51:53.248] RENDER | msgs=6 rendered=5 isGenerating=true isAiLoading=false scrollPct=0.00
[10:51:53.295] CHUNK | len=2 isAiLoading=false
[10:51:53.296] RENDER | msgs=6 rendered=5 isGenerating=true isAiLoading=false scrollPct=0.00
[10:51:53.341] CHUNK | len=5 isAiLoading=false
[10:51:53.341] RENDER | msgs=6 rendered=5 isGenerating=true isAiLoading=false scrollPct=0.00
[10:51:53.387] CHUNK | len=1 isAiLoading=false
[10:51:53.387] RENDER | msgs=6 rendered=5 isGenerating=true isAiLoading=false scrollPct=0.00
[10:51:53.433] CHUNK | len=6 isAiLoading=false
[10:51:53.433] RENDER | msgs=6 rendered=5 isGenerating=true isAiLoading=false scrollPct=0.00
[10:51:53.478] CHUNK | len=6 isAiLoading=false
[10:51:53.479] RENDER | msgs=6 rendered=5 isGenerating=true isAiLoading=false scrollPct=0.00
[10:51:53.524] CHUNK | len=1 isAiLoading=false
[10:51:53.524] RENDER | msgs=6 rendered=5 isGenerating=true isAiLoading=false scrollPct=0.00
[10:51:53.571] CHUNK | len=3 isAiLoading=false
[10:51:53.571] RENDER | msgs=6 rendered=5 isGenerating=true isAiLoading=false scrollPct=0.00
[10:51:53.615] CHUNK | len=5 isAiLoading=false
[10:51:53.615] RENDER | msgs=6 rendered=5 isGenerating=true isAiLoading=false scrollPct=0.00
[10:51:53.660] CHUNK | len=5 isAiLoading=false
[10:51:53.660] RENDER | msgs=6 rendered=5 isGenerating=true isAiLoading=false scrollPct=0.00
[10:51:53.709] CHUNK | len=8 isAiLoading=false
[10:51:53.709] RENDER | msgs=6 rendered=5 isGenerating=true isAiLoading=false scrollPct=0.00
[10:51:53.756] CHUNK | len=6 isAiLoading=false
[10:51:53.757] RENDER | msgs=6 rendered=5 isGenerating=true isAiLoading=false scrollPct=0.00
[10:51:53.803] CHUNK | len=5 isAiLoading=false
[10:51:53.803] RENDER | msgs=6 rendered=5 isGenerating=true isAiLoading=false scrollPct=0.00
[10:51:53.848] CHUNK | len=9 isAiLoading=false
[10:51:53.848] RENDER | msgs=6 rendered=5 isGenerating=true isAiLoading=false scrollPct=0.00
[10:51:53.897] CHUNK | len=1 isAiLoading=false
[10:51:53.897] RENDER | msgs=6 rendered=5 isGenerating=true isAiLoading=false scrollPct=0.00
[10:51:53.942] CHUNK | len=1 isAiLoading=false
[10:51:53.942] RENDER | msgs=6 rendered=5 isGenerating=true isAiLoading=false scrollPct=0.00
[10:51:53.985] CHUNK | len=1 isAiLoading=false
[10:51:53.985] RENDER | msgs=6 rendered=5 isGenerating=true isAiLoading=false scrollPct=0.00
[10:51:54.030] CHUNK | len=1 isAiLoading=false
[10:51:54.030] RENDER | msgs=6 rendered=5 isGenerating=true isAiLoading=false scrollPct=0.00
[10:51:54.079] CHUNK | len=2 isAiLoading=false
[10:51:54.079] RENDER | msgs=6 rendered=5 isGenerating=true isAiLoading=false scrollPct=0.00
[10:51:54.121] CHUNK | len=2 isAiLoading=false
[10:51:54.121] RENDER | msgs=6 rendered=5 isGenerating=true isAiLoading=false scrollPct=0.00
[10:51:54.166] CHUNK | len=5 isAiLoading=false
[10:51:54.166] RENDER | msgs=6 rendered=5 isGenerating=true isAiLoading=false scrollPct=0.00
[10:51:54.212] CHUNK | len=2 isAiLoading=false
[10:51:54.212] RENDER | msgs=6 rendered=5 isGenerating=true isAiLoading=false scrollPct=0.00
[10:51:54.258] CHUNK | len=9 isAiLoading=false
[10:51:54.258] RENDER | msgs=6 rendered=5 isGenerating=true isAiLoading=false scrollPct=0.00
[10:51:54.304] CHUNK | len=8 isAiLoading=false
[10:51:54.304] RENDER | msgs=6 rendered=5 isGenerating=true isAiLoading=false scrollPct=0.00
[10:51:54.364] CHUNK | len=3 isAiLoading=false
[10:51:54.364] RENDER | msgs=6 rendered=5 isGenerating=true isAiLoading=false scrollPct=0.00
[10:51:54.412] CHUNK | len=6 isAiLoading=false
[10:51:54.412] RENDER | msgs=6 rendered=5 isGenerating=true isAiLoading=false scrollPct=0.00
[10:51:54.458] CHUNK | len=1 isAiLoading=false
[10:51:54.458] RENDER | msgs=6 rendered=5 isGenerating=true isAiLoading=false scrollPct=0.00
[10:51:54.504] CHUNK | len=5 isAiLoading=false
[10:51:54.504] RENDER | msgs=6 rendered=5 isGenerating=true isAiLoading=false scrollPct=0.00
[10:51:54.549] CHUNK | len=1 isAiLoading=false
[10:51:54.549] RENDER | msgs=6 rendered=5 isGenerating=true isAiLoading=false scrollPct=0.00
[10:51:54.595] CHUNK | len=6 isAiLoading=false
[10:51:54.595] RENDER | msgs=6 rendered=5 isGenerating=true isAiLoading=false scrollPct=0.00
[10:51:54.644] CHUNK | len=10 isAiLoading=false
[10:51:54.644] RENDER | msgs=6 rendered=5 isGenerating=true isAiLoading=false scrollPct=0.00
[10:51:54.690] CHUNK | len=5 isAiLoading=false
[10:51:54.690] RENDER | msgs=6 rendered=5 isGenerating=true isAiLoading=false scrollPct=0.00
[10:51:54.736] CHUNK | len=5 isAiLoading=false
[10:51:54.736] RENDER | msgs=6 rendered=5 isGenerating=true isAiLoading=false scrollPct=0.00
[10:51:54.784] CHUNK | len=1 isAiLoading=false
[10:51:54.784] RENDER | msgs=6 rendered=5 isGenerating=true isAiLoading=false scrollPct=0.00
[10:51:54.830] CHUNK | len=4 isAiLoading=false
[10:51:54.830] RENDER | msgs=6 rendered=5 isGenerating=true isAiLoading=false scrollPct=0.00
[10:51:54.879] CHUNK | len=9 isAiLoading=false
[10:51:54.879] RENDER | msgs=6 rendered=5 isGenerating=true isAiLoading=false scrollPct=0.00
[10:51:54.926] CHUNK | len=5 isAiLoading=false
[10:51:54.926] RENDER | msgs=6 rendered=5 isGenerating=true isAiLoading=false scrollPct=0.00
[10:51:54.973] CHUNK | len=5 isAiLoading=false
[10:51:54.973] RENDER | msgs=6 rendered=5 isGenerating=true isAiLoading=false scrollPct=0.00
[10:51:55.019] CHUNK | len=5 isAiLoading=false
[10:51:55.019] RENDER | msgs=6 rendered=5 isGenerating=true isAiLoading=false scrollPct=0.00
[10:51:55.067] CHUNK | len=6 isAiLoading=false
[10:51:55.067] RENDER | msgs=6 rendered=5 isGenerating=true isAiLoading=false scrollPct=0.00
[10:51:55.122] CHUNK | len=7 isAiLoading=false
[10:51:55.122] RENDER | msgs=6 rendered=5 isGenerating=true isAiLoading=false scrollPct=0.00
[10:51:55.167] CHUNK | len=1 isAiLoading=false
[10:51:55.167] RENDER | msgs=6 rendered=5 isGenerating=true isAiLoading=false scrollPct=0.00
[10:51:55.214] CHUNK | len=1 isAiLoading=false
[10:51:55.214] RENDER | msgs=6 rendered=5 isGenerating=true isAiLoading=false scrollPct=0.00
[10:51:55.256] CHUNK | len=1 isAiLoading=false
[10:51:55.256] RENDER | msgs=6 rendered=5 isGenerating=true isAiLoading=false scrollPct=0.00
[10:51:55.303] CHUNK | len=1 isAiLoading=false
[10:51:55.304] RENDER | msgs=6 rendered=5 isGenerating=true isAiLoading=false scrollPct=0.00
[10:51:55.350] CHUNK | len=2 isAiLoading=false
[10:51:55.350] RENDER | msgs=6 rendered=5 isGenerating=true isAiLoading=false scrollPct=0.00
[10:51:55.392] CHUNK | len=2 isAiLoading=false
[10:51:55.392] RENDER | msgs=6 rendered=5 isGenerating=true isAiLoading=false scrollPct=0.00
[10:51:55.435] CHUNK | len=4 isAiLoading=false
[10:51:55.435] RENDER | msgs=6 rendered=5 isGenerating=true isAiLoading=false scrollPct=0.00
[10:51:55.477] CHUNK | len=2 isAiLoading=false
[10:51:55.478] RENDER | msgs=6 rendered=5 isGenerating=true isAiLoading=false scrollPct=0.00
[10:51:55.521] CHUNK | len=5 isAiLoading=false
[10:51:55.521] RENDER | msgs=6 rendered=5 isGenerating=true isAiLoading=false scrollPct=0.00
[10:51:55.573] CHUNK | len=3 isAiLoading=false
[10:51:55.573] RENDER | msgs=6 rendered=5 isGenerating=true isAiLoading=false scrollPct=0.00
[10:51:55.618] CHUNK | len=6 isAiLoading=false
[10:51:55.618] RENDER | msgs=6 rendered=5 isGenerating=true isAiLoading=false scrollPct=0.00
[10:51:55.660] CHUNK | len=6 isAiLoading=false
[10:51:55.660] RENDER | msgs=6 rendered=5 isGenerating=true isAiLoading=false scrollPct=0.00
[10:51:55.705] CHUNK | len=1 isAiLoading=false
[10:51:55.705] RENDER | msgs=6 rendered=5 isGenerating=true isAiLoading=false scrollPct=0.00
[10:51:55.750] CHUNK | len=6 isAiLoading=false
[10:51:55.750] RENDER | msgs=6 rendered=5 isGenerating=true isAiLoading=false scrollPct=0.00
[10:51:55.794] CHUNK | len=6 isAiLoading=false
[10:51:55.794] RENDER | msgs=6 rendered=5 isGenerating=true isAiLoading=false scrollPct=0.00
[10:51:55.839] CHUNK | len=1 isAiLoading=false
[10:51:55.839] RENDER | msgs=6 rendered=5 isGenerating=true isAiLoading=false scrollPct=0.00
[10:51:55.882] CHUNK | len=8 isAiLoading=false
[10:51:55.882] RENDER | msgs=6 rendered=5 isGenerating=true isAiLoading=false scrollPct=0.00
[10:51:55.925] CHUNK | len=2 isAiLoading=false
[10:51:55.925] RENDER | msgs=6 rendered=5 isGenerating=true isAiLoading=false scrollPct=0.00
[10:51:55.968] CHUNK | len=9 isAiLoading=false
[10:51:55.968] RENDER | msgs=6 rendered=5 isGenerating=true isAiLoading=false scrollPct=0.00
[10:51:56.011] CHUNK | len=5 isAiLoading=false
[10:51:56.011] RENDER | msgs=6 rendered=5 isGenerating=true isAiLoading=false scrollPct=0.00
[10:51:56.060] CHUNK | len=8 isAiLoading=false
[10:51:56.060] RENDER | msgs=6 rendered=5 isGenerating=true isAiLoading=false scrollPct=0.00
[10:51:56.106] CHUNK | len=5 isAiLoading=false
[10:51:56.106] RENDER | msgs=6 rendered=5 isGenerating=true isAiLoading=false scrollPct=0.00
[10:51:56.151] CHUNK | len=5 isAiLoading=false
[10:51:56.151] RENDER | msgs=6 rendered=5 isGenerating=true isAiLoading=false scrollPct=0.00
[10:51:56.198] CHUNK | len=1 isAiLoading=false
[10:51:56.198] RENDER | msgs=6 rendered=5 isGenerating=true isAiLoading=false scrollPct=0.00
[10:51:56.242] CHUNK | len=1 isAiLoading=false
[10:51:56.242] RENDER | msgs=6 rendered=5 isGenerating=true isAiLoading=false scrollPct=0.00
[10:51:56.288] CHUNK | len=1 isAiLoading=false
[10:51:56.288] RENDER | msgs=6 rendered=5 isGenerating=true isAiLoading=false scrollPct=0.00
[10:51:56.337] CHUNK | len=1 isAiLoading=false
[10:51:56.337] RENDER | msgs=6 rendered=5 isGenerating=true isAiLoading=false scrollPct=0.00
[10:51:56.380] CHUNK | len=2 isAiLoading=false
[10:51:56.380] RENDER | msgs=6 rendered=5 isGenerating=true isAiLoading=false scrollPct=0.00
[10:51:56.424] CHUNK | len=2 isAiLoading=false
[10:51:56.424] RENDER | msgs=6 rendered=5 isGenerating=true isAiLoading=false scrollPct=0.00
[10:51:56.471] CHUNK | len=8 isAiLoading=false
[10:51:56.471] RENDER | msgs=6 rendered=5 isGenerating=true isAiLoading=false scrollPct=0.00
[10:51:56.517] CHUNK | len=3 isAiLoading=false
[10:51:56.517] RENDER | msgs=6 rendered=5 isGenerating=true isAiLoading=false scrollPct=0.00
[10:51:56.564] CHUNK | len=2 isAiLoading=false
[10:51:56.564] RENDER | msgs=6 rendered=5 isGenerating=true isAiLoading=false scrollPct=0.00
[10:51:56.611] CHUNK | len=5 isAiLoading=false
[10:51:56.611] RENDER | msgs=6 rendered=5 isGenerating=true isAiLoading=false scrollPct=0.00
[10:51:56.655] CHUNK | len=1 isAiLoading=false
[10:51:56.655] RENDER | msgs=6 rendered=5 isGenerating=true isAiLoading=false scrollPct=0.00
[10:51:56.702] CHUNK | len=5 isAiLoading=false
[10:51:56.702] RENDER | msgs=6 rendered=5 isGenerating=true isAiLoading=false scrollPct=0.00
[10:51:56.753] CHUNK | len=1 isAiLoading=false
[10:51:56.753] RENDER | msgs=6 rendered=5 isGenerating=true isAiLoading=false scrollPct=0.00
[10:51:56.800] CHUNK | len=3 isAiLoading=false
[10:51:56.800] RENDER | msgs=6 rendered=5 isGenerating=true isAiLoading=false scrollPct=0.00
[10:51:56.841] CHUNK | len=2 isAiLoading=false
[10:51:56.841] RENDER | msgs=6 rendered=5 isGenerating=true isAiLoading=false scrollPct=0.00
[10:51:56.884] CHUNK | len=6 isAiLoading=false
[10:51:56.884] RENDER | msgs=6 rendered=5 isGenerating=true isAiLoading=false scrollPct=0.00
[10:51:56.889] KEY | key="j" isGenerating=true
[10:51:56.930] CHUNK | len=8 isAiLoading=false
[10:51:56.930] RENDER | msgs=6 rendered=5 isGenerating=true isAiLoading=false scrollPct=0.25
[10:51:56.972] CHUNK | len=4 isAiLoading=false
[10:51:56.973] RENDER | msgs=6 rendered=5 isGenerating=true isAiLoading=false scrollPct=0.25
[10:51:57.016] CHUNK | len=3 isAiLoading=false
[10:51:57.016] RENDER | msgs=6 rendered=5 isGenerating=true isAiLoading=false scrollPct=0.25
[10:51:57.050] KEY | key="j" isGenerating=true
[10:51:57.065] CHUNK | len=11 isAiLoading=false
[10:51:57.065] RENDER | msgs=6 rendered=5 isGenerating=true isAiLoading=false scrollPct=0.50
[10:51:57.114] CHUNK | len=11 isAiLoading=false
[10:51:57.114] RENDER | msgs=6 rendered=5 isGenerating=true isAiLoading=false scrollPct=0.50
[10:51:57.160] CHUNK | len=1 isAiLoading=false
[10:51:57.160] RENDER | msgs=6 rendered=5 isGenerating=true isAiLoading=false scrollPct=0.50
[10:51:57.206] CHUNK | len=1 isAiLoading=false
[10:51:57.206] RENDER | msgs=6 rendered=5 isGenerating=true isAiLoading=false scrollPct=0.50
[10:51:57.211] KEY | key="j" isGenerating=true
[10:51:57.252] CHUNK | len=1 isAiLoading=false
[10:51:57.252] RENDER | msgs=6 rendered=5 isGenerating=true isAiLoading=false scrollPct=0.75
[10:51:57.303] CHUNK | len=1 isAiLoading=false
[10:51:57.303] RENDER | msgs=6 rendered=5 isGenerating=true isAiLoading=false scrollPct=0.60
[10:51:57.347] CHUNK | len=2 isAiLoading=false
[10:51:57.347] RENDER | msgs=6 rendered=5 isGenerating=true isAiLoading=false scrollPct=0.60
[10:51:57.391] CHUNK | len=2 isAiLoading=false
[10:51:57.391] RENDER | msgs=6 rendered=5 isGenerating=true isAiLoading=false scrollPct=0.60
[10:51:57.438] CHUNK | len=4 isAiLoading=false
[10:51:57.439] RENDER | msgs=6 rendered=5 isGenerating=true isAiLoading=false scrollPct=0.60
[10:51:57.484] CHUNK | len=3 isAiLoading=false
[10:51:57.485] RENDER | msgs=6 rendered=5 isGenerating=true isAiLoading=false scrollPct=0.60
[10:51:57.532] CHUNK | len=5 isAiLoading=false
[10:51:57.532] RENDER | msgs=6 rendered=5 isGenerating=true isAiLoading=false scrollPct=0.60
[10:51:57.580] CHUNK | len=3 isAiLoading=false
[10:51:57.580] RENDER | msgs=6 rendered=5 isGenerating=true isAiLoading=false scrollPct=0.60
[10:51:57.628] CHUNK | len=4 isAiLoading=false
[10:51:57.628] RENDER | msgs=6 rendered=5 isGenerating=true isAiLoading=false scrollPct=0.60
[10:51:57.674] CHUNK | len=2 isAiLoading=false
[10:51:57.674] RENDER | msgs=6 rendered=5 isGenerating=true isAiLoading=false scrollPct=0.60
[10:51:57.721] CHUNK | len=4 isAiLoading=false
[10:51:57.721] RENDER | msgs=6 rendered=5 isGenerating=true isAiLoading=false scrollPct=0.60
[10:51:57.766] CHUNK | len=7 isAiLoading=false
[10:51:57.766] RENDER | msgs=6 rendered=5 isGenerating=true isAiLoading=false scrollPct=0.60
[10:51:57.813] CHUNK | len=3 isAiLoading=false
[10:51:57.813] RENDER | msgs=6 rendered=5 isGenerating=true isAiLoading=false scrollPct=0.60
[10:51:57.860] CHUNK | len=5 isAiLoading=false
[10:51:57.860] RENDER | msgs=6 rendered=5 isGenerating=true isAiLoading=false scrollPct=0.60
[10:51:57.909] CHUNK | len=10 isAiLoading=false
[10:51:57.909] RENDER | msgs=6 rendered=5 isGenerating=true isAiLoading=false scrollPct=0.60
[10:51:57.960] CHUNK | len=4 isAiLoading=false
[10:51:57.960] RENDER | msgs=6 rendered=5 isGenerating=true isAiLoading=false scrollPct=0.60
[10:51:58.009] CHUNK | len=3 isAiLoading=false
[10:51:58.009] RENDER | msgs=6 rendered=5 isGenerating=true isAiLoading=false scrollPct=0.60
[10:51:58.057] CHUNK | len=2 isAiLoading=false
[10:51:58.057] RENDER | msgs=6 rendered=5 isGenerating=true isAiLoading=false scrollPct=0.60
[10:51:58.106] CHUNK | len=7 isAiLoading=false
[10:51:58.106] RENDER | msgs=6 rendered=5 isGenerating=true isAiLoading=false scrollPct=0.60
[10:51:58.150] CHUNK | len=7 isAiLoading=false
[10:51:58.150] RENDER | msgs=6 rendered=5 isGenerating=true isAiLoading=false scrollPct=0.60
[10:51:58.196] CHUNK | len=3 isAiLoading=false
[10:51:58.196] RENDER | msgs=6 rendered=5 isGenerating=true isAiLoading=false scrollPct=0.60
[10:51:58.242] CHUNK | len=1 isAiLoading=false
[10:51:58.242] RENDER | msgs=6 rendered=5 isGenerating=true isAiLoading=false scrollPct=0.60
[10:51:58.289] CHUNK | len=1 isAiLoading=false
[10:51:58.289] RENDER | msgs=6 rendered=5 isGenerating=true isAiLoading=false scrollPct=0.60
[10:51:58.333] CHUNK | len=1 isAiLoading=false
[10:51:58.333] RENDER | msgs=6 rendered=5 isGenerating=true isAiLoading=false scrollPct=0.60
[10:51:58.378] CHUNK | len=1 isAiLoading=false
[10:51:58.378] RENDER | msgs=6 rendered=5 isGenerating=true isAiLoading=false scrollPct=0.50
[10:51:58.425] CHUNK | len=2 isAiLoading=false
[10:51:58.425] RENDER | msgs=6 rendered=5 isGenerating=true isAiLoading=false scrollPct=0.50
[10:51:58.467] CHUNK | len=2 isAiLoading=false
[10:51:58.467] RENDER | msgs=6 rendered=5 isGenerating=true isAiLoading=false scrollPct=0.50
[10:51:58.510] CHUNK | len=5 isAiLoading=false
[10:51:58.510] RENDER | msgs=6 rendered=5 isGenerating=true isAiLoading=false scrollPct=0.50
[10:51:58.554] CHUNK | len=4 isAiLoading=false
[10:51:58.554] RENDER | msgs=6 rendered=5 isGenerating=true isAiLoading=false scrollPct=0.50
[10:51:58.598] CHUNK | len=9 isAiLoading=false
[10:51:58.598] RENDER | msgs=6 rendered=5 isGenerating=true isAiLoading=false scrollPct=0.50
[10:51:58.642] CHUNK | len=3 isAiLoading=false
[10:51:58.642] RENDER | msgs=6 rendered=5 isGenerating=true isAiLoading=false scrollPct=0.50
[10:51:58.691] CHUNK | len=2 isAiLoading=false
[10:51:58.691] RENDER | msgs=6 rendered=5 isGenerating=true isAiLoading=false scrollPct=0.50
[10:51:58.735] CHUNK | len=6 isAiLoading=false
[10:51:58.735] RENDER | msgs=6 rendered=5 isGenerating=true isAiLoading=false scrollPct=0.50
[10:51:58.777] CHUNK | len=5 isAiLoading=false
[10:51:58.777] RENDER | msgs=6 rendered=5 isGenerating=true isAiLoading=false scrollPct=0.50
[10:51:58.820] CHUNK | len=4 isAiLoading=false
[10:51:58.820] RENDER | msgs=6 rendered=5 isGenerating=true isAiLoading=false scrollPct=0.50
[10:51:58.863] CHUNK | len=8 isAiLoading=false
[10:51:58.863] RENDER | msgs=6 rendered=5 isGenerating=true isAiLoading=false scrollPct=0.50
[10:51:58.906] CHUNK | len=2 isAiLoading=false
[10:51:58.906] RENDER | msgs=6 rendered=5 isGenerating=true isAiLoading=false scrollPct=0.50
[10:51:58.948] CHUNK | len=6 isAiLoading=false
[10:51:58.948] RENDER | msgs=6 rendered=5 isGenerating=true isAiLoading=false scrollPct=0.50
[10:51:58.978] KEY | key="j" isGenerating=true
[10:51:58.991] CHUNK | len=3 isAiLoading=false
[10:51:58.991] RENDER | msgs=6 rendered=5 isGenerating=true isAiLoading=false scrollPct=0.67
[10:51:59.040] CHUNK | len=15 isAiLoading=false
[10:51:59.040] RENDER | msgs=6 rendered=5 isGenerating=true isAiLoading=false scrollPct=0.67
[10:51:59.089] CHUNK | len=4 isAiLoading=false
[10:51:59.089] RENDER | msgs=6 rendered=5 isGenerating=true isAiLoading=false scrollPct=0.67
[10:51:59.135] KEY | key="j" isGenerating=true
[10:51:59.144] CHUNK | len=8 isAiLoading=false
[10:51:59.144] RENDER | msgs=6 rendered=5 isGenerating=true isAiLoading=false scrollPct=0.83
[10:51:59.193] CHUNK | len=1 isAiLoading=false
[10:51:59.193] RENDER | msgs=6 rendered=5 isGenerating=true isAiLoading=false scrollPct=0.83
[10:51:59.240] CHUNK | len=1 isAiLoading=false
[10:51:59.240] RENDER | msgs=6 rendered=5 isGenerating=true isAiLoading=false scrollPct=0.83
[10:51:59.260] KEY | key="j" isGenerating=true
[10:51:59.289] CHUNK | len=1 isAiLoading=false
[10:51:59.289] RENDER | msgs=6 rendered=5 isGenerating=true isAiLoading=false scrollPct=1.00
[10:51:59.336] CHUNK | len=1 isAiLoading=false
[10:51:59.336] RENDER | msgs=6 rendered=5 isGenerating=true isAiLoading=false scrollPct=0.86
[10:51:59.383] CHUNK | len=2 isAiLoading=false
[10:51:59.383] RENDER | msgs=6 rendered=5 isGenerating=true isAiLoading=false scrollPct=0.86
[10:51:59.426] CHUNK | len=2 isAiLoading=false
[10:51:59.426] RENDER | msgs=6 rendered=5 isGenerating=true isAiLoading=false scrollPct=0.86
[10:51:59.472] CHUNK | len=6 isAiLoading=false
[10:51:59.472] RENDER | msgs=6 rendered=5 isGenerating=true isAiLoading=false scrollPct=0.86
[10:51:59.519] CHUNK | len=3 isAiLoading=false
[10:51:59.519] RENDER | msgs=6 rendered=5 isGenerating=true isAiLoading=false scrollPct=0.86
[10:51:59.566] CHUNK | len=6 isAiLoading=false
[10:51:59.566] RENDER | msgs=6 rendered=5 isGenerating=true isAiLoading=false scrollPct=0.86
[10:51:59.612] CHUNK | len=3 isAiLoading=false
[10:51:59.612] RENDER | msgs=6 rendered=5 isGenerating=true isAiLoading=false scrollPct=0.86
[10:51:59.660] CHUNK | len=9 isAiLoading=false
[10:51:59.660] RENDER | msgs=6 rendered=5 isGenerating=true isAiLoading=false scrollPct=0.86
[10:51:59.707] CHUNK | len=4 isAiLoading=false
[10:51:59.707] RENDER | msgs=6 rendered=5 isGenerating=true isAiLoading=false scrollPct=0.86
[10:51:59.755] CHUNK | len=8 isAiLoading=false
[10:51:59.755] RENDER | msgs=6 rendered=5 isGenerating=true isAiLoading=false scrollPct=0.86
[10:51:59.803] CHUNK | len=3 isAiLoading=false
[10:51:59.803] RENDER | msgs=6 rendered=5 isGenerating=true isAiLoading=false scrollPct=0.86
[10:51:59.851] CHUNK | len=8 isAiLoading=false
[10:51:59.851] RENDER | msgs=6 rendered=5 isGenerating=true isAiLoading=false scrollPct=0.86
[10:51:59.897] CHUNK | len=4 isAiLoading=false
[10:51:59.897] RENDER | msgs=6 rendered=5 isGenerating=true isAiLoading=false scrollPct=0.86
[10:51:59.921] KEY | key="j" isGenerating=true
[10:51:59.948] CHUNK | len=10 isAiLoading=false
[10:51:59.948] RENDER | msgs=6 rendered=5 isGenerating=true isAiLoading=false scrollPct=1.00
[10:51:59.995] CHUNK | len=1 isAiLoading=false
[10:51:59.995] RENDER | msgs=6 rendered=5 isGenerating=true isAiLoading=false scrollPct=1.00
[10:52:00.044] CHUNK | len=1 isAiLoading=false
[10:52:00.044] RENDER | msgs=6 rendered=5 isGenerating=true isAiLoading=false scrollPct=1.00
[10:52:00.089] CHUNK | len=1 isAiLoading=false
[10:52:00.089] RENDER | msgs=6 rendered=5 isGenerating=true isAiLoading=false scrollPct=1.00
[10:52:00.136] CHUNK | len=1 isAiLoading=false
[10:52:00.136] RENDER | msgs=6 rendered=5 isGenerating=true isAiLoading=false scrollPct=0.88
[10:52:00.185] CHUNK | len=1 isAiLoading=false
[10:52:00.185] RENDER | msgs=6 rendered=5 isGenerating=true isAiLoading=false scrollPct=0.88
[10:52:00.233] CHUNK | len=3 isAiLoading=false
[10:52:00.233] RENDER | msgs=6 rendered=5 isGenerating=true isAiLoading=false scrollPct=0.88
[10:52:00.279] CHUNK | len=5 isAiLoading=false
[10:52:00.279] RENDER | msgs=6 rendered=5 isGenerating=true isAiLoading=false scrollPct=0.88
[10:52:00.326] CHUNK | len=2 isAiLoading=false
[10:52:00.326] RENDER | msgs=6 rendered=5 isGenerating=true isAiLoading=false scrollPct=0.88
[10:52:00.382] CHUNK | len=12 isAiLoading=false
[10:52:00.382] RENDER | msgs=6 rendered=5 isGenerating=true isAiLoading=false scrollPct=0.88
[10:52:00.429] CHUNK | len=3 isAiLoading=false
[10:52:00.429] RENDER | msgs=6 rendered=5 isGenerating=true isAiLoading=false scrollPct=0.88
[10:52:00.475] CHUNK | len=6 isAiLoading=false
[10:52:00.475] RENDER | msgs=6 rendered=5 isGenerating=true isAiLoading=false scrollPct=0.88
[10:52:00.522] CHUNK | len=10 isAiLoading=false
[10:52:00.522] RENDER | msgs=6 rendered=5 isGenerating=true isAiLoading=false scrollPct=0.88
[10:52:00.570] CHUNK | len=4 isAiLoading=false
[10:52:00.570] RENDER | msgs=6 rendered=5 isGenerating=true isAiLoading=false scrollPct=0.88
[10:52:00.616] CHUNK | len=4 isAiLoading=false
[10:52:00.616] RENDER | msgs=6 rendered=5 isGenerating=true isAiLoading=false scrollPct=0.88
[10:52:00.663] CHUNK | len=7 isAiLoading=false
[10:52:00.663] RENDER | msgs=6 rendered=5 isGenerating=true isAiLoading=false scrollPct=0.88
[10:52:00.708] CHUNK | len=5 isAiLoading=false
[10:52:00.708] RENDER | msgs=6 rendered=5 isGenerating=true isAiLoading=false scrollPct=0.88
[10:52:00.755] CHUNK | len=10 isAiLoading=false
[10:52:00.755] RENDER | msgs=6 rendered=5 isGenerating=true isAiLoading=false scrollPct=0.88
[10:52:00.801] CHUNK | len=1 isAiLoading=false
[10:52:00.801] RENDER | msgs=6 rendered=5 isGenerating=true isAiLoading=false scrollPct=0.88
[10:52:00.849] CHUNK | len=1 isAiLoading=false
[10:52:00.849] RENDER | msgs=6 rendered=5 isGenerating=true isAiLoading=false scrollPct=0.88
[10:52:00.891] CHUNK | len=1 isAiLoading=false
[10:52:00.891] RENDER | msgs=6 rendered=5 isGenerating=true isAiLoading=false scrollPct=0.88
[10:52:00.941] CHUNK | len=1 isAiLoading=false
[10:52:00.941] RENDER | msgs=6 rendered=5 isGenerating=true isAiLoading=false scrollPct=0.78
[10:52:00.990] CHUNK | len=1 isAiLoading=false
[10:52:00.990] RENDER | msgs=6 rendered=5 isGenerating=true isAiLoading=false scrollPct=0.78
[10:52:01.037] CHUNK | len=3 isAiLoading=false
[10:52:01.037] RENDER | msgs=6 rendered=5 isGenerating=true isAiLoading=false scrollPct=0.78
[10:52:01.090] CHUNK | len=4 isAiLoading=false
[10:52:01.090] RENDER | msgs=6 rendered=5 isGenerating=true isAiLoading=false scrollPct=0.78
[10:52:01.137] CHUNK | len=2 isAiLoading=false
[10:52:01.137] RENDER | msgs=6 rendered=5 isGenerating=true isAiLoading=false scrollPct=0.78
[10:52:01.184] CHUNK | len=7 isAiLoading=false
[10:52:01.184] RENDER | msgs=6 rendered=5 isGenerating=true isAiLoading=false scrollPct=0.78
[10:52:01.231] CHUNK | len=3 isAiLoading=false
[10:52:01.231] RENDER | msgs=6 rendered=5 isGenerating=true isAiLoading=false scrollPct=0.78
[10:52:01.278] CHUNK | len=7 isAiLoading=false
[10:52:01.278] RENDER | msgs=6 rendered=5 isGenerating=true isAiLoading=false scrollPct=0.78
[10:52:01.325] CHUNK | len=7 isAiLoading=false
[10:52:01.325] RENDER | msgs=6 rendered=5 isGenerating=true isAiLoading=false scrollPct=0.78
[10:52:01.372] CHUNK | len=3 isAiLoading=false
[10:52:01.372] RENDER | msgs=6 rendered=5 isGenerating=true isAiLoading=false scrollPct=0.78
[10:52:01.421] CHUNK | len=8 isAiLoading=false
[10:52:01.421] RENDER | msgs=6 rendered=5 isGenerating=true isAiLoading=false scrollPct=0.78
[10:52:01.469] CHUNK | len=5 isAiLoading=false
[10:52:01.469] RENDER | msgs=6 rendered=5 isGenerating=true isAiLoading=false scrollPct=0.78
[10:52:01.516] CHUNK | len=8 isAiLoading=false
[10:52:01.516] RENDER | msgs=6 rendered=5 isGenerating=true isAiLoading=false scrollPct=0.78
[10:52:01.564] CHUNK | len=4 isAiLoading=false
[10:52:01.564] RENDER | msgs=6 rendered=5 isGenerating=true isAiLoading=false scrollPct=0.78
[10:52:01.620] CHUNK | len=5 isAiLoading=false
[10:52:01.620] RENDER | msgs=6 rendered=5 isGenerating=true isAiLoading=false scrollPct=0.78
[10:52:01.656] KEY | key="j" isGenerating=true
[10:52:01.670] CHUNK | len=6 isAiLoading=false
[10:52:01.670] RENDER | msgs=6 rendered=5 isGenerating=true isAiLoading=false scrollPct=0.89
[10:52:01.718] CHUNK | len=1 isAiLoading=false
[10:52:01.718] RENDER | msgs=6 rendered=5 isGenerating=true isAiLoading=false scrollPct=0.89
[10:52:01.765] CHUNK | len=1 isAiLoading=false
[10:52:01.765] RENDER | msgs=6 rendered=5 isGenerating=true isAiLoading=false scrollPct=0.89
[10:52:01.803] KEY | key="j" isGenerating=true
[10:52:01.809] CHUNK | len=1 isAiLoading=false
[10:52:01.809] RENDER | msgs=6 rendered=5 isGenerating=true isAiLoading=false scrollPct=1.00
[10:52:01.859] CHUNK | len=1 isAiLoading=false
[10:52:01.859] RENDER | msgs=6 rendered=5 isGenerating=true isAiLoading=false scrollPct=0.90
[10:52:01.905] CHUNK | len=1 isAiLoading=false
[10:52:01.906] RENDER | msgs=6 rendered=5 isGenerating=true isAiLoading=false scrollPct=0.90
[10:52:01.954] CHUNK | len=3 isAiLoading=false
[10:52:01.955] RENDER | msgs=6 rendered=5 isGenerating=true isAiLoading=false scrollPct=0.90
[10:52:01.968] KEY | key="j" isGenerating=true
[10:52:02.004] CHUNK | len=5 isAiLoading=false
[10:52:02.004] RENDER | msgs=6 rendered=5 isGenerating=true isAiLoading=false scrollPct=1.00
[10:52:02.054] CHUNK | len=2 isAiLoading=false
[10:52:02.054] RENDER | msgs=6 rendered=5 isGenerating=true isAiLoading=false scrollPct=1.00
[10:52:02.102] CHUNK | len=5 isAiLoading=false
[10:52:02.102] RENDER | msgs=6 rendered=5 isGenerating=true isAiLoading=false scrollPct=1.00
[10:52:02.116] KEY | key="j" isGenerating=true
[10:52:02.149] CHUNK | len=3 isAiLoading=false
[10:52:02.149] RENDER | msgs=6 rendered=5 isGenerating=true isAiLoading=false scrollPct=1.00
[10:52:02.199] CHUNK | len=7 isAiLoading=false
[10:52:02.199] RENDER | msgs=6 rendered=5 isGenerating=true isAiLoading=false scrollPct=1.00
[10:52:02.247] CHUNK | len=6 isAiLoading=false
[10:52:02.247] RENDER | msgs=6 rendered=5 isGenerating=true isAiLoading=false scrollPct=1.00
[10:52:02.261] KEY | key="j" isGenerating=true
[10:52:02.296] CHUNK | len=3 isAiLoading=false
[10:52:02.296] RENDER | msgs=6 rendered=5 isGenerating=true isAiLoading=false scrollPct=1.00
[10:52:02.343] CHUNK | len=6 isAiLoading=false
[10:52:02.343] RENDER | msgs=6 rendered=5 isGenerating=true isAiLoading=false scrollPct=1.00
[10:52:02.391] CHUNK | len=5 isAiLoading=false
[10:52:02.391] RENDER | msgs=6 rendered=5 isGenerating=true isAiLoading=false scrollPct=1.00
[10:52:02.406] KEY | key="j" isGenerating=true
[10:52:02.438] CHUNK | len=9 isAiLoading=false
[10:52:02.438] RENDER | msgs=6 rendered=5 isGenerating=true isAiLoading=false scrollPct=1.00
[10:52:02.485] CHUNK | len=3 isAiLoading=false
[10:52:02.485] RENDER | msgs=6 rendered=5 isGenerating=true isAiLoading=false scrollPct=1.00
[10:52:02.531] CHUNK | len=9 isAiLoading=false
[10:52:02.531] RENDER | msgs=6 rendered=5 isGenerating=true isAiLoading=false scrollPct=1.00
[10:52:02.577] CHUNK | len=1 isAiLoading=false
[10:52:02.578] RENDER | msgs=6 rendered=5 isGenerating=true isAiLoading=false scrollPct=1.00
[10:52:02.626] CHUNK | len=1 isAiLoading=false
[10:52:02.626] RENDER | msgs=6 rendered=5 isGenerating=true isAiLoading=false scrollPct=1.00
[10:52:02.671] CHUNK | len=1 isAiLoading=false
[10:52:02.671] RENDER | msgs=6 rendered=5 isGenerating=true isAiLoading=false scrollPct=1.00
[10:52:02.719] CHUNK | len=1 isAiLoading=false
[10:52:02.719] RENDER | msgs=6 rendered=5 isGenerating=true isAiLoading=false scrollPct=1.00
[10:52:02.767] CHUNK | len=1 isAiLoading=false
[10:52:02.767] RENDER | msgs=6 rendered=5 isGenerating=true isAiLoading=false scrollPct=1.00
[10:52:02.813] CHUNK | len=3 isAiLoading=false
[10:52:02.813] RENDER | msgs=6 rendered=5 isGenerating=true isAiLoading=false scrollPct=1.00
[10:52:02.869] CHUNK | len=4 isAiLoading=false
[10:52:02.869] RENDER | msgs=6 rendered=5 isGenerating=true isAiLoading=false scrollPct=1.00
[10:52:02.918] CHUNK | len=2 isAiLoading=false
[10:52:02.918] RENDER | msgs=6 rendered=5 isGenerating=true isAiLoading=false scrollPct=1.00
[10:52:02.966] CHUNK | len=7 isAiLoading=false
[10:52:02.966] RENDER | msgs=6 rendered=5 isGenerating=true isAiLoading=false scrollPct=1.00
[10:52:03.012] CHUNK | len=5 isAiLoading=false
[10:52:03.012] RENDER | msgs=6 rendered=5 isGenerating=true isAiLoading=false scrollPct=1.00
[10:52:03.062] CHUNK | len=3 isAiLoading=false
[10:52:03.062] RENDER | msgs=6 rendered=5 isGenerating=true isAiLoading=false scrollPct=1.00
[10:52:03.108] CHUNK | len=5 isAiLoading=false
[10:52:03.108] RENDER | msgs=6 rendered=5 isGenerating=true isAiLoading=false scrollPct=1.00
[10:52:03.158] CHUNK | len=9 isAiLoading=false
[10:52:03.158] RENDER | msgs=6 rendered=5 isGenerating=true isAiLoading=false scrollPct=1.00
[10:52:03.205] CHUNK | len=6 isAiLoading=false
[10:52:03.205] RENDER | msgs=6 rendered=5 isGenerating=true isAiLoading=false scrollPct=1.00
[10:52:03.251] CHUNK | len=1 isAiLoading=false
[10:52:03.251] RENDER | msgs=6 rendered=5 isGenerating=true isAiLoading=false scrollPct=1.00
[10:52:03.297] CHUNK | len=1 isAiLoading=false
[10:52:03.297] RENDER | msgs=6 rendered=5 isGenerating=true isAiLoading=false scrollPct=1.00
[10:52:03.341] CHUNK | len=1 isAiLoading=false
[10:52:03.341] RENDER | msgs=6 rendered=5 isGenerating=true isAiLoading=false scrollPct=1.00
[10:52:03.388] CHUNK | len=1 isAiLoading=false
[10:52:03.388] RENDER | msgs=6 rendered=5 isGenerating=true isAiLoading=false scrollPct=1.00
[10:52:03.435] CHUNK | len=1 isAiLoading=false
[10:52:03.435] RENDER | msgs=6 rendered=5 isGenerating=true isAiLoading=false scrollPct=1.00
[10:52:03.484] CHUNK | len=3 isAiLoading=false
[10:52:03.484] RENDER | msgs=6 rendered=5 isGenerating=true isAiLoading=false scrollPct=1.00
[10:52:03.531] CHUNK | len=2 isAiLoading=false
[10:52:03.531] RENDER | msgs=6 rendered=5 isGenerating=true isAiLoading=false scrollPct=1.00
[10:52:03.581] CHUNK | len=2 isAiLoading=false
[10:52:03.581] RENDER | msgs=6 rendered=5 isGenerating=true isAiLoading=false scrollPct=1.00
[10:52:03.628] CHUNK | len=7 isAiLoading=false
[10:52:03.628] RENDER | msgs=6 rendered=5 isGenerating=true isAiLoading=false scrollPct=1.00
[10:52:03.675] CHUNK | len=3 isAiLoading=false
[10:52:03.675] RENDER | msgs=6 rendered=5 isGenerating=true isAiLoading=false scrollPct=1.00
[10:52:03.723] CHUNK | len=2 isAiLoading=false
[10:52:03.723] RENDER | msgs=6 rendered=5 isGenerating=true isAiLoading=false scrollPct=1.00
[10:52:03.769] CHUNK | len=5 isAiLoading=false
[10:52:03.769] RENDER | msgs=6 rendered=5 isGenerating=true isAiLoading=false scrollPct=1.00
[10:52:03.816] CHUNK | len=8 isAiLoading=false
[10:52:03.816] RENDER | msgs=6 rendered=5 isGenerating=true isAiLoading=false scrollPct=1.00
[10:52:03.865] CHUNK | len=1 isAiLoading=false
[10:52:03.865] RENDER | msgs=6 rendered=5 isGenerating=true isAiLoading=false scrollPct=1.00
[10:52:03.914] CHUNK | len=6 isAiLoading=false
[10:52:03.914] RENDER | msgs=6 rendered=5 isGenerating=true isAiLoading=false scrollPct=1.00
[10:52:03.965] CHUNK | len=5 isAiLoading=false
[10:52:03.965] RENDER | msgs=6 rendered=5 isGenerating=true isAiLoading=false scrollPct=1.00
[10:52:04.013] CHUNK | len=1 isAiLoading=false
[10:52:04.013] RENDER | msgs=6 rendered=5 isGenerating=true isAiLoading=false scrollPct=1.00
[10:52:04.064] CHUNK | len=4 isAiLoading=false
[10:52:04.065] RENDER | msgs=6 rendered=5 isGenerating=true isAiLoading=false scrollPct=1.00
[10:52:04.120] CHUNK | len=3 isAiLoading=false
[10:52:04.120] RENDER | msgs=6 rendered=5 isGenerating=true isAiLoading=false scrollPct=1.00
[10:52:04.166] CHUNK | len=4 isAiLoading=false
[10:52:04.166] RENDER | msgs=6 rendered=5 isGenerating=true isAiLoading=false scrollPct=1.00
[10:52:04.213] CHUNK | len=10 isAiLoading=false
[10:52:04.213] RENDER | msgs=6 rendered=5 isGenerating=true isAiLoading=false scrollPct=1.00
[10:52:04.259] CHUNK | len=5 isAiLoading=false
[10:52:04.259] RENDER | msgs=6 rendered=5 isGenerating=true isAiLoading=false scrollPct=1.00
[10:52:04.307] CHUNK | len=6 isAiLoading=false
[10:52:04.307] RENDER | msgs=6 rendered=5 isGenerating=true isAiLoading=false scrollPct=1.00
[10:52:04.355] CHUNK | len=1 isAiLoading=false
[10:52:04.355] RENDER | msgs=6 rendered=5 isGenerating=true isAiLoading=false scrollPct=1.00
[10:52:04.404] CHUNK | len=1 isAiLoading=false
[10:52:04.404] RENDER | msgs=6 rendered=5 isGenerating=true isAiLoading=false scrollPct=1.00
[10:52:04.450] CHUNK | len=1 isAiLoading=false
[10:52:04.450] RENDER | msgs=6 rendered=5 isGenerating=true isAiLoading=false scrollPct=1.00
[10:52:04.497] CHUNK | len=1 isAiLoading=false
[10:52:04.497] RENDER | msgs=6 rendered=5 isGenerating=true isAiLoading=false scrollPct=1.00
[10:52:04.547] CHUNK | len=1 isAiLoading=false
[10:52:04.547] RENDER | msgs=6 rendered=5 isGenerating=true isAiLoading=false scrollPct=1.00
[10:52:04.593] CHUNK | len=3 isAiLoading=false
[10:52:04.593] RENDER | msgs=6 rendered=5 isGenerating=true isAiLoading=false scrollPct=1.00
[10:52:04.641] CHUNK | len=9 isAiLoading=false
[10:52:04.641] RENDER | msgs=6 rendered=5 isGenerating=true isAiLoading=false scrollPct=1.00
[10:52:04.690] CHUNK | len=3 isAiLoading=false
[10:52:04.690] RENDER | msgs=6 rendered=5 isGenerating=true isAiLoading=false scrollPct=1.00
[10:52:04.738] CHUNK | len=8 isAiLoading=false
[10:52:04.738] RENDER | msgs=6 rendered=5 isGenerating=true isAiLoading=false scrollPct=1.00
[10:52:04.788] CHUNK | len=7 isAiLoading=false
[10:52:04.788] RENDER | msgs=6 rendered=5 isGenerating=true isAiLoading=false scrollPct=1.00
[10:52:04.836] CHUNK | len=4 isAiLoading=false
[10:52:04.836] RENDER | msgs=6 rendered=5 isGenerating=true isAiLoading=false scrollPct=1.00
[10:52:04.883] CHUNK | len=3 isAiLoading=false
[10:52:04.883] RENDER | msgs=6 rendered=5 isGenerating=true isAiLoading=false scrollPct=1.00
[10:52:04.929] CHUNK | len=2 isAiLoading=false
[10:52:04.929] RENDER | msgs=6 rendered=5 isGenerating=true isAiLoading=false scrollPct=1.00
[10:52:04.976] CHUNK | len=6 isAiLoading=false
[10:52:04.976] RENDER | msgs=6 rendered=5 isGenerating=true isAiLoading=false scrollPct=1.00
[10:52:05.023] CHUNK | len=12 isAiLoading=false
[10:52:05.023] RENDER | msgs=6 rendered=5 isGenerating=true isAiLoading=false scrollPct=1.00
[10:52:05.075] CHUNK | len=4 isAiLoading=false
[10:52:05.075] RENDER | msgs=6 rendered=5 isGenerating=true isAiLoading=false scrollPct=1.00
[10:52:05.121] CHUNK | len=6 isAiLoading=false
[10:52:05.121] RENDER | msgs=6 rendered=5 isGenerating=true isAiLoading=false scrollPct=1.00
[10:52:05.167] CHUNK | len=5 isAiLoading=false
[10:52:05.167] RENDER | msgs=6 rendered=5 isGenerating=true isAiLoading=false scrollPct=1.00
[10:52:05.216] CHUNK | len=5 isAiLoading=false
[10:52:05.216] RENDER | msgs=6 rendered=5 isGenerating=true isAiLoading=false scrollPct=1.00
[10:52:05.262] CHUNK | len=1 isAiLoading=false
[10:52:05.262] RENDER | msgs=6 rendered=5 isGenerating=true isAiLoading=false scrollPct=1.00
[10:52:05.309] CHUNK | len=1 isAiLoading=false
[10:52:05.309] RENDER | msgs=6 rendered=5 isGenerating=true isAiLoading=false scrollPct=1.00
[10:52:05.368] CHUNK | len=1 isAiLoading=false
[10:52:05.368] RENDER | msgs=6 rendered=5 isGenerating=true isAiLoading=false scrollPct=1.00
[10:52:05.417] CHUNK | len=1 isAiLoading=false
[10:52:05.418] RENDER | msgs=6 rendered=5 isGenerating=true isAiLoading=false scrollPct=1.00
[10:52:05.464] CHUNK | len=1 isAiLoading=false
[10:52:05.464] RENDER | msgs=6 rendered=5 isGenerating=true isAiLoading=false scrollPct=1.00
[10:52:05.510] CHUNK | len=3 isAiLoading=false
[10:52:05.510] RENDER | msgs=6 rendered=5 isGenerating=true isAiLoading=false scrollPct=1.00
[10:52:05.559] CHUNK | len=5 isAiLoading=false
[10:52:05.559] RENDER | msgs=6 rendered=5 isGenerating=true isAiLoading=false scrollPct=1.00
[10:52:05.605] CHUNK | len=8 isAiLoading=false
[10:52:05.605] RENDER | msgs=6 rendered=5 isGenerating=true isAiLoading=false scrollPct=1.00
[10:52:05.651] CHUNK | len=3 isAiLoading=false
[10:52:05.651] RENDER | msgs=6 rendered=5 isGenerating=true isAiLoading=false scrollPct=1.00
[10:52:05.699] CHUNK | len=2 isAiLoading=false
[10:52:05.699] RENDER | msgs=6 rendered=5 isGenerating=true isAiLoading=false scrollPct=1.00
[10:52:05.748] CHUNK | len=12 isAiLoading=false
[10:52:05.748] RENDER | msgs=6 rendered=5 isGenerating=true isAiLoading=false scrollPct=1.00
[10:52:05.794] CHUNK | len=7 isAiLoading=false
[10:52:05.795] RENDER | msgs=6 rendered=5 isGenerating=true isAiLoading=false scrollPct=1.00
[10:52:05.841] CHUNK | len=6 isAiLoading=false
[10:52:05.841] RENDER | msgs=6 rendered=5 isGenerating=true isAiLoading=false scrollPct=1.00
[10:52:05.888] CHUNK | len=8 isAiLoading=false
[10:52:05.888] RENDER | msgs=6 rendered=5 isGenerating=true isAiLoading=false scrollPct=1.00
[10:52:05.936] CHUNK | len=4 isAiLoading=false
[10:52:05.936] RENDER | msgs=6 rendered=5 isGenerating=true isAiLoading=false scrollPct=1.00
[10:52:05.987] CHUNK | len=4 isAiLoading=false
[10:52:05.987] RENDER | msgs=6 rendered=5 isGenerating=true isAiLoading=false scrollPct=1.00
[10:52:06.034] CHUNK | len=3 isAiLoading=false
[10:52:06.034] RENDER | msgs=6 rendered=5 isGenerating=true isAiLoading=false scrollPct=1.00
[10:52:06.084] CHUNK | len=2 isAiLoading=false
[10:52:06.084] RENDER | msgs=6 rendered=5 isGenerating=true isAiLoading=false scrollPct=1.00
[10:52:06.130] CHUNK | len=5 isAiLoading=false
[10:52:06.130] RENDER | msgs=6 rendered=5 isGenerating=true isAiLoading=false scrollPct=1.00
[10:52:06.177] CHUNK | len=1 isAiLoading=false
[10:52:06.177] RENDER | msgs=6 rendered=5 isGenerating=true isAiLoading=false scrollPct=1.00
[10:52:06.226] CHUNK | len=9 isAiLoading=false
[10:52:06.226] RENDER | msgs=6 rendered=5 isGenerating=true isAiLoading=false scrollPct=1.00
[10:52:06.272] CHUNK | len=7 isAiLoading=false
[10:52:06.272] RENDER | msgs=6 rendered=5 isGenerating=true isAiLoading=false scrollPct=1.00
[10:52:06.318] CHUNK | len=1 isAiLoading=false
[10:52:06.318] RENDER | msgs=6 rendered=5 isGenerating=true isAiLoading=false scrollPct=1.00
[10:52:06.365] CHUNK | len=1 isAiLoading=false
[10:52:06.365] RENDER | msgs=6 rendered=5 isGenerating=true isAiLoading=false scrollPct=1.00
[10:52:06.409] CHUNK | len=1 isAiLoading=false
[10:52:06.409] RENDER | msgs=6 rendered=5 isGenerating=true isAiLoading=false scrollPct=1.00
[10:52:06.455] CHUNK | len=1 isAiLoading=false
[10:52:06.455] RENDER | msgs=6 rendered=5 isGenerating=true isAiLoading=false scrollPct=1.00
[10:52:06.501] CHUNK | len=1 isAiLoading=false
[10:52:06.501] RENDER | msgs=6 rendered=5 isGenerating=true isAiLoading=false scrollPct=1.00
[10:52:06.547] CHUNK | len=3 isAiLoading=false
[10:52:06.547] RENDER | msgs=6 rendered=5 isGenerating=true isAiLoading=false scrollPct=1.00
[10:52:06.602] CHUNK | len=3 isAiLoading=false
[10:52:06.603] RENDER | msgs=6 rendered=5 isGenerating=true isAiLoading=false scrollPct=1.00
[10:52:06.648] CHUNK | len=5 isAiLoading=false
[10:52:06.648] RENDER | msgs=6 rendered=5 isGenerating=true isAiLoading=false scrollPct=1.00
[10:52:06.696] CHUNK | len=3 isAiLoading=false
[10:52:06.696] RENDER | msgs=6 rendered=5 isGenerating=true isAiLoading=false scrollPct=1.00
[10:52:06.742] CHUNK | len=2 isAiLoading=false
[10:52:06.742] RENDER | msgs=6 rendered=5 isGenerating=true isAiLoading=false scrollPct=1.00
[10:52:06.790] CHUNK | len=6 isAiLoading=false
[10:52:06.790] RENDER | msgs=6 rendered=5 isGenerating=true isAiLoading=false scrollPct=1.00
[10:52:06.836] CHUNK | len=3 isAiLoading=false
[10:52:06.836] RENDER | msgs=6 rendered=5 isGenerating=true isAiLoading=false scrollPct=1.00
[10:52:06.884] CHUNK | len=3 isAiLoading=false
[10:52:06.884] RENDER | msgs=6 rendered=5 isGenerating=true isAiLoading=false scrollPct=1.00
[10:52:06.930] CHUNK | len=5 isAiLoading=false
[10:52:06.931] RENDER | msgs=6 rendered=5 isGenerating=true isAiLoading=false scrollPct=1.00
[10:52:06.977] CHUNK | len=3 isAiLoading=false
[10:52:06.977] RENDER | msgs=6 rendered=5 isGenerating=true isAiLoading=false scrollPct=1.00
[10:52:07.023] CHUNK | len=7 isAiLoading=false
[10:52:07.024] RENDER | msgs=6 rendered=5 isGenerating=true isAiLoading=false scrollPct=1.00
[10:52:07.072] CHUNK | len=10 isAiLoading=false
[10:52:07.072] RENDER | msgs=6 rendered=5 isGenerating=true isAiLoading=false scrollPct=1.00
[10:52:07.119] CHUNK | len=4 isAiLoading=false
[10:52:07.119] RENDER | msgs=6 rendered=5 isGenerating=true isAiLoading=false scrollPct=1.00
[10:52:07.171] CHUNK | len=4 isAiLoading=false
[10:52:07.171] RENDER | msgs=6 rendered=5 isGenerating=true isAiLoading=false scrollPct=1.00
[10:52:07.221] CHUNK | len=3 isAiLoading=false
[10:52:07.221] RENDER | msgs=6 rendered=5 isGenerating=true isAiLoading=false scrollPct=1.00
[10:52:07.269] CHUNK | len=1 isAiLoading=false
[10:52:07.269] RENDER | msgs=6 rendered=5 isGenerating=true isAiLoading=false scrollPct=1.00
[10:52:07.319] CHUNK | len=9 isAiLoading=false
[10:52:07.319] RENDER | msgs=6 rendered=5 isGenerating=true isAiLoading=false scrollPct=1.00
[10:52:07.366] CHUNK | len=6 isAiLoading=false
[10:52:07.366] RENDER | msgs=6 rendered=5 isGenerating=true isAiLoading=false scrollPct=1.00
[10:52:07.414] CHUNK | len=1 isAiLoading=false
[10:52:07.414] RENDER | msgs=6 rendered=5 isGenerating=true isAiLoading=false scrollPct=1.00
[10:52:07.461] CHUNK | len=1 isAiLoading=false
[10:52:07.461] RENDER | msgs=6 rendered=5 isGenerating=true isAiLoading=false scrollPct=1.00
[10:52:07.505] CHUNK | len=1 isAiLoading=false
[10:52:07.505] RENDER | msgs=6 rendered=5 isGenerating=true isAiLoading=false scrollPct=1.00
[10:52:07.551] CHUNK | len=1 isAiLoading=false
[10:52:07.551] RENDER | msgs=6 rendered=5 isGenerating=true isAiLoading=false scrollPct=1.00
[10:52:07.599] CHUNK | len=1 isAiLoading=false
[10:52:07.599] RENDER | msgs=6 rendered=5 isGenerating=true isAiLoading=false scrollPct=1.00
[10:52:07.644] CHUNK | len=3 isAiLoading=false
[10:52:07.644] RENDER | msgs=6 rendered=5 isGenerating=true isAiLoading=false scrollPct=1.00
[10:52:07.693] CHUNK | len=4 isAiLoading=false
[10:52:07.693] RENDER | msgs=6 rendered=5 isGenerating=true isAiLoading=false scrollPct=1.00
[10:52:07.741] CHUNK | len=5 isAiLoading=false
[10:52:07.741] RENDER | msgs=6 rendered=5 isGenerating=true isAiLoading=false scrollPct=1.00
[10:52:07.787] CHUNK | len=5 isAiLoading=false
[10:52:07.787] RENDER | msgs=6 rendered=5 isGenerating=true isAiLoading=false scrollPct=1.00
[10:52:07.849] CHUNK | len=5 isAiLoading=false
[10:52:07.849] RENDER | msgs=6 rendered=5 isGenerating=true isAiLoading=false scrollPct=1.00
[10:52:07.897] CHUNK | len=3 isAiLoading=false
[10:52:07.897] RENDER | msgs=6 rendered=5 isGenerating=true isAiLoading=false scrollPct=1.00
[10:52:07.947] CHUNK | len=2 isAiLoading=false
[10:52:07.947] RENDER | msgs=6 rendered=5 isGenerating=true isAiLoading=false scrollPct=1.00
[10:52:07.995] CHUNK | len=7 isAiLoading=false
[10:52:07.995] RENDER | msgs=6 rendered=5 isGenerating=true isAiLoading=false scrollPct=1.00
[10:52:08.043] CHUNK | len=4 isAiLoading=false
[10:52:08.043] RENDER | msgs=6 rendered=5 isGenerating=true isAiLoading=false scrollPct=1.00
[10:52:08.093] CHUNK | len=3 isAiLoading=false
[10:52:08.093] RENDER | msgs=6 rendered=5 isGenerating=true isAiLoading=false scrollPct=1.00
[10:52:08.141] CHUNK | len=5 isAiLoading=false
[10:52:08.141] RENDER | msgs=6 rendered=5 isGenerating=true isAiLoading=false scrollPct=1.00
[10:52:08.187] CHUNK | len=5 isAiLoading=false
[10:52:08.187] RENDER | msgs=6 rendered=5 isGenerating=true isAiLoading=false scrollPct=1.00
[10:52:08.234] CHUNK | len=3 isAiLoading=false
[10:52:08.234] RENDER | msgs=6 rendered=5 isGenerating=true isAiLoading=false scrollPct=1.00
[10:52:08.280] CHUNK | len=4 isAiLoading=false
[10:52:08.280] RENDER | msgs=6 rendered=5 isGenerating=true isAiLoading=false scrollPct=1.00
[10:52:08.327] CHUNK | len=3 isAiLoading=false
[10:52:08.327] RENDER | msgs=6 rendered=5 isGenerating=true isAiLoading=false scrollPct=1.00
[10:52:08.375] CHUNK | len=13 isAiLoading=false
[10:52:08.375] RENDER | msgs=6 rendered=5 isGenerating=true isAiLoading=false scrollPct=1.00
[10:52:08.423] CHUNK | len=11 isAiLoading=false
[10:52:08.423] RENDER | msgs=6 rendered=5 isGenerating=true isAiLoading=false scrollPct=1.00
[10:52:08.473] CHUNK | len=1 isAiLoading=false
[10:52:08.473] RENDER | msgs=6 rendered=5 isGenerating=true isAiLoading=false scrollPct=1.00
[10:52:08.521] CHUNK | len=1 isAiLoading=false
[10:52:08.521] RENDER | msgs=6 rendered=5 isGenerating=true isAiLoading=false scrollPct=1.00
[10:52:08.564] CHUNK | len=1 isAiLoading=false
[10:52:08.564] RENDER | msgs=6 rendered=5 isGenerating=true isAiLoading=false scrollPct=1.00
[10:52:08.613] CHUNK | len=1 isAiLoading=false
[10:52:08.613] RENDER | msgs=6 rendered=5 isGenerating=true isAiLoading=false scrollPct=1.00
[10:52:08.657] CHUNK | len=1 isAiLoading=false
[10:52:08.657] RENDER | msgs=6 rendered=5 isGenerating=true isAiLoading=false scrollPct=1.00
[10:52:08.674] KEY | key="G" isGenerating=true
[10:52:08.704] CHUNK | len=3 isAiLoading=false
[10:52:08.704] RENDER | msgs=6 rendered=5 isGenerating=true isAiLoading=false scrollPct=1.00
[10:52:08.753] CHUNK | len=5 isAiLoading=false
[10:52:08.753] RENDER | msgs=6 rendered=5 isGenerating=true isAiLoading=false scrollPct=1.00
[10:52:08.801] CHUNK | len=3 isAiLoading=false
[10:52:08.801] RENDER | msgs=6 rendered=5 isGenerating=true isAiLoading=false scrollPct=1.00
[10:52:08.851] CHUNK | len=3 isAiLoading=false
[10:52:08.851] RENDER | msgs=6 rendered=5 isGenerating=true isAiLoading=false scrollPct=1.00
[10:52:08.897] CHUNK | len=9 isAiLoading=false
[10:52:08.897] RENDER | msgs=6 rendered=5 isGenerating=true isAiLoading=false scrollPct=1.00
[10:52:08.944] CHUNK | len=12 isAiLoading=false
[10:52:08.944] RENDER | msgs=6 rendered=5 isGenerating=true isAiLoading=false scrollPct=1.00
[10:52:08.991] CHUNK | len=3 isAiLoading=false
[10:52:08.991] RENDER | msgs=6 rendered=5 isGenerating=true isAiLoading=false scrollPct=1.00
[10:52:09.041] CHUNK | len=5 isAiLoading=false
[10:52:09.042] RENDER | msgs=6 rendered=5 isGenerating=true isAiLoading=false scrollPct=1.00
[10:52:09.106] CHUNK | len=2 isAiLoading=false
[10:52:09.106] RENDER | msgs=6 rendered=5 isGenerating=true isAiLoading=false scrollPct=1.00
[10:52:09.155] CHUNK | len=4 isAiLoading=false
[10:52:09.155] RENDER | msgs=6 rendered=5 isGenerating=true isAiLoading=false scrollPct=1.00
[10:52:09.202] CHUNK | len=8 isAiLoading=false
[10:52:09.202] RENDER | msgs=6 rendered=5 isGenerating=true isAiLoading=false scrollPct=1.00
[10:52:09.236] KEY | key="g" isGenerating=true
[10:52:09.249] CHUNK | len=3 isAiLoading=false
[10:52:09.250] RENDER | msgs=6 rendered=5 isGenerating=true isAiLoading=false scrollPct=1.00
[10:52:09.295] CHUNK | len=5 isAiLoading=false
[10:52:09.295] RENDER | msgs=6 rendered=5 isGenerating=true isAiLoading=false scrollPct=1.00
[10:52:09.343] CHUNK | len=5 isAiLoading=false
[10:52:09.343] RENDER | msgs=6 rendered=5 isGenerating=true isAiLoading=false scrollPct=1.00
[10:52:09.389] CHUNK | len=5 isAiLoading=false
[10:52:09.389] RENDER | msgs=6 rendered=5 isGenerating=true isAiLoading=false scrollPct=1.00
[10:52:09.396] KEY | key="g" isGenerating=true
[10:52:09.436] CHUNK | len=1 isAiLoading=false
[10:52:09.436] RENDER | msgs=6 rendered=5 isGenerating=true isAiLoading=false scrollPct=1.00
[10:52:09.482] CHUNK | len=1 isAiLoading=false
[10:52:09.482] RENDER | msgs=6 rendered=5 isGenerating=true isAiLoading=false scrollPct=1.00
[10:52:09.525] CHUNK | len=1 isAiLoading=false
[10:52:09.526] RENDER | msgs=6 rendered=5 isGenerating=true isAiLoading=false scrollPct=1.00
[10:52:09.575] CHUNK | len=1 isAiLoading=false
[10:52:09.575] RENDER | msgs=6 rendered=5 isGenerating=true isAiLoading=false scrollPct=1.00
[10:52:09.624] CHUNK | len=1 isAiLoading=false
[10:52:09.624] RENDER | msgs=6 rendered=5 isGenerating=true isAiLoading=false scrollPct=1.00
[10:52:09.673] CHUNK | len=3 isAiLoading=false
[10:52:09.673] RENDER | msgs=6 rendered=5 isGenerating=true isAiLoading=false scrollPct=1.00
[10:52:09.723] CHUNK | len=4 isAiLoading=false
[10:52:09.723] RENDER | msgs=6 rendered=5 isGenerating=true isAiLoading=false scrollPct=1.00
[10:52:09.770] CHUNK | len=3 isAiLoading=false
[10:52:09.770] RENDER | msgs=6 rendered=5 isGenerating=true isAiLoading=false scrollPct=1.00
[10:52:09.816] CHUNK | len=6 isAiLoading=false
[10:52:09.816] RENDER | msgs=6 rendered=5 isGenerating=true isAiLoading=false scrollPct=1.00
[10:52:09.865] CHUNK | len=3 isAiLoading=false
[10:52:09.865] RENDER | msgs=6 rendered=5 isGenerating=true isAiLoading=false scrollPct=1.00
[10:52:09.912] CHUNK | len=10 isAiLoading=false
[10:52:09.912] RENDER | msgs=6 rendered=5 isGenerating=true isAiLoading=false scrollPct=1.00
[10:52:09.959] CHUNK | len=1 isAiLoading=false
[10:52:09.960] RENDER | msgs=6 rendered=5 isGenerating=true isAiLoading=false scrollPct=1.00
[10:52:10.007] CHUNK | len=7 isAiLoading=false
[10:52:10.007] RENDER | msgs=6 rendered=5 isGenerating=true isAiLoading=false scrollPct=1.00
[10:52:10.054] CHUNK | len=6 isAiLoading=false
[10:52:10.055] RENDER | msgs=6 rendered=5 isGenerating=true isAiLoading=false scrollPct=1.00
[10:52:10.103] CHUNK | len=8 isAiLoading=false
[10:52:10.103] RENDER | msgs=6 rendered=5 isGenerating=true isAiLoading=false scrollPct=1.00
[10:52:10.150] CHUNK | len=3 isAiLoading=false
[10:52:10.150] RENDER | msgs=6 rendered=5 isGenerating=true isAiLoading=false scrollPct=1.00
[10:52:10.197] CHUNK | len=7 isAiLoading=false
[10:52:10.197] RENDER | msgs=6 rendered=5 isGenerating=true isAiLoading=false scrollPct=1.00
[10:52:10.244] CHUNK | len=3 isAiLoading=false
[10:52:10.244] RENDER | msgs=6 rendered=5 isGenerating=true isAiLoading=false scrollPct=1.00
[10:52:10.291] CHUNK | len=10 isAiLoading=false
[10:52:10.291] RENDER | msgs=6 rendered=5 isGenerating=true isAiLoading=false scrollPct=1.00
[10:52:10.352] CHUNK | len=8 isAiLoading=false
[10:52:10.352] RENDER | msgs=6 rendered=5 isGenerating=true isAiLoading=false scrollPct=1.00
[10:52:10.400] CHUNK | len=1 isAiLoading=false
[10:52:10.400] RENDER | msgs=6 rendered=5 isGenerating=true isAiLoading=false scrollPct=1.00
[10:52:10.448] CHUNK | len=2 isAiLoading=false
[10:52:10.448] RENDER | msgs=6 rendered=5 isGenerating=true isAiLoading=false scrollPct=1.00
[10:52:10.491] CHUNK | len=2 isAiLoading=false
[10:52:10.491] RENDER | msgs=6 rendered=5 isGenerating=true isAiLoading=false scrollPct=1.00
[10:52:10.542] CHUNK | len=5 isAiLoading=false
[10:52:10.542] RENDER | msgs=6 rendered=5 isGenerating=true isAiLoading=false scrollPct=0.90
[10:52:10.590] CHUNK | len=3 isAiLoading=false
[10:52:10.590] RENDER | msgs=6 rendered=5 isGenerating=true isAiLoading=false scrollPct=0.90
[10:52:10.637] CHUNK | len=7 isAiLoading=false
[10:52:10.637] RENDER | msgs=6 rendered=5 isGenerating=true isAiLoading=false scrollPct=0.90
[10:52:10.683] CHUNK | len=12 isAiLoading=false
[10:52:10.683] RENDER | msgs=6 rendered=5 isGenerating=true isAiLoading=false scrollPct=0.90
[10:52:10.733] CHUNK | len=5 isAiLoading=false
[10:52:10.733] RENDER | msgs=6 rendered=5 isGenerating=true isAiLoading=false scrollPct=0.90
[10:52:10.782] CHUNK | len=8 isAiLoading=false
[10:52:10.782] RENDER | msgs=6 rendered=5 isGenerating=true isAiLoading=false scrollPct=0.90
[10:52:10.830] CHUNK | len=1 isAiLoading=false
[10:52:10.830] RENDER | msgs=6 rendered=5 isGenerating=true isAiLoading=false scrollPct=0.90
[10:52:10.878] CHUNK | len=3 isAiLoading=false
[10:52:10.878] RENDER | msgs=6 rendered=5 isGenerating=true isAiLoading=false scrollPct=0.90
[10:52:10.930] CHUNK | len=6 isAiLoading=false
[10:52:10.930] RENDER | msgs=6 rendered=5 isGenerating=true isAiLoading=false scrollPct=0.90
[10:52:10.980] CHUNK | len=9 isAiLoading=false
[10:52:10.980] RENDER | msgs=6 rendered=5 isGenerating=true isAiLoading=false scrollPct=0.90
[10:52:11.033] CHUNK | len=4 isAiLoading=false
[10:52:11.033] RENDER | msgs=6 rendered=5 isGenerating=true isAiLoading=false scrollPct=0.90
[10:52:11.083] CHUNK | len=3 isAiLoading=false
[10:52:11.083] RENDER | msgs=6 rendered=5 isGenerating=true isAiLoading=false scrollPct=0.90
[10:52:11.135] CHUNK | len=2 isAiLoading=false
[10:52:11.135] RENDER | msgs=6 rendered=5 isGenerating=true isAiLoading=false scrollPct=0.90
[10:52:11.184] CHUNK | len=2 isAiLoading=false
[10:52:11.184] RENDER | msgs=6 rendered=5 isGenerating=true isAiLoading=false scrollPct=0.90
[10:52:11.232] CHUNK | len=12 isAiLoading=false
[10:52:11.232] RENDER | msgs=6 rendered=5 isGenerating=true isAiLoading=false scrollPct=0.90
[10:52:11.281] CHUNK | len=1 isAiLoading=false
[10:52:11.281] RENDER | msgs=6 rendered=5 isGenerating=true isAiLoading=false scrollPct=0.90
[10:52:11.330] CHUNK | len=3 isAiLoading=false
[10:52:11.330] RENDER | msgs=6 rendered=5 isGenerating=true isAiLoading=false scrollPct=0.90
[10:52:11.378] CHUNK | len=4 isAiLoading=false
[10:52:11.378] RENDER | msgs=6 rendered=5 isGenerating=true isAiLoading=false scrollPct=0.90
[10:52:11.428] CHUNK | len=5 isAiLoading=false
[10:52:11.428] RENDER | msgs=6 rendered=5 isGenerating=true isAiLoading=false scrollPct=0.90
[10:52:11.474] CHUNK | len=3 isAiLoading=false
[10:52:11.474] RENDER | msgs=6 rendered=5 isGenerating=true isAiLoading=false scrollPct=0.90
[10:52:11.521] CHUNK | len=3 isAiLoading=false
[10:52:11.521] RENDER | msgs=6 rendered=5 isGenerating=true isAiLoading=false scrollPct=0.90
[10:52:11.568] CHUNK | len=1 isAiLoading=false
[10:52:11.568] RENDER | msgs=6 rendered=5 isGenerating=true isAiLoading=false scrollPct=0.90
[10:52:11.629] STREAM DONE | err=<nil> messages=6 renderedHistory=5
[10:52:11.629] CACHING AI MSG | msg_len=1890
[10:52:11.632] AI MSG CACHED | messages=6 renderedHistory=6 aiHistory=6
[10:52:11.632] RENDER | msgs=6 rendered=6 isGenerating=false isAiLoading=false scrollPct=0.90
[10:52:11.637] CHUNK | len=0 isAiLoading=false
[10:52:11.637] RENDER | msgs=6 rendered=6 isGenerating=false isAiLoading=false scrollPct=1.00
[10:52:21.979] KEY | key="i" isGenerating=false
[10:52:21.979] KEY:i | opening editor | prevMessage_len=1890
[10:53:17.808] RESIZE | w=118 h=27
[10:53:17.808] REBUILD CACHE | rebuilding 6 messages
[10:53:17.813] REBUILD CACHE DONE | renderedHistory=6
[10:53:17.813] RENDER | msgs=6 rendered=6 isGenerating=false isAiLoading=false scrollPct=1.00
[10:53:17.818] EDITOR DONE | raw_len=23 trimmed_len=23
[10:53:17.818] EDITOR CONTENT PREVIEW | "[[/home/host0/file.md]]"
[10:53:17.822] USER MSG CACHED | messages=7 renderedHistory=7
[10:53:17.822] RENDER | msgs=7 rendered=7 isGenerating=true isAiLoading=false scrollPct=1.00
[10:53:17.825] DISPATCHING startGenerationMsg
[10:53:17.841] GENERATION START | spinner on, stream starting
[10:53:17.845] RENDER | msgs=7 rendered=7 isGenerating=true isAiLoading=true scrollPct=1.00
[10:53:17.906] RENDER | msgs=7 rendered=7 isGenerating=true isAiLoading=true scrollPct=0.97
[10:53:17.946] RENDER | msgs=7 rendered=7 isGenerating=true isAiLoading=true scrollPct=0.97
[10:53:18.047] RENDER | msgs=7 rendered=7 isGenerating=true isAiLoading=true scrollPct=0.97
[10:53:18.147] RENDER | msgs=7 rendered=7 isGenerating=true isAiLoading=true scrollPct=0.97
[10:53:18.247] RENDER | msgs=7 rendered=7 isGenerating=true isAiLoading=true scrollPct=0.97
[10:53:18.348] RENDER | msgs=7 rendered=7 isGenerating=true isAiLoading=true scrollPct=0.97
[10:53:18.448] RENDER | msgs=7 rendered=7 isGenerating=true isAiLoading=true scrollPct=0.97
[10:53:18.549] RENDER | msgs=7 rendered=7 isGenerating=true isAiLoading=true scrollPct=0.97
[10:53:18.650] RENDER | msgs=7 rendered=7 isGenerating=true isAiLoading=true scrollPct=0.97
[10:53:18.751] RENDER | msgs=7 rendered=7 isGenerating=true isAiLoading=true scrollPct=0.97
[10:53:18.851] RENDER | msgs=7 rendered=7 isGenerating=true isAiLoading=true scrollPct=0.97
[10:53:18.952] RENDER | msgs=7 rendered=7 isGenerating=true isAiLoading=true scrollPct=0.97
[10:53:19.052] RENDER | msgs=7 rendered=7 isGenerating=true isAiLoading=true scrollPct=0.97
[10:53:19.153] RENDER | msgs=7 rendered=7 isGenerating=true isAiLoading=true scrollPct=0.97
[10:53:19.253] RENDER | msgs=7 rendered=7 isGenerating=true isAiLoading=true scrollPct=0.97
[10:53:19.354] RENDER | msgs=7 rendered=7 isGenerating=true isAiLoading=true scrollPct=0.97
[10:53:19.454] RENDER | msgs=7 rendered=7 isGenerating=true isAiLoading=true scrollPct=0.97
[10:53:19.555] RENDER | msgs=7 rendered=7 isGenerating=true isAiLoading=true scrollPct=0.97
[10:53:19.655] RENDER | msgs=7 rendered=7 isGenerating=true isAiLoading=true scrollPct=0.97
[10:53:19.756] RENDER | msgs=7 rendered=7 isGenerating=true isAiLoading=true scrollPct=0.97
[10:53:19.856] RENDER | msgs=7 rendered=7 isGenerating=true isAiLoading=true scrollPct=0.97
[10:53:19.957] RENDER | msgs=7 rendered=7 isGenerating=true isAiLoading=true scrollPct=0.97
[10:53:20.057] RENDER | msgs=7 rendered=7 isGenerating=true isAiLoading=true scrollPct=0.97
[10:53:20.159] RENDER | msgs=7 rendered=7 isGenerating=true isAiLoading=true scrollPct=0.97
[10:53:20.259] RENDER | msgs=7 rendered=7 isGenerating=true isAiLoading=true scrollPct=0.97
[10:53:20.360] RENDER | msgs=7 rendered=7 isGenerating=true isAiLoading=true scrollPct=0.97
[10:53:20.460] RENDER | msgs=7 rendered=7 isGenerating=true isAiLoading=true scrollPct=0.97
[10:53:20.561] RENDER | msgs=7 rendered=7 isGenerating=true isAiLoading=true scrollPct=0.97
[10:53:20.661] RENDER | msgs=7 rendered=7 isGenerating=true isAiLoading=true scrollPct=0.97
[10:53:20.761] RENDER | msgs=7 rendered=7 isGenerating=true isAiLoading=true scrollPct=0.97
[10:53:20.862] RENDER | msgs=7 rendered=7 isGenerating=true isAiLoading=true scrollPct=0.97
[10:53:20.963] RENDER | msgs=7 rendered=7 isGenerating=true isAiLoading=true scrollPct=0.97
[10:53:21.064] RENDER | msgs=7 rendered=7 isGenerating=true isAiLoading=true scrollPct=0.97
[10:53:21.164] RENDER | msgs=7 rendered=7 isGenerating=true isAiLoading=true scrollPct=0.97
[10:53:21.264] RENDER | msgs=7 rendered=7 isGenerating=true isAiLoading=true scrollPct=0.97
[10:53:21.365] RENDER | msgs=7 rendered=7 isGenerating=true isAiLoading=true scrollPct=0.97
[10:53:21.465] RENDER | msgs=7 rendered=7 isGenerating=true isAiLoading=true scrollPct=0.97
[10:53:21.566] RENDER | msgs=7 rendered=7 isGenerating=true isAiLoading=true scrollPct=0.97
[10:53:21.666] RENDER | msgs=7 rendered=7 isGenerating=true isAiLoading=true scrollPct=0.97
[10:53:21.767] RENDER | msgs=7 rendered=7 isGenerating=true isAiLoading=true scrollPct=0.97
[10:53:21.868] RENDER | msgs=7 rendered=7 isGenerating=true isAiLoading=true scrollPct=0.97
[10:53:21.969] RENDER | msgs=7 rendered=7 isGenerating=true isAiLoading=true scrollPct=0.97
[10:53:22.070] RENDER | msgs=7 rendered=7 isGenerating=true isAiLoading=true scrollPct=0.97
[10:53:22.171] RENDER | msgs=7 rendered=7 isGenerating=true isAiLoading=true scrollPct=0.97
[10:53:22.271] RENDER | msgs=7 rendered=7 isGenerating=true isAiLoading=true scrollPct=0.97
[10:53:22.372] RENDER | msgs=7 rendered=7 isGenerating=true isAiLoading=true scrollPct=0.97
[10:53:22.472] RENDER | msgs=7 rendered=7 isGenerating=true isAiLoading=true scrollPct=0.97
[10:53:22.573] RENDER | msgs=7 rendered=7 isGenerating=true isAiLoading=true scrollPct=0.97
[10:53:22.674] RENDER | msgs=7 rendered=7 isGenerating=true isAiLoading=true scrollPct=0.97
[10:53:22.774] RENDER | msgs=7 rendered=7 isGenerating=true isAiLoading=true scrollPct=0.97
[10:53:22.874] RENDER | msgs=7 rendered=7 isGenerating=true isAiLoading=true scrollPct=0.97
[10:53:22.974] RENDER | msgs=7 rendered=7 isGenerating=true isAiLoading=true scrollPct=0.97
[10:53:23.075] RENDER | msgs=7 rendered=7 isGenerating=true isAiLoading=true scrollPct=0.97
[10:53:23.176] RENDER | msgs=7 rendered=7 isGenerating=true isAiLoading=true scrollPct=0.97
[10:53:23.277] RENDER | msgs=7 rendered=7 isGenerating=true isAiLoading=true scrollPct=0.97
[10:53:23.377] RENDER | msgs=7 rendered=7 isGenerating=true isAiLoading=true scrollPct=0.97
[10:53:23.477] RENDER | msgs=7 rendered=7 isGenerating=true isAiLoading=true scrollPct=0.97
[10:53:23.578] RENDER | msgs=7 rendered=7 isGenerating=true isAiLoading=true scrollPct=0.97
[10:53:23.679] RENDER | msgs=7 rendered=7 isGenerating=true isAiLoading=true scrollPct=0.97
[10:53:23.779] RENDER | msgs=7 rendered=7 isGenerating=true isAiLoading=true scrollPct=0.97
[10:53:23.838] CHUNK | len=4 isAiLoading=true
[10:53:23.838] CHUNK FIRST | spinner off, starting AI message
[10:53:23.838] RENDER | msgs=8 rendered=7 isGenerating=true isAiLoading=false scrollPct=0.97
[10:53:23.888] CHUNK | len=1 isAiLoading=false
[10:53:23.888] RENDER | msgs=8 rendered=7 isGenerating=true isAiLoading=false scrollPct=1.00
[10:53:23.939] CHUNK | len=2 isAiLoading=false
[10:53:23.939] RENDER | msgs=8 rendered=7 isGenerating=true isAiLoading=false scrollPct=1.00
[10:53:23.986] CHUNK | len=3 isAiLoading=false
[10:53:23.986] RENDER | msgs=8 rendered=7 isGenerating=true isAiLoading=false scrollPct=1.00
[10:53:24.039] CHUNK | len=2 isAiLoading=false
[10:53:24.039] RENDER | msgs=8 rendered=7 isGenerating=true isAiLoading=false scrollPct=1.00
[10:53:24.086] CHUNK | len=5 isAiLoading=false
[10:53:24.086] RENDER | msgs=8 rendered=7 isGenerating=true isAiLoading=false scrollPct=1.00
[10:53:24.136] CHUNK | len=4 isAiLoading=false
[10:53:24.136] RENDER | msgs=8 rendered=7 isGenerating=true isAiLoading=false scrollPct=1.00
[10:53:24.186] CHUNK | len=11 isAiLoading=false
[10:53:24.186] RENDER | msgs=8 rendered=7 isGenerating=true isAiLoading=false scrollPct=1.00
[10:53:24.237] CHUNK | len=4 isAiLoading=false
[10:53:24.237] RENDER | msgs=8 rendered=7 isGenerating=true isAiLoading=false scrollPct=1.00
[10:53:24.287] CHUNK | len=6 isAiLoading=false
[10:53:24.287] RENDER | msgs=8 rendered=7 isGenerating=true isAiLoading=false scrollPct=1.00
[10:53:24.335] CHUNK | len=1 isAiLoading=false
[10:53:24.335] RENDER | msgs=8 rendered=7 isGenerating=true isAiLoading=false scrollPct=1.00
[10:53:24.386] CHUNK | len=11 isAiLoading=false
[10:53:24.386] RENDER | msgs=8 rendered=7 isGenerating=true isAiLoading=false scrollPct=1.00
[10:53:24.432] CHUNK | len=1 isAiLoading=false
[10:53:24.432] RENDER | msgs=8 rendered=7 isGenerating=true isAiLoading=false scrollPct=1.00
[10:53:24.478] CHUNK | len=4 isAiLoading=false
[10:53:24.479] RENDER | msgs=8 rendered=7 isGenerating=true isAiLoading=false scrollPct=1.00
[10:53:24.526] CHUNK | len=4 isAiLoading=false
[10:53:24.526] RENDER | msgs=8 rendered=7 isGenerating=true isAiLoading=false scrollPct=1.00
[10:53:24.575] CHUNK | len=5 isAiLoading=false
[10:53:24.575] RENDER | msgs=8 rendered=7 isGenerating=true isAiLoading=false scrollPct=1.00
[10:53:24.629] CHUNK | len=3 isAiLoading=false
[10:53:24.629] RENDER | msgs=8 rendered=7 isGenerating=true isAiLoading=false scrollPct=1.00
[10:53:24.676] CHUNK | len=1 isAiLoading=false
[10:53:24.676] RENDER | msgs=8 rendered=7 isGenerating=true isAiLoading=false scrollPct=1.00
[10:53:24.723] CHUNK | len=2 isAiLoading=false
[10:53:24.723] RENDER | msgs=8 rendered=7 isGenerating=true isAiLoading=false scrollPct=1.00
[10:53:24.770] CHUNK | len=3 isAiLoading=false
[10:53:24.770] RENDER | msgs=8 rendered=7 isGenerating=true isAiLoading=false scrollPct=1.00
[10:53:24.817] CHUNK | len=1 isAiLoading=false
[10:53:24.817] RENDER | msgs=8 rendered=7 isGenerating=true isAiLoading=false scrollPct=1.00
[10:53:24.866] CHUNK | len=6 isAiLoading=false
[10:53:24.866] RENDER | msgs=8 rendered=7 isGenerating=true isAiLoading=false scrollPct=1.00
[10:53:24.914] CHUNK | len=3 isAiLoading=false
[10:53:24.914] RENDER | msgs=8 rendered=7 isGenerating=true isAiLoading=false scrollPct=1.00
[10:53:24.973] CHUNK | len=5 isAiLoading=false
[10:53:24.973] RENDER | msgs=8 rendered=7 isGenerating=true isAiLoading=false scrollPct=1.00
[10:53:25.022] CHUNK | len=4 isAiLoading=false
[10:53:25.022] RENDER | msgs=8 rendered=7 isGenerating=true isAiLoading=false scrollPct=1.00
[10:53:25.071] CHUNK | len=11 isAiLoading=false
[10:53:25.071] RENDER | msgs=8 rendered=7 isGenerating=true isAiLoading=false scrollPct=1.00
[10:53:25.120] CHUNK | len=5 isAiLoading=false
[10:53:25.120] RENDER | msgs=8 rendered=7 isGenerating=true isAiLoading=false scrollPct=1.00
[10:53:25.176] CHUNK | len=6 isAiLoading=false
[10:53:25.176] RENDER | msgs=8 rendered=7 isGenerating=true isAiLoading=false scrollPct=1.00
[10:53:25.223] CHUNK | len=4 isAiLoading=false
[10:53:25.223] RENDER | msgs=8 rendered=7 isGenerating=true isAiLoading=false scrollPct=1.00
[10:53:25.270] CHUNK | len=7 isAiLoading=false
[10:53:25.270] RENDER | msgs=8 rendered=7 isGenerating=true isAiLoading=false scrollPct=1.00
[10:53:25.318] CHUNK | len=3 isAiLoading=false
[10:53:25.318] RENDER | msgs=8 rendered=7 isGenerating=true isAiLoading=false scrollPct=1.00
[10:53:25.365] CHUNK | len=3 isAiLoading=false
[10:53:25.365] RENDER | msgs=8 rendered=7 isGenerating=true isAiLoading=false scrollPct=1.00
[10:53:25.413] CHUNK | len=1 isAiLoading=false
[10:53:25.413] RENDER | msgs=8 rendered=7 isGenerating=true isAiLoading=false scrollPct=1.00
[10:53:25.460] CHUNK | len=2 isAiLoading=false
[10:53:25.460] RENDER | msgs=8 rendered=7 isGenerating=true isAiLoading=false scrollPct=1.00
[10:53:25.504] CHUNK | len=2 isAiLoading=false
[10:53:25.504] RENDER | msgs=8 rendered=7 isGenerating=true isAiLoading=false scrollPct=1.00
[10:53:25.556] CHUNK | len=5 isAiLoading=false
[10:53:25.556] RENDER | msgs=8 rendered=7 isGenerating=true isAiLoading=false scrollPct=1.00
[10:53:25.609] CHUNK | len=5 isAiLoading=false
[10:53:25.609] RENDER | msgs=8 rendered=7 isGenerating=true isAiLoading=false scrollPct=1.00
[10:53:25.658] CHUNK | len=5 isAiLoading=false
[10:53:25.658] RENDER | msgs=8 rendered=7 isGenerating=true isAiLoading=false scrollPct=1.00
[10:53:25.709] CHUNK | len=8 isAiLoading=false
[10:53:25.709] RENDER | msgs=8 rendered=7 isGenerating=true isAiLoading=false scrollPct=1.00
[10:53:25.756] CHUNK | len=1 isAiLoading=false
[10:53:25.756] RENDER | msgs=8 rendered=7 isGenerating=true isAiLoading=false scrollPct=1.00
[10:53:25.806] CHUNK | len=6 isAiLoading=false
[10:53:25.807] RENDER | msgs=8 rendered=7 isGenerating=true isAiLoading=false scrollPct=1.00
[10:53:25.855] CHUNK | len=4 isAiLoading=false
[10:53:25.855] RENDER | msgs=8 rendered=7 isGenerating=true isAiLoading=false scrollPct=1.00
[10:53:25.906] CHUNK | len=5 isAiLoading=false
[10:53:25.906] RENDER | msgs=8 rendered=7 isGenerating=true isAiLoading=false scrollPct=1.00
[10:53:25.955] CHUNK | len=3 isAiLoading=false
[10:53:25.955] RENDER | msgs=8 rendered=7 isGenerating=true isAiLoading=false scrollPct=1.00
[10:53:26.004] CHUNK | len=1 isAiLoading=false
[10:53:26.004] RENDER | msgs=8 rendered=7 isGenerating=true isAiLoading=false scrollPct=1.00
[10:53:26.052] CHUNK | len=2 isAiLoading=false
[10:53:26.052] RENDER | msgs=8 rendered=7 isGenerating=true isAiLoading=false scrollPct=1.00
[10:53:26.098] CHUNK | len=1 isAiLoading=false
[10:53:26.098] RENDER | msgs=8 rendered=7 isGenerating=true isAiLoading=false scrollPct=1.00
[10:53:26.151] CHUNK | len=3 isAiLoading=false
[10:53:26.151] RENDER | msgs=8 rendered=7 isGenerating=true isAiLoading=false scrollPct=1.00
[10:53:26.200] CHUNK | len=2 isAiLoading=false
[10:53:26.200] RENDER | msgs=8 rendered=7 isGenerating=true isAiLoading=false scrollPct=1.00
[10:53:26.256] CHUNK | len=4 isAiLoading=false
[10:53:26.256] RENDER | msgs=8 rendered=7 isGenerating=true isAiLoading=false scrollPct=1.00
[10:53:26.307] CHUNK | len=5 isAiLoading=false
[10:53:26.307] RENDER | msgs=8 rendered=7 isGenerating=true isAiLoading=false scrollPct=1.00
[10:53:26.355] CHUNK | len=3 isAiLoading=false
[10:53:26.355] RENDER | msgs=8 rendered=7 isGenerating=true isAiLoading=false scrollPct=1.00
[10:53:26.403] CHUNK | len=11 isAiLoading=false
[10:53:26.403] RENDER | msgs=8 rendered=7 isGenerating=true isAiLoading=false scrollPct=1.00
[10:53:26.451] CHUNK | len=4 isAiLoading=false
[10:53:26.451] RENDER | msgs=8 rendered=7 isGenerating=true isAiLoading=false scrollPct=1.00
[10:53:26.501] CHUNK | len=4 isAiLoading=false
[10:53:26.501] RENDER | msgs=8 rendered=7 isGenerating=true isAiLoading=false scrollPct=1.00
[10:53:26.548] CHUNK | len=10 isAiLoading=false
[10:53:26.548] RENDER | msgs=8 rendered=7 isGenerating=true isAiLoading=false scrollPct=1.00
[10:53:26.596] CHUNK | len=11 isAiLoading=false
[10:53:26.596] RENDER | msgs=8 rendered=7 isGenerating=true isAiLoading=false scrollPct=1.00
[10:53:26.643] CHUNK | len=3 isAiLoading=false
[10:53:26.643] RENDER | msgs=8 rendered=7 isGenerating=true isAiLoading=false scrollPct=1.00
[10:53:26.692] CHUNK | len=1 isAiLoading=false
[10:53:26.692] RENDER | msgs=8 rendered=7 isGenerating=true isAiLoading=false scrollPct=1.00
[10:53:26.739] CHUNK | len=2 isAiLoading=false
[10:53:26.739] RENDER | msgs=8 rendered=7 isGenerating=true isAiLoading=false scrollPct=1.00
[10:53:26.788] CHUNK | len=2 isAiLoading=false
[10:53:26.788] RENDER | msgs=8 rendered=7 isGenerating=true isAiLoading=false scrollPct=1.00
[10:53:26.838] CHUNK | len=1 isAiLoading=false
[10:53:26.838] RENDER | msgs=8 rendered=7 isGenerating=true isAiLoading=false scrollPct=1.00
[10:53:26.891] CHUNK | len=1 isAiLoading=false
[10:53:26.891] RENDER | msgs=8 rendered=7 isGenerating=true isAiLoading=false scrollPct=1.00
[10:53:26.942] CHUNK | len=1 isAiLoading=false
[10:53:26.942] RENDER | msgs=8 rendered=7 isGenerating=true isAiLoading=false scrollPct=1.00
[10:53:26.989] CHUNK | len=2 isAiLoading=false
[10:53:26.989] RENDER | msgs=8 rendered=7 isGenerating=true isAiLoading=false scrollPct=1.00
[10:53:27.040] CHUNK | len=9 isAiLoading=false
[10:53:27.040] RENDER | msgs=8 rendered=7 isGenerating=true isAiLoading=false scrollPct=1.00
[10:53:27.089] CHUNK | len=1 isAiLoading=false
[10:53:27.089] RENDER | msgs=8 rendered=7 isGenerating=true isAiLoading=false scrollPct=1.00
[10:53:27.138] CHUNK | len=9 isAiLoading=false
[10:53:27.138] RENDER | msgs=8 rendered=7 isGenerating=true isAiLoading=false scrollPct=1.00
[10:53:27.189] CHUNK | len=1 isAiLoading=false
[10:53:27.189] RENDER | msgs=8 rendered=7 isGenerating=true isAiLoading=false scrollPct=1.00
[10:53:27.242] CHUNK | len=9 isAiLoading=false
[10:53:27.242] RENDER | msgs=8 rendered=7 isGenerating=true isAiLoading=false scrollPct=1.00
[10:53:27.290] CHUNK | len=12 isAiLoading=false
[10:53:27.290] RENDER | msgs=8 rendered=7 isGenerating=true isAiLoading=false scrollPct=1.00
[10:53:27.342] CHUNK | len=1 isAiLoading=false
[10:53:27.342] RENDER | msgs=8 rendered=7 isGenerating=true isAiLoading=false scrollPct=1.00
[10:53:27.389] CHUNK | len=9 isAiLoading=false
[10:53:27.389] RENDER | msgs=8 rendered=7 isGenerating=true isAiLoading=false scrollPct=1.00
[10:53:27.436] CHUNK | len=2 isAiLoading=false
[10:53:27.436] RENDER | msgs=8 rendered=7 isGenerating=true isAiLoading=false scrollPct=1.00
[10:53:27.483] CHUNK | len=1 isAiLoading=false
[10:53:27.483] RENDER | msgs=8 rendered=7 isGenerating=true isAiLoading=false scrollPct=1.00
[10:53:27.544] CHUNK | len=1 isAiLoading=false
[10:53:27.545] RENDER | msgs=8 rendered=7 isGenerating=true isAiLoading=false scrollPct=1.00
[10:53:27.595] CHUNK | len=3 isAiLoading=false
[10:53:27.595] RENDER | msgs=8 rendered=7 isGenerating=true isAiLoading=false scrollPct=1.00
[10:53:27.639] CHUNK | len=2 isAiLoading=false
[10:53:27.640] RENDER | msgs=8 rendered=7 isGenerating=true isAiLoading=false scrollPct=1.00
[10:53:27.686] CHUNK | len=3 isAiLoading=false
[10:53:27.686] RENDER | msgs=8 rendered=7 isGenerating=true isAiLoading=false scrollPct=1.00
[10:53:27.733] CHUNK | len=6 isAiLoading=false
[10:53:27.733] RENDER | msgs=8 rendered=7 isGenerating=true isAiLoading=false scrollPct=1.00
[10:53:27.780] CHUNK | len=4 isAiLoading=false
[10:53:27.780] RENDER | msgs=8 rendered=7 isGenerating=true isAiLoading=false scrollPct=1.00
[10:53:27.828] CHUNK | len=9 isAiLoading=false
[10:53:27.828] RENDER | msgs=8 rendered=7 isGenerating=true isAiLoading=false scrollPct=1.00
[10:53:27.876] CHUNK | len=11 isAiLoading=false
[10:53:27.876] RENDER | msgs=8 rendered=7 isGenerating=true isAiLoading=false scrollPct=1.00
[10:53:27.927] CHUNK | len=4 isAiLoading=false
[10:53:27.927] RENDER | msgs=8 rendered=7 isGenerating=true isAiLoading=false scrollPct=1.00
[10:53:27.976] CHUNK | len=3 isAiLoading=false
[10:53:27.976] RENDER | msgs=8 rendered=7 isGenerating=true isAiLoading=false scrollPct=1.00
[10:53:28.023] CHUNK | len=1 isAiLoading=false
[10:53:28.024] RENDER | msgs=8 rendered=7 isGenerating=true isAiLoading=false scrollPct=1.00
[10:53:28.073] CHUNK | len=5 isAiLoading=false
[10:53:28.073] RENDER | msgs=8 rendered=7 isGenerating=true isAiLoading=false scrollPct=1.00
[10:53:28.121] CHUNK | len=12 isAiLoading=false
[10:53:28.121] RENDER | msgs=8 rendered=7 isGenerating=true isAiLoading=false scrollPct=1.00
[10:53:28.174] CHUNK | len=4 isAiLoading=false
[10:53:28.174] RENDER | msgs=8 rendered=7 isGenerating=true isAiLoading=false scrollPct=1.00
[10:53:28.226] CHUNK | len=1 isAiLoading=false
[10:53:28.226] RENDER | msgs=8 rendered=7 isGenerating=true isAiLoading=false scrollPct=1.00
[10:53:28.272] CHUNK | len=2 isAiLoading=false
[10:53:28.272] RENDER | msgs=8 rendered=7 isGenerating=true isAiLoading=false scrollPct=1.00
[10:53:28.322] CHUNK | len=2 isAiLoading=false
[10:53:28.322] RENDER | msgs=8 rendered=7 isGenerating=true isAiLoading=false scrollPct=1.00
[10:53:28.368] CHUNK | len=1 isAiLoading=false
[10:53:28.368] RENDER | msgs=8 rendered=7 isGenerating=true isAiLoading=false scrollPct=1.00
[10:53:28.418] CHUNK | len=1 isAiLoading=false
[10:53:28.418] RENDER | msgs=8 rendered=7 isGenerating=true isAiLoading=false scrollPct=1.00
[10:53:28.471] CHUNK | len=1 isAiLoading=false
[10:53:28.471] RENDER | msgs=8 rendered=7 isGenerating=true isAiLoading=false scrollPct=1.00
[10:53:28.519] CHUNK | len=2 isAiLoading=false
[10:53:28.519] RENDER | msgs=8 rendered=7 isGenerating=true isAiLoading=false scrollPct=1.00
[10:53:28.568] CHUNK | len=8 isAiLoading=false
[10:53:28.568] RENDER | msgs=8 rendered=7 isGenerating=true isAiLoading=false scrollPct=1.00
[10:53:28.615] CHUNK | len=1 isAiLoading=false
[10:53:28.615] RENDER | msgs=8 rendered=7 isGenerating=true isAiLoading=false scrollPct=1.00
[10:53:28.666] CHUNK | len=9 isAiLoading=false
[10:53:28.666] RENDER | msgs=8 rendered=7 isGenerating=true isAiLoading=false scrollPct=1.00
[10:53:28.713] CHUNK | len=1 isAiLoading=false
[10:53:28.713] RENDER | msgs=8 rendered=7 isGenerating=true isAiLoading=false scrollPct=1.00
[10:53:28.761] CHUNK | len=14 isAiLoading=false
[10:53:28.761] RENDER | msgs=8 rendered=7 isGenerating=true isAiLoading=false scrollPct=1.00
[10:53:28.827] CHUNK | len=1 isAiLoading=false
[10:53:28.827] RENDER | msgs=8 rendered=7 isGenerating=true isAiLoading=false scrollPct=1.00
[10:53:28.873] CHUNK | len=13 isAiLoading=false
[10:53:28.873] RENDER | msgs=8 rendered=7 isGenerating=true isAiLoading=false scrollPct=1.00
[10:53:28.923] CHUNK | len=2 isAiLoading=false
[10:53:28.923] RENDER | msgs=8 rendered=7 isGenerating=true isAiLoading=false scrollPct=1.00
[10:53:28.973] CHUNK | len=0 isAiLoading=false
[10:53:28.973] RENDER | msgs=8 rendered=7 isGenerating=true isAiLoading=false scrollPct=1.00
[10:53:28.981] STREAM DONE | err=<nil> messages=8 renderedHistory=7
[10:53:28.981] CACHING AI MSG | msg_len=445
[10:53:28.982] AI MSG CACHED | messages=8 renderedHistory=8 aiHistory=8
[10:53:28.982] RENDER | msgs=8 rendered=8 isGenerating=false isAiLoading=false scrollPct=1.00
[10:54:08.562] KEY | key="i" isGenerating=false
[10:54:08.562] KEY:i | opening editor | prevMessage_len=0
[10:54:25.525] RESIZE | w=118 h=27
[10:54:25.525] REBUILD CACHE | rebuilding 0 messages
[10:54:25.525] REBUILD CACHE DONE | renderedHistory=0
[10:54:25.525] RENDER | msgs=0 rendered=0 isGenerating=false isAiLoading=false scrollPct=1.00
[10:54:25.525] EDITOR DONE | raw_len=23 trimmed_len=23
[10:54:25.525] EDITOR CONTENT PREVIEW | "[[/home/host0/file.md]]"
[10:54:25.530] USER MSG CACHED | messages=1 renderedHistory=1
[10:54:25.530] RENDER | msgs=1 rendered=1 isGenerating=true isAiLoading=false scrollPct=1.00
[10:54:25.531] DISPATCHING startGenerationMsg
[10:54:25.548] GENERATION START | spinner on, stream starting
[10:54:25.552] RENDER | msgs=1 rendered=1 isGenerating=true isAiLoading=true scrollPct=1.00
[10:54:25.652] RENDER | msgs=1 rendered=1 isGenerating=true isAiLoading=true scrollPct=0.91
[10:54:25.753] RENDER | msgs=1 rendered=1 isGenerating=true isAiLoading=true scrollPct=0.91
[10:54:25.854] RENDER | msgs=1 rendered=1 isGenerating=true isAiLoading=true scrollPct=0.91
[10:54:25.955] RENDER | msgs=1 rendered=1 isGenerating=true isAiLoading=true scrollPct=0.91
[10:54:26.056] RENDER | msgs=1 rendered=1 isGenerating=true isAiLoading=true scrollPct=0.91
[10:54:26.157] RENDER | msgs=1 rendered=1 isGenerating=true isAiLoading=true scrollPct=0.91
[10:54:26.257] RENDER | msgs=1 rendered=1 isGenerating=true isAiLoading=true scrollPct=0.91
[10:54:26.357] RENDER | msgs=1 rendered=1 isGenerating=true isAiLoading=true scrollPct=0.91
[10:54:26.458] RENDER | msgs=1 rendered=1 isGenerating=true isAiLoading=true scrollPct=0.91
[10:54:26.558] RENDER | msgs=1 rendered=1 isGenerating=true isAiLoading=true scrollPct=0.91
[10:54:26.658] RENDER | msgs=1 rendered=1 isGenerating=true isAiLoading=true scrollPct=0.91
[10:54:26.759] RENDER | msgs=1 rendered=1 isGenerating=true isAiLoading=true scrollPct=0.91
[10:54:26.859] RENDER | msgs=1 rendered=1 isGenerating=true isAiLoading=true scrollPct=0.91
[10:54:26.959] RENDER | msgs=1 rendered=1 isGenerating=true isAiLoading=true scrollPct=0.91
[10:54:27.059] RENDER | msgs=1 rendered=1 isGenerating=true isAiLoading=true scrollPct=0.91
[10:54:27.159] RENDER | msgs=1 rendered=1 isGenerating=true isAiLoading=true scrollPct=0.91
[10:54:27.259] RENDER | msgs=1 rendered=1 isGenerating=true isAiLoading=true scrollPct=0.91
[10:54:27.359] RENDER | msgs=1 rendered=1 isGenerating=true isAiLoading=true scrollPct=0.91
[10:54:27.460] RENDER | msgs=1 rendered=1 isGenerating=true isAiLoading=true scrollPct=0.91
[10:54:27.561] RENDER | msgs=1 rendered=1 isGenerating=true isAiLoading=true scrollPct=0.91
[10:54:27.661] RENDER | msgs=1 rendered=1 isGenerating=true isAiLoading=true scrollPct=0.91
[10:54:27.762] RENDER | msgs=1 rendered=1 isGenerating=true isAiLoading=true scrollPct=0.91
[10:54:27.862] RENDER | msgs=1 rendered=1 isGenerating=true isAiLoading=true scrollPct=0.91
[10:54:27.963] RENDER | msgs=1 rendered=1 isGenerating=true isAiLoading=true scrollPct=0.91
[10:54:28.063] RENDER | msgs=1 rendered=1 isGenerating=true isAiLoading=true scrollPct=0.91
[10:54:28.164] RENDER | msgs=1 rendered=1 isGenerating=true isAiLoading=true scrollPct=0.91
[10:54:28.265] RENDER | msgs=1 rendered=1 isGenerating=true isAiLoading=true scrollPct=0.91
[10:54:28.365] RENDER | msgs=1 rendered=1 isGenerating=true isAiLoading=true scrollPct=0.91
[10:54:28.466] RENDER | msgs=1 rendered=1 isGenerating=true isAiLoading=true scrollPct=0.91
[10:54:28.566] RENDER | msgs=1 rendered=1 isGenerating=true isAiLoading=true scrollPct=0.91
[10:54:28.667] RENDER | msgs=1 rendered=1 isGenerating=true isAiLoading=true scrollPct=0.91
[10:54:28.767] RENDER | msgs=1 rendered=1 isGenerating=true isAiLoading=true scrollPct=0.91
[10:54:28.868] RENDER | msgs=1 rendered=1 isGenerating=true isAiLoading=true scrollPct=0.91
[10:54:28.968] RENDER | msgs=1 rendered=1 isGenerating=true isAiLoading=true scrollPct=0.91
[10:54:29.069] RENDER | msgs=1 rendered=1 isGenerating=true isAiLoading=true scrollPct=0.91
[10:54:29.169] RENDER | msgs=1 rendered=1 isGenerating=true isAiLoading=true scrollPct=0.91
[10:54:29.270] RENDER | msgs=1 rendered=1 isGenerating=true isAiLoading=true scrollPct=0.91
[10:54:29.370] RENDER | msgs=1 rendered=1 isGenerating=true isAiLoading=true scrollPct=0.91
[10:54:29.471] RENDER | msgs=1 rendered=1 isGenerating=true isAiLoading=true scrollPct=0.91
[10:54:29.572] RENDER | msgs=1 rendered=1 isGenerating=true isAiLoading=true scrollPct=0.91
[10:54:29.672] RENDER | msgs=1 rendered=1 isGenerating=true isAiLoading=true scrollPct=0.91
[10:54:29.773] RENDER | msgs=1 rendered=1 isGenerating=true isAiLoading=true scrollPct=0.91
[10:54:29.873] RENDER | msgs=1 rendered=1 isGenerating=true isAiLoading=true scrollPct=0.91
[10:54:29.974] RENDER | msgs=1 rendered=1 isGenerating=true isAiLoading=true scrollPct=0.91
[10:54:30.074] RENDER | msgs=1 rendered=1 isGenerating=true isAiLoading=true scrollPct=0.91
[10:54:30.175] RENDER | msgs=1 rendered=1 isGenerating=true isAiLoading=true scrollPct=0.91
[10:54:30.276] RENDER | msgs=1 rendered=1 isGenerating=true isAiLoading=true scrollPct=0.91
[10:54:30.377] RENDER | msgs=1 rendered=1 isGenerating=true isAiLoading=true scrollPct=0.91
[10:54:30.477] RENDER | msgs=1 rendered=1 isGenerating=true isAiLoading=true scrollPct=0.91
[10:54:30.577] RENDER | msgs=1 rendered=1 isGenerating=true isAiLoading=true scrollPct=0.91
[10:54:30.677] RENDER | msgs=1 rendered=1 isGenerating=true isAiLoading=true scrollPct=0.91
[10:54:30.778] RENDER | msgs=1 rendered=1 isGenerating=true isAiLoading=true scrollPct=0.91
[10:54:30.878] RENDER | msgs=1 rendered=1 isGenerating=true isAiLoading=true scrollPct=0.91
[10:54:30.914] CHUNK | len=4 isAiLoading=true
[10:54:30.914] CHUNK FIRST | spinner off, starting AI message
[10:54:30.914] RENDER | msgs=2 rendered=1 isGenerating=true isAiLoading=false scrollPct=0.91
[10:54:30.962] CHUNK | len=1 isAiLoading=false
[10:54:30.962] RENDER | msgs=2 rendered=1 isGenerating=true isAiLoading=false scrollPct=1.00
[10:54:31.008] CHUNK | len=5 isAiLoading=false
[10:54:31.009] RENDER | msgs=2 rendered=1 isGenerating=true isAiLoading=false scrollPct=1.00
[10:54:31.055] CHUNK | len=3 isAiLoading=false
[10:54:31.055] RENDER | msgs=2 rendered=1 isGenerating=true isAiLoading=false scrollPct=1.00
[10:54:31.102] CHUNK | len=1 isAiLoading=false
[10:54:31.102] RENDER | msgs=2 rendered=1 isGenerating=true isAiLoading=false scrollPct=1.00
[10:54:31.151] CHUNK | len=4 isAiLoading=false
[10:54:31.151] RENDER | msgs=2 rendered=1 isGenerating=true isAiLoading=false scrollPct=1.00
[10:54:31.198] CHUNK | len=8 isAiLoading=false
[10:54:31.198] RENDER | msgs=2 rendered=1 isGenerating=true isAiLoading=false scrollPct=1.00
[10:54:31.249] CHUNK | len=3 isAiLoading=false
[10:54:31.249] RENDER | msgs=2 rendered=1 isGenerating=true isAiLoading=false scrollPct=1.00
[10:54:31.301] CHUNK | len=4 isAiLoading=false
[10:54:31.302] RENDER | msgs=2 rendered=1 isGenerating=true isAiLoading=false scrollPct=1.00
[10:54:31.351] CHUNK | len=5 isAiLoading=false
[10:54:31.351] RENDER | msgs=2 rendered=1 isGenerating=true isAiLoading=false scrollPct=1.00
[10:54:31.398] CHUNK | len=1 isAiLoading=false
[10:54:31.398] RENDER | msgs=2 rendered=1 isGenerating=true isAiLoading=false scrollPct=1.00
[10:54:31.447] CHUNK | len=10 isAiLoading=false
[10:54:31.447] RENDER | msgs=2 rendered=1 isGenerating=true isAiLoading=false scrollPct=1.00
[10:54:31.500] CHUNK | len=3 isAiLoading=false
[10:54:31.500] RENDER | msgs=2 rendered=1 isGenerating=true isAiLoading=false scrollPct=1.00
[10:54:31.546] CHUNK | len=10 isAiLoading=false
[10:54:31.546] RENDER | msgs=2 rendered=1 isGenerating=true isAiLoading=false scrollPct=1.00
[10:54:31.593] CHUNK | len=1 isAiLoading=false
[10:54:31.593] RENDER | msgs=2 rendered=1 isGenerating=true isAiLoading=false scrollPct=1.00
[10:54:31.642] CHUNK | len=6 isAiLoading=false
[10:54:31.642] RENDER | msgs=2 rendered=1 isGenerating=true isAiLoading=false scrollPct=1.00
[10:54:31.689] CHUNK | len=4 isAiLoading=false
[10:54:31.689] RENDER | msgs=2 rendered=1 isGenerating=true isAiLoading=false scrollPct=1.00
[10:54:31.737] CHUNK | len=4 isAiLoading=false
[10:54:31.737] RENDER | msgs=2 rendered=1 isGenerating=true isAiLoading=false scrollPct=1.00
[10:54:31.783] CHUNK | len=3 isAiLoading=false
[10:54:31.783] RENDER | msgs=2 rendered=1 isGenerating=true isAiLoading=false scrollPct=1.00
[10:54:31.830] CHUNK | len=5 isAiLoading=false
[10:54:31.830] RENDER | msgs=2 rendered=1 isGenerating=true isAiLoading=false scrollPct=1.00
[10:54:31.879] CHUNK | len=1 isAiLoading=false
[10:54:31.879] RENDER | msgs=2 rendered=1 isGenerating=true isAiLoading=false scrollPct=1.00
[10:54:31.933] CHUNK | len=2 isAiLoading=false
[10:54:31.933] RENDER | msgs=2 rendered=1 isGenerating=true isAiLoading=false scrollPct=1.00
[10:54:31.975] CHUNK | len=4 isAiLoading=false
[10:54:31.975] RENDER | msgs=2 rendered=1 isGenerating=true isAiLoading=false scrollPct=1.00
[10:54:32.020] CHUNK | len=6 isAiLoading=false
[10:54:32.020] RENDER | msgs=2 rendered=1 isGenerating=true isAiLoading=false scrollPct=1.00
[10:54:32.069] CHUNK | len=3 isAiLoading=false
[10:54:32.070] RENDER | msgs=2 rendered=1 isGenerating=true isAiLoading=false scrollPct=1.00
[10:54:32.117] CHUNK | len=5 isAiLoading=false
[10:54:32.117] RENDER | msgs=2 rendered=1 isGenerating=true isAiLoading=false scrollPct=1.00
[10:54:32.164] CHUNK | len=1 isAiLoading=false
[10:54:32.164] RENDER | msgs=2 rendered=1 isGenerating=true isAiLoading=false scrollPct=1.00
[10:54:32.211] CHUNK | len=2 isAiLoading=false
[10:54:32.211] RENDER | msgs=2 rendered=1 isGenerating=true isAiLoading=false scrollPct=1.00
[10:54:32.264] CHUNK | len=4 isAiLoading=false
[10:54:32.264] RENDER | msgs=2 rendered=1 isGenerating=true isAiLoading=false scrollPct=1.00
[10:54:32.314] CHUNK | len=1 isAiLoading=false
[10:54:32.314] RENDER | msgs=2 rendered=1 isGenerating=true isAiLoading=false scrollPct=1.00
[10:54:32.361] CHUNK | len=4 isAiLoading=false
[10:54:32.361] RENDER | msgs=2 rendered=1 isGenerating=true isAiLoading=false scrollPct=1.00
[10:54:32.408] CHUNK | len=1 isAiLoading=false
[10:54:32.408] RENDER | msgs=2 rendered=1 isGenerating=true isAiLoading=false scrollPct=1.00
[10:54:32.455] CHUNK | len=1 isAiLoading=false
[10:54:32.455] RENDER | msgs=2 rendered=1 isGenerating=true isAiLoading=false scrollPct=1.00
[10:54:32.509] CHUNK | len=4 isAiLoading=false
[10:54:32.509] RENDER | msgs=2 rendered=1 isGenerating=true isAiLoading=false scrollPct=1.00
[10:54:32.555] CHUNK | len=1 isAiLoading=false
[10:54:32.555] RENDER | msgs=2 rendered=1 isGenerating=true isAiLoading=false scrollPct=1.00
[10:54:32.602] CHUNK | len=2 isAiLoading=false
[10:54:32.602] RENDER | msgs=2 rendered=1 isGenerating=true isAiLoading=false scrollPct=1.00
[10:54:32.650] CHUNK | len=5 isAiLoading=false
[10:54:32.651] RENDER | msgs=2 rendered=1 isGenerating=true isAiLoading=false scrollPct=1.00
[10:54:32.700] CHUNK | len=2 isAiLoading=false
[10:54:32.700] RENDER | msgs=2 rendered=1 isGenerating=true isAiLoading=false scrollPct=1.00
[10:54:32.745] CHUNK | len=2 isAiLoading=false
[10:54:32.745] RENDER | msgs=2 rendered=1 isGenerating=true isAiLoading=false scrollPct=1.00
[10:54:32.797] CHUNK | len=9 isAiLoading=false
[10:54:32.797] RENDER | msgs=2 rendered=1 isGenerating=true isAiLoading=false scrollPct=1.00
[10:54:32.842] CHUNK | len=1 isAiLoading=false
[10:54:32.842] RENDER | msgs=2 rendered=1 isGenerating=true isAiLoading=false scrollPct=1.00
[10:54:32.891] CHUNK | len=5 isAiLoading=false
[10:54:32.891] RENDER | msgs=2 rendered=1 isGenerating=true isAiLoading=false scrollPct=1.00
[10:54:32.941] CHUNK | len=10 isAiLoading=false
[10:54:32.941] RENDER | msgs=2 rendered=1 isGenerating=true isAiLoading=false scrollPct=1.00
[10:54:32.990] CHUNK | len=4 isAiLoading=false
[10:54:32.990] RENDER | msgs=2 rendered=1 isGenerating=true isAiLoading=false scrollPct=1.00
[10:54:33.038] CHUNK | len=11 isAiLoading=false
[10:54:33.038] RENDER | msgs=2 rendered=1 isGenerating=true isAiLoading=false scrollPct=1.00
[10:54:33.084] CHUNK | len=2 isAiLoading=false
[10:54:33.084] RENDER | msgs=2 rendered=1 isGenerating=true isAiLoading=false scrollPct=1.00
[10:54:33.135] CHUNK | len=2 isAiLoading=false
[10:54:33.135] RENDER | msgs=2 rendered=1 isGenerating=true isAiLoading=false scrollPct=1.00
[10:54:33.192] CHUNK | len=6 isAiLoading=false
[10:54:33.192] RENDER | msgs=2 rendered=1 isGenerating=true isAiLoading=false scrollPct=1.00
[10:54:33.246] CHUNK | len=11 isAiLoading=false
[10:54:33.246] RENDER | msgs=2 rendered=1 isGenerating=true isAiLoading=false scrollPct=1.00
[10:54:33.293] CHUNK | len=1 isAiLoading=false
[10:54:33.293] RENDER | msgs=2 rendered=1 isGenerating=true isAiLoading=false scrollPct=1.00
[10:54:33.344] CHUNK | len=7 isAiLoading=false
[10:54:33.344] RENDER | msgs=2 rendered=1 isGenerating=true isAiLoading=false scrollPct=1.00
[10:54:33.393] CHUNK | len=12 isAiLoading=false
[10:54:33.393] RENDER | msgs=2 rendered=1 isGenerating=true isAiLoading=false scrollPct=1.00
[10:54:33.443] CHUNK | len=4 isAiLoading=false
[10:54:33.443] RENDER | msgs=2 rendered=1 isGenerating=true isAiLoading=false scrollPct=1.00
[10:54:33.490] CHUNK | len=10 isAiLoading=false
[10:54:33.490] RENDER | msgs=2 rendered=1 isGenerating=true isAiLoading=false scrollPct=1.00
[10:54:33.537] CHUNK | len=6 isAiLoading=false
[10:54:33.537] RENDER | msgs=2 rendered=1 isGenerating=true isAiLoading=false scrollPct=1.00
[10:54:33.587] CHUNK | len=1 isAiLoading=false
[10:54:33.588] RENDER | msgs=2 rendered=1 isGenerating=true isAiLoading=false scrollPct=1.00
[10:54:33.640] CHUNK | len=2 isAiLoading=false
[10:54:33.640] RENDER | msgs=2 rendered=1 isGenerating=true isAiLoading=false scrollPct=1.00
[10:54:33.685] CHUNK | len=1 isAiLoading=false
[10:54:33.685] RENDER | msgs=2 rendered=1 isGenerating=true isAiLoading=false scrollPct=1.00
[10:54:33.733] CHUNK | len=2 isAiLoading=false
[10:54:33.733] RENDER | msgs=2 rendered=1 isGenerating=true isAiLoading=false scrollPct=1.00
[10:54:33.781] CHUNK | len=11 isAiLoading=false
[10:54:33.781] RENDER | msgs=2 rendered=1 isGenerating=true isAiLoading=false scrollPct=1.00
[10:54:33.831] CHUNK | len=5 isAiLoading=false
[10:54:33.831] RENDER | msgs=2 rendered=1 isGenerating=true isAiLoading=false scrollPct=1.00
[10:54:33.882] CHUNK | len=4 isAiLoading=false
[10:54:33.882] RENDER | msgs=2 rendered=1 isGenerating=true isAiLoading=false scrollPct=1.00
[10:54:33.934] CHUNK | len=12 isAiLoading=false
[10:54:33.934] RENDER | msgs=2 rendered=1 isGenerating=true isAiLoading=false scrollPct=1.00
[10:54:33.981] CHUNK | len=9 isAiLoading=false
[10:54:33.981] RENDER | msgs=2 rendered=1 isGenerating=true isAiLoading=false scrollPct=1.00
[10:54:34.029] CHUNK | len=3 isAiLoading=false
[10:54:34.029] RENDER | msgs=2 rendered=1 isGenerating=true isAiLoading=false scrollPct=1.00
[10:54:34.083] CHUNK | len=5 isAiLoading=false
[10:54:34.083] RENDER | msgs=2 rendered=1 isGenerating=true isAiLoading=false scrollPct=1.00
[10:54:34.130] CHUNK | len=3 isAiLoading=false
[10:54:34.130] RENDER | msgs=2 rendered=1 isGenerating=true isAiLoading=false scrollPct=1.00
[10:54:34.177] CHUNK | len=3 isAiLoading=false
[10:54:34.177] RENDER | msgs=2 rendered=1 isGenerating=true isAiLoading=false scrollPct=1.00
[10:54:34.225] CHUNK | len=4 isAiLoading=false
[10:54:34.225] RENDER | msgs=2 rendered=1 isGenerating=true isAiLoading=false scrollPct=1.00
[10:54:34.274] CHUNK | len=12 isAiLoading=false
[10:54:34.274] RENDER | msgs=2 rendered=1 isGenerating=true isAiLoading=false scrollPct=1.00
[10:54:34.322] CHUNK | len=9 isAiLoading=false
[10:54:34.322] RENDER | msgs=2 rendered=1 isGenerating=true isAiLoading=false scrollPct=1.00
[10:54:34.372] CHUNK | len=5 isAiLoading=false
[10:54:34.372] RENDER | msgs=2 rendered=1 isGenerating=true isAiLoading=false scrollPct=1.00
[10:54:34.422] CHUNK | len=4 isAiLoading=false
[10:54:34.422] RENDER | msgs=2 rendered=1 isGenerating=true isAiLoading=false scrollPct=1.00
[10:54:34.474] CHUNK | len=7 isAiLoading=false
[10:54:34.474] RENDER | msgs=2 rendered=1 isGenerating=true isAiLoading=false scrollPct=1.00
[10:54:34.523] CHUNK | len=4 isAiLoading=false
[10:54:34.523] RENDER | msgs=2 rendered=1 isGenerating=true isAiLoading=false scrollPct=1.00
[10:54:34.572] CHUNK | len=3 isAiLoading=false
[10:54:34.572] RENDER | msgs=2 rendered=1 isGenerating=true isAiLoading=false scrollPct=1.00
[10:54:34.623] CHUNK | len=11 isAiLoading=false
[10:54:34.623] RENDER | msgs=2 rendered=1 isGenerating=true isAiLoading=false scrollPct=1.00
[10:54:34.670] CHUNK | len=3 isAiLoading=false
[10:54:34.670] RENDER | msgs=2 rendered=1 isGenerating=true isAiLoading=false scrollPct=1.00
[10:54:34.718] CHUNK | len=13 isAiLoading=false
[10:54:34.718] RENDER | msgs=2 rendered=1 isGenerating=true isAiLoading=false scrollPct=1.00
[10:54:34.768] CHUNK | len=7 isAiLoading=false
[10:54:34.768] RENDER | msgs=2 rendered=1 isGenerating=true isAiLoading=false scrollPct=1.00
[10:54:34.819] CHUNK | len=1 isAiLoading=false
[10:54:34.819] RENDER | msgs=2 rendered=1 isGenerating=true isAiLoading=false scrollPct=1.00
[10:54:34.871] CHUNK | len=1 isAiLoading=false
[10:54:34.871] RENDER | msgs=2 rendered=1 isGenerating=true isAiLoading=false scrollPct=1.00
[10:54:34.915] CHUNK | len=1 isAiLoading=false
[10:54:34.915] RENDER | msgs=2 rendered=1 isGenerating=true isAiLoading=false scrollPct=1.00
[10:54:34.962] CHUNK | len=2 isAiLoading=false
[10:54:34.962] RENDER | msgs=2 rendered=1 isGenerating=true isAiLoading=false scrollPct=1.00
[10:54:35.009] CHUNK | len=5 isAiLoading=false
[10:54:35.009] RENDER | msgs=2 rendered=1 isGenerating=true isAiLoading=false scrollPct=1.00
[10:54:35.062] CHUNK | len=5 isAiLoading=false
[10:54:35.062] RENDER | msgs=2 rendered=1 isGenerating=true isAiLoading=false scrollPct=1.00
[10:54:35.111] CHUNK | len=15 isAiLoading=false
[10:54:35.111] RENDER | msgs=2 rendered=1 isGenerating=true isAiLoading=false scrollPct=1.00
[10:54:35.161] CHUNK | len=4 isAiLoading=false
[10:54:35.161] RENDER | msgs=2 rendered=1 isGenerating=true isAiLoading=false scrollPct=1.00
[10:54:35.210] CHUNK | len=3 isAiLoading=false
[10:54:35.210] RENDER | msgs=2 rendered=1 isGenerating=true isAiLoading=false scrollPct=1.00
[10:54:35.261] CHUNK | len=8 isAiLoading=false
[10:54:35.261] RENDER | msgs=2 rendered=1 isGenerating=true isAiLoading=false scrollPct=1.00
[10:54:35.311] CHUNK | len=4 isAiLoading=false
[10:54:35.311] RENDER | msgs=2 rendered=1 isGenerating=true isAiLoading=false scrollPct=1.00
[10:54:35.364] CHUNK | len=10 isAiLoading=false
[10:54:35.364] RENDER | msgs=2 rendered=1 isGenerating=true isAiLoading=false scrollPct=1.00
[10:54:35.411] CHUNK | len=6 isAiLoading=false
[10:54:35.411] RENDER | msgs=2 rendered=1 isGenerating=true isAiLoading=false scrollPct=1.00
[10:54:35.458] CHUNK | len=3 isAiLoading=false
[10:54:35.458] RENDER | msgs=2 rendered=1 isGenerating=true isAiLoading=false scrollPct=1.00
[10:54:35.506] CHUNK | len=4 isAiLoading=false
[10:54:35.506] RENDER | msgs=2 rendered=1 isGenerating=true isAiLoading=false scrollPct=1.00
[10:54:35.554] CHUNK | len=7 isAiLoading=false
[10:54:35.554] RENDER | msgs=2 rendered=1 isGenerating=true isAiLoading=false scrollPct=1.00
[10:54:35.601] CHUNK | len=3 isAiLoading=false
[10:54:35.601] RENDER | msgs=2 rendered=1 isGenerating=true isAiLoading=false scrollPct=1.00
[10:54:35.650] CHUNK | len=5 isAiLoading=false
[10:54:35.650] RENDER | msgs=2 rendered=1 isGenerating=true isAiLoading=false scrollPct=1.00
[10:54:35.698] CHUNK | len=3 isAiLoading=false
[10:54:35.698] RENDER | msgs=2 rendered=1 isGenerating=true isAiLoading=false scrollPct=1.00
[10:54:35.751] CHUNK | len=1 isAiLoading=false
[10:54:35.751] RENDER | msgs=2 rendered=1 isGenerating=true isAiLoading=false scrollPct=1.00
[10:54:35.798] CHUNK | len=4 isAiLoading=false
[10:54:35.798] RENDER | msgs=2 rendered=1 isGenerating=true isAiLoading=false scrollPct=1.00
[10:54:35.851] CHUNK | len=9 isAiLoading=false
[10:54:35.851] RENDER | msgs=2 rendered=1 isGenerating=true isAiLoading=false scrollPct=1.00
[10:54:35.900] CHUNK | len=4 isAiLoading=false
[10:54:35.900] RENDER | msgs=2 rendered=1 isGenerating=true isAiLoading=false scrollPct=1.00
[10:54:35.949] CHUNK | len=9 isAiLoading=false
[10:54:35.949] RENDER | msgs=2 rendered=1 isGenerating=true isAiLoading=false scrollPct=1.00
[10:54:35.997] CHUNK | len=3 isAiLoading=false
[10:54:35.997] RENDER | msgs=2 rendered=1 isGenerating=true isAiLoading=false scrollPct=1.00
[10:54:36.046] CHUNK | len=3 isAiLoading=false
[10:54:36.046] RENDER | msgs=2 rendered=1 isGenerating=true isAiLoading=false scrollPct=1.00
[10:54:36.096] CHUNK | len=5 isAiLoading=false
[10:54:36.096] RENDER | msgs=2 rendered=1 isGenerating=true isAiLoading=false scrollPct=1.00
[10:54:36.146] CHUNK | len=3 isAiLoading=false
[10:54:36.146] RENDER | msgs=2 rendered=1 isGenerating=true isAiLoading=false scrollPct=1.00
[10:54:36.195] CHUNK | len=4 isAiLoading=false
[10:54:36.195] RENDER | msgs=2 rendered=1 isGenerating=true isAiLoading=false scrollPct=1.00
[10:54:36.249] CHUNK | len=4 isAiLoading=false
[10:54:36.249] RENDER | msgs=2 rendered=1 isGenerating=true isAiLoading=false scrollPct=1.00
[10:54:36.296] CHUNK | len=7 isAiLoading=false
[10:54:36.296] RENDER | msgs=2 rendered=1 isGenerating=true isAiLoading=false scrollPct=1.00
[10:54:36.347] CHUNK | len=4 isAiLoading=false
[10:54:36.347] RENDER | msgs=2 rendered=1 isGenerating=true isAiLoading=false scrollPct=1.00
[10:54:36.396] CHUNK | len=4 isAiLoading=false
[10:54:36.396] RENDER | msgs=2 rendered=1 isGenerating=true isAiLoading=false scrollPct=1.00
[10:54:36.445] CHUNK | len=8 isAiLoading=false
[10:54:36.445] RENDER | msgs=2 rendered=1 isGenerating=true isAiLoading=false scrollPct=1.00
[10:54:36.495] CHUNK | len=3 isAiLoading=false
[10:54:36.495] RENDER | msgs=2 rendered=1 isGenerating=true isAiLoading=false scrollPct=1.00
[10:54:36.545] CHUNK | len=13 isAiLoading=false
[10:54:36.545] RENDER | msgs=2 rendered=1 isGenerating=true isAiLoading=false scrollPct=1.00
[10:54:36.594] CHUNK | len=8 isAiLoading=false
[10:54:36.594] RENDER | msgs=2 rendered=1 isGenerating=true isAiLoading=false scrollPct=1.00
[10:54:36.642] CHUNK | len=5 isAiLoading=false
[10:54:36.642] RENDER | msgs=2 rendered=1 isGenerating=true isAiLoading=false scrollPct=1.00
[10:54:36.690] CHUNK | len=3 isAiLoading=false
[10:54:36.690] RENDER | msgs=2 rendered=1 isGenerating=true isAiLoading=false scrollPct=1.00
[10:54:36.740] CHUNK | len=4 isAiLoading=false
[10:54:36.740] RENDER | msgs=2 rendered=1 isGenerating=true isAiLoading=false scrollPct=1.00
[10:54:36.789] CHUNK | len=3 isAiLoading=false
[10:54:36.789] RENDER | msgs=2 rendered=1 isGenerating=true isAiLoading=false scrollPct=1.00
[10:54:36.836] CHUNK | len=5 isAiLoading=false
[10:54:36.836] RENDER | msgs=2 rendered=1 isGenerating=true isAiLoading=false scrollPct=1.00
[10:54:36.885] CHUNK | len=8 isAiLoading=false
[10:54:36.885] RENDER | msgs=2 rendered=1 isGenerating=true isAiLoading=false scrollPct=1.00
[10:54:36.933] CHUNK | len=1 isAiLoading=false
[10:54:36.933] RENDER | msgs=2 rendered=1 isGenerating=true isAiLoading=false scrollPct=1.00
[10:54:36.981] CHUNK | len=1 isAiLoading=false
[10:54:36.981] RENDER | msgs=2 rendered=1 isGenerating=true isAiLoading=false scrollPct=1.00
[10:54:37.044] CHUNK | len=1 isAiLoading=false
[10:54:37.044] RENDER | msgs=2 rendered=1 isGenerating=true isAiLoading=false scrollPct=1.00
[10:54:37.096] CHUNK | len=2 isAiLoading=false
[10:54:37.096] RENDER | msgs=2 rendered=1 isGenerating=true isAiLoading=false scrollPct=1.00
[10:54:37.143] CHUNK | len=12 isAiLoading=false
[10:54:37.143] RENDER | msgs=2 rendered=1 isGenerating=true isAiLoading=false scrollPct=1.00
[10:54:37.191] CHUNK | len=5 isAiLoading=false
[10:54:37.191] RENDER | msgs=2 rendered=1 isGenerating=true isAiLoading=false scrollPct=1.00
[10:54:37.247] CHUNK | len=5 isAiLoading=false
[10:54:37.247] RENDER | msgs=2 rendered=1 isGenerating=true isAiLoading=false scrollPct=1.00
[10:54:37.295] CHUNK | len=3 isAiLoading=false
[10:54:37.295] RENDER | msgs=2 rendered=1 isGenerating=true isAiLoading=false scrollPct=1.00
[10:54:37.342] CHUNK | len=5 isAiLoading=false
[10:54:37.342] RENDER | msgs=2 rendered=1 isGenerating=true isAiLoading=false scrollPct=1.00
[10:54:37.388] CHUNK | len=4 isAiLoading=false
[10:54:37.388] RENDER | msgs=2 rendered=1 isGenerating=true isAiLoading=false scrollPct=1.00
[10:54:37.435] CHUNK | len=8 isAiLoading=false
[10:54:37.435] RENDER | msgs=2 rendered=1 isGenerating=true isAiLoading=false scrollPct=1.00
[10:54:37.484] CHUNK | len=10 isAiLoading=false
[10:54:37.484] RENDER | msgs=2 rendered=1 isGenerating=true isAiLoading=false scrollPct=1.00
[10:54:37.535] CHUNK | len=8 isAiLoading=false
[10:54:37.535] RENDER | msgs=2 rendered=1 isGenerating=true isAiLoading=false scrollPct=1.00
[10:54:37.582] CHUNK | len=1 isAiLoading=false
[10:54:37.582] RENDER | msgs=2 rendered=1 isGenerating=true isAiLoading=false scrollPct=1.00
[10:54:37.630] CHUNK | len=11 isAiLoading=false
[10:54:37.631] RENDER | msgs=2 rendered=1 isGenerating=true isAiLoading=false scrollPct=1.00
[10:54:37.680] CHUNK | len=1 isAiLoading=false
[10:54:37.680] RENDER | msgs=2 rendered=1 isGenerating=true isAiLoading=false scrollPct=1.00
[10:54:37.729] CHUNK | len=3 isAiLoading=false
[10:54:37.729] RENDER | msgs=2 rendered=1 isGenerating=true isAiLoading=false scrollPct=1.00
[10:54:37.780] CHUNK | len=8 isAiLoading=false
[10:54:37.780] RENDER | msgs=2 rendered=1 isGenerating=true isAiLoading=false scrollPct=1.00
[10:54:37.827] CHUNK | len=1 isAiLoading=false
[10:54:37.827] RENDER | msgs=2 rendered=1 isGenerating=true isAiLoading=false scrollPct=1.00
[10:54:37.878] CHUNK | len=3 isAiLoading=false
[10:54:37.878] RENDER | msgs=2 rendered=1 isGenerating=true isAiLoading=false scrollPct=1.00
[10:54:37.927] CHUNK | len=4 isAiLoading=false
[10:54:37.927] RENDER | msgs=2 rendered=1 isGenerating=true isAiLoading=false scrollPct=1.00
[10:54:37.978] CHUNK | len=4 isAiLoading=false
[10:54:37.978] RENDER | msgs=2 rendered=1 isGenerating=true isAiLoading=false scrollPct=1.00
[10:54:38.025] CHUNK | len=13 isAiLoading=false
[10:54:38.025] RENDER | msgs=2 rendered=1 isGenerating=true isAiLoading=false scrollPct=1.00
[10:54:38.072] CHUNK | len=7 isAiLoading=false
[10:54:38.072] RENDER | msgs=2 rendered=1 isGenerating=true isAiLoading=false scrollPct=1.00
[10:54:38.118] CHUNK | len=7 isAiLoading=false
[10:54:38.118] RENDER | msgs=2 rendered=1 isGenerating=true isAiLoading=false scrollPct=1.00
[10:54:38.166] CHUNK | len=7 isAiLoading=false
[10:54:38.166] RENDER | msgs=2 rendered=1 isGenerating=true isAiLoading=false scrollPct=1.00
[10:54:38.215] CHUNK | len=1 isAiLoading=false
[10:54:38.215] RENDER | msgs=2 rendered=1 isGenerating=true isAiLoading=false scrollPct=1.00
[10:54:38.267] CHUNK | len=7 isAiLoading=false
[10:54:38.267] RENDER | msgs=2 rendered=1 isGenerating=true isAiLoading=false scrollPct=1.00
[10:54:38.324] CHUNK | len=5 isAiLoading=false
[10:54:38.324] RENDER | msgs=2 rendered=1 isGenerating=true isAiLoading=false scrollPct=1.00
[10:54:38.373] CHUNK | len=5 isAiLoading=false
[10:54:38.373] RENDER | msgs=2 rendered=1 isGenerating=true isAiLoading=false scrollPct=1.00
[10:54:38.422] CHUNK | len=5 isAiLoading=false
[10:54:38.422] RENDER | msgs=2 rendered=1 isGenerating=true isAiLoading=false scrollPct=1.00
[10:54:38.475] CHUNK | len=2 isAiLoading=false
[10:54:38.475] RENDER | msgs=2 rendered=1 isGenerating=true isAiLoading=false scrollPct=1.00
[10:54:38.524] CHUNK | len=10 isAiLoading=false
[10:54:38.524] RENDER | msgs=2 rendered=1 isGenerating=true isAiLoading=false scrollPct=1.00
[10:54:38.575] CHUNK | len=13 isAiLoading=false
[10:54:38.575] RENDER | msgs=2 rendered=1 isGenerating=true isAiLoading=false scrollPct=1.00
[10:54:38.626] CHUNK | len=1 isAiLoading=false
[10:54:38.626] RENDER | msgs=2 rendered=1 isGenerating=true isAiLoading=false scrollPct=1.00
[10:54:38.676] CHUNK | len=1 isAiLoading=false
[10:54:38.676] RENDER | msgs=2 rendered=1 isGenerating=true isAiLoading=false scrollPct=1.00
[10:54:38.722] CHUNK | len=1 isAiLoading=false
[10:54:38.722] RENDER | msgs=2 rendered=1 isGenerating=true isAiLoading=false scrollPct=1.00
[10:54:38.769] CHUNK | len=2 isAiLoading=false
[10:54:38.769] RENDER | msgs=2 rendered=1 isGenerating=true isAiLoading=false scrollPct=1.00
[10:54:38.821] CHUNK | len=11 isAiLoading=false
[10:54:38.822] RENDER | msgs=2 rendered=1 isGenerating=true isAiLoading=false scrollPct=1.00
[10:54:38.869] CHUNK | len=5 isAiLoading=false
[10:54:38.869] RENDER | msgs=2 rendered=1 isGenerating=true isAiLoading=false scrollPct=1.00
[10:54:38.917] CHUNK | len=4 isAiLoading=false
[10:54:38.917] RENDER | msgs=2 rendered=1 isGenerating=true isAiLoading=false scrollPct=1.00
[10:54:38.969] CHUNK | len=7 isAiLoading=false
[10:54:38.969] RENDER | msgs=2 rendered=1 isGenerating=true isAiLoading=false scrollPct=1.00
[10:54:39.016] CHUNK | len=3 isAiLoading=false
[10:54:39.017] RENDER | msgs=2 rendered=1 isGenerating=true isAiLoading=false scrollPct=1.00
[10:54:39.067] CHUNK | len=5 isAiLoading=false
[10:54:39.067] RENDER | msgs=2 rendered=1 isGenerating=true isAiLoading=false scrollPct=1.00
[10:54:39.119] CHUNK | len=3 isAiLoading=false
[10:54:39.119] RENDER | msgs=2 rendered=1 isGenerating=true isAiLoading=false scrollPct=1.00
[10:54:39.169] CHUNK | len=4 isAiLoading=false
[10:54:39.169] RENDER | msgs=2 rendered=1 isGenerating=true isAiLoading=false scrollPct=1.00
[10:54:39.218] CHUNK | len=8 isAiLoading=false
[10:54:39.218] RENDER | msgs=2 rendered=1 isGenerating=true isAiLoading=false scrollPct=1.00
[10:54:39.268] CHUNK | len=15 isAiLoading=false
[10:54:39.268] RENDER | msgs=2 rendered=1 isGenerating=true isAiLoading=false scrollPct=1.00
[10:54:39.315] CHUNK | len=1 isAiLoading=false
[10:54:39.315] RENDER | msgs=2 rendered=1 isGenerating=true isAiLoading=false scrollPct=1.00
[10:54:39.365] CHUNK | len=9 isAiLoading=false
[10:54:39.365] RENDER | msgs=2 rendered=1 isGenerating=true isAiLoading=false scrollPct=1.00
[10:54:39.415] CHUNK | len=5 isAiLoading=false
[10:54:39.415] RENDER | msgs=2 rendered=1 isGenerating=true isAiLoading=false scrollPct=1.00
[10:54:39.462] CHUNK | len=1 isAiLoading=false
[10:54:39.462] RENDER | msgs=2 rendered=1 isGenerating=true isAiLoading=false scrollPct=1.00
[10:54:39.508] CHUNK | len=3 isAiLoading=false
[10:54:39.508] RENDER | msgs=2 rendered=1 isGenerating=true isAiLoading=false scrollPct=1.00
[10:54:39.555] CHUNK | len=7 isAiLoading=false
[10:54:39.555] RENDER | msgs=2 rendered=1 isGenerating=true isAiLoading=false scrollPct=1.00
[10:54:39.616] CHUNK | len=1 isAiLoading=false
[10:54:39.616] RENDER | msgs=2 rendered=1 isGenerating=true isAiLoading=false scrollPct=1.00
[10:54:39.665] CHUNK | len=2 isAiLoading=false
[10:54:39.665] RENDER | msgs=2 rendered=1 isGenerating=true isAiLoading=false scrollPct=1.00
[10:54:39.716] CHUNK | len=5 isAiLoading=false
[10:54:39.716] RENDER | msgs=2 rendered=1 isGenerating=true isAiLoading=false scrollPct=1.00
[10:54:39.767] CHUNK | len=7 isAiLoading=false
[10:54:39.767] RENDER | msgs=2 rendered=1 isGenerating=true isAiLoading=false scrollPct=1.00
[10:54:39.814] CHUNK | len=4 isAiLoading=false
[10:54:39.814] RENDER | msgs=2 rendered=1 isGenerating=true isAiLoading=false scrollPct=1.00
[10:54:39.862] CHUNK | len=9 isAiLoading=false
[10:54:39.862] RENDER | msgs=2 rendered=1 isGenerating=true isAiLoading=false scrollPct=1.00
[10:54:39.909] CHUNK | len=4 isAiLoading=false
[10:54:39.909] RENDER | msgs=2 rendered=1 isGenerating=true isAiLoading=false scrollPct=1.00
[10:54:39.958] CHUNK | len=12 isAiLoading=false
[10:54:39.958] RENDER | msgs=2 rendered=1 isGenerating=true isAiLoading=false scrollPct=1.00
[10:54:40.005] CHUNK | len=3 isAiLoading=false
[10:54:40.005] RENDER | msgs=2 rendered=1 isGenerating=true isAiLoading=false scrollPct=1.00
[10:54:40.052] CHUNK | len=4 isAiLoading=false
[10:54:40.052] RENDER | msgs=2 rendered=1 isGenerating=true isAiLoading=false scrollPct=1.00
[10:54:40.101] CHUNK | len=12 isAiLoading=false
[10:54:40.101] RENDER | msgs=2 rendered=1 isGenerating=true isAiLoading=false scrollPct=1.00
[10:54:40.148] CHUNK | len=7 isAiLoading=false
[10:54:40.148] RENDER | msgs=2 rendered=1 isGenerating=true isAiLoading=false scrollPct=1.00
[10:54:40.198] CHUNK | len=6 isAiLoading=false
[10:54:40.198] RENDER | msgs=2 rendered=1 isGenerating=true isAiLoading=false scrollPct=1.00
[10:54:40.249] CHUNK | len=3 isAiLoading=false
[10:54:40.249] RENDER | msgs=2 rendered=1 isGenerating=true isAiLoading=false scrollPct=1.00
[10:54:40.298] CHUNK | len=3 isAiLoading=false
[10:54:40.298] RENDER | msgs=2 rendered=1 isGenerating=true isAiLoading=false scrollPct=1.00
[10:54:40.347] CHUNK | len=4 isAiLoading=false
[10:54:40.347] RENDER | msgs=2 rendered=1 isGenerating=true isAiLoading=false scrollPct=1.00
[10:54:40.394] CHUNK | len=4 isAiLoading=false
[10:54:40.394] RENDER | msgs=2 rendered=1 isGenerating=true isAiLoading=false scrollPct=1.00
[10:54:40.444] CHUNK | len=1 isAiLoading=false
[10:54:40.444] RENDER | msgs=2 rendered=1 isGenerating=true isAiLoading=false scrollPct=1.00
[10:54:40.491] CHUNK | len=2 isAiLoading=false
[10:54:40.491] RENDER | msgs=2 rendered=1 isGenerating=true isAiLoading=false scrollPct=1.00
[10:54:40.537] CHUNK | len=2 isAiLoading=false
[10:54:40.537] RENDER | msgs=2 rendered=1 isGenerating=true isAiLoading=false scrollPct=1.00
[10:54:40.587] CHUNK | len=2 isAiLoading=false
[10:54:40.587] RENDER | msgs=2 rendered=1 isGenerating=true isAiLoading=false scrollPct=1.00
[10:54:40.634] CHUNK | len=9 isAiLoading=false
[10:54:40.634] RENDER | msgs=2 rendered=1 isGenerating=true isAiLoading=false scrollPct=1.00
[10:54:40.683] CHUNK | len=11 isAiLoading=false
[10:54:40.683] RENDER | msgs=2 rendered=1 isGenerating=true isAiLoading=false scrollPct=1.00
[10:54:40.731] CHUNK | len=2 isAiLoading=false
[10:54:40.731] RENDER | msgs=2 rendered=1 isGenerating=true isAiLoading=false scrollPct=1.00
[10:54:40.778] CHUNK | len=2 isAiLoading=false
[10:54:40.778] RENDER | msgs=2 rendered=1 isGenerating=true isAiLoading=false scrollPct=1.00
[10:54:40.820] CHUNK | len=1 isAiLoading=false
[10:54:40.820] RENDER | msgs=2 rendered=1 isGenerating=true isAiLoading=false scrollPct=1.00
[10:54:40.876] CHUNK | len=5 isAiLoading=false
[10:54:40.876] RENDER | msgs=2 rendered=1 isGenerating=true isAiLoading=false scrollPct=1.00
[10:54:40.928] CHUNK | len=3 isAiLoading=false
[10:54:40.928] RENDER | msgs=2 rendered=1 isGenerating=true isAiLoading=false scrollPct=1.00
[10:54:40.977] CHUNK | len=3 isAiLoading=false
[10:54:40.977] RENDER | msgs=2 rendered=1 isGenerating=true isAiLoading=false scrollPct=1.00
[10:54:41.026] CHUNK | len=9 isAiLoading=false
[10:54:41.026] RENDER | msgs=2 rendered=1 isGenerating=true isAiLoading=false scrollPct=1.00
[10:54:41.076] CHUNK | len=3 isAiLoading=false
[10:54:41.076] RENDER | msgs=2 rendered=1 isGenerating=true isAiLoading=false scrollPct=1.00
[10:54:41.125] CHUNK | len=8 isAiLoading=false
[10:54:41.125] RENDER | msgs=2 rendered=1 isGenerating=true isAiLoading=false scrollPct=1.00
[10:54:41.175] CHUNK | len=8 isAiLoading=false
[10:54:41.175] RENDER | msgs=2 rendered=1 isGenerating=true isAiLoading=false scrollPct=1.00
[10:54:41.224] CHUNK | len=12 isAiLoading=false
[10:54:41.224] RENDER | msgs=2 rendered=1 isGenerating=true isAiLoading=false scrollPct=1.00
[10:54:41.279] CHUNK | len=5 isAiLoading=false
[10:54:41.279] RENDER | msgs=2 rendered=1 isGenerating=true isAiLoading=false scrollPct=1.00
[10:54:41.326] CHUNK | len=1 isAiLoading=false
[10:54:41.326] RENDER | msgs=2 rendered=1 isGenerating=true isAiLoading=false scrollPct=1.00
[10:54:41.373] CHUNK | len=3 isAiLoading=false
[10:54:41.373] RENDER | msgs=2 rendered=1 isGenerating=true isAiLoading=false scrollPct=1.00
[10:54:41.419] CHUNK | len=5 isAiLoading=false
[10:54:41.419] RENDER | msgs=2 rendered=1 isGenerating=true isAiLoading=false scrollPct=1.00
[10:54:41.466] CHUNK | len=4 isAiLoading=false
[10:54:41.466] RENDER | msgs=2 rendered=1 isGenerating=true isAiLoading=false scrollPct=1.00
[10:54:41.519] CHUNK | len=7 isAiLoading=false
[10:54:41.519] RENDER | msgs=2 rendered=1 isGenerating=true isAiLoading=false scrollPct=1.00
[10:54:41.567] CHUNK | len=3 isAiLoading=false
[10:54:41.567] RENDER | msgs=2 rendered=1 isGenerating=true isAiLoading=false scrollPct=1.00
[10:54:41.619] CHUNK | len=12 isAiLoading=false
[10:54:41.619] RENDER | msgs=2 rendered=1 isGenerating=true isAiLoading=false scrollPct=1.00
[10:54:41.673] CHUNK | len=3 isAiLoading=false
[10:54:41.673] RENDER | msgs=2 rendered=1 isGenerating=true isAiLoading=false scrollPct=1.00
[10:54:41.726] CHUNK | len=7 isAiLoading=false
[10:54:41.726] RENDER | msgs=2 rendered=1 isGenerating=true isAiLoading=false scrollPct=1.00
[10:54:41.772] CHUNK | len=1 isAiLoading=false
[10:54:41.772] RENDER | msgs=2 rendered=1 isGenerating=true isAiLoading=false scrollPct=1.00
[10:54:41.822] CHUNK | len=7 isAiLoading=false
[10:54:41.822] RENDER | msgs=2 rendered=1 isGenerating=true isAiLoading=false scrollPct=1.00
[10:54:41.868] CHUNK | len=1 isAiLoading=false
[10:54:41.868] RENDER | msgs=2 rendered=1 isGenerating=true isAiLoading=false scrollPct=1.00
[10:54:41.916] CHUNK | len=3 isAiLoading=false
[10:54:41.916] RENDER | msgs=2 rendered=1 isGenerating=true isAiLoading=false scrollPct=1.00
[10:54:41.963] CHUNK | len=10 isAiLoading=false
[10:54:41.963] RENDER | msgs=2 rendered=1 isGenerating=true isAiLoading=false scrollPct=1.00
[10:54:42.012] CHUNK | len=7 isAiLoading=false
[10:54:42.012] RENDER | msgs=2 rendered=1 isGenerating=true isAiLoading=false scrollPct=1.00
[10:54:42.059] CHUNK | len=1 isAiLoading=false
[10:54:42.059] RENDER | msgs=2 rendered=1 isGenerating=true isAiLoading=false scrollPct=1.00
[10:54:42.111] CHUNK | len=1 isAiLoading=false
[10:54:42.111] RENDER | msgs=2 rendered=1 isGenerating=true isAiLoading=false scrollPct=1.00
[10:54:42.161] CHUNK | len=1 isAiLoading=false
[10:54:42.161] RENDER | msgs=2 rendered=1 isGenerating=true isAiLoading=false scrollPct=1.00
[10:54:42.212] CHUNK | len=4 isAiLoading=false
[10:54:42.212] RENDER | msgs=2 rendered=1 isGenerating=true isAiLoading=false scrollPct=1.00
[10:54:42.263] CHUNK | len=3 isAiLoading=false
[10:54:42.263] RENDER | msgs=2 rendered=1 isGenerating=true isAiLoading=false scrollPct=1.00
[10:54:42.311] CHUNK | len=5 isAiLoading=false
[10:54:42.311] RENDER | msgs=2 rendered=1 isGenerating=true isAiLoading=false scrollPct=1.00
[10:54:42.360] CHUNK | len=4 isAiLoading=false
[10:54:42.360] RENDER | msgs=2 rendered=1 isGenerating=true isAiLoading=false scrollPct=1.00
[10:54:42.409] CHUNK | len=8 isAiLoading=false
[10:54:42.410] RENDER | msgs=2 rendered=1 isGenerating=true isAiLoading=false scrollPct=1.00
[10:54:42.457] CHUNK | len=3 isAiLoading=false
[10:54:42.457] RENDER | msgs=2 rendered=1 isGenerating=true isAiLoading=false scrollPct=1.00
[10:54:42.506] CHUNK | len=9 isAiLoading=false
[10:54:42.506] RENDER | msgs=2 rendered=1 isGenerating=true isAiLoading=false scrollPct=1.00
[10:54:42.552] CHUNK | len=3 isAiLoading=false
[10:54:42.552] RENDER | msgs=2 rendered=1 isGenerating=true isAiLoading=false scrollPct=1.00
[10:54:42.600] CHUNK | len=9 isAiLoading=false
[10:54:42.600] RENDER | msgs=2 rendered=1 isGenerating=true isAiLoading=false scrollPct=1.00
[10:54:42.646] CHUNK | len=3 isAiLoading=false
[10:54:42.646] RENDER | msgs=2 rendered=1 isGenerating=true isAiLoading=false scrollPct=1.00
[10:54:42.697] CHUNK | len=3 isAiLoading=false
[10:54:42.697] RENDER | msgs=2 rendered=1 isGenerating=true isAiLoading=false scrollPct=1.00
[10:54:42.744] CHUNK | len=4 isAiLoading=false
[10:54:42.744] RENDER | msgs=2 rendered=1 isGenerating=true isAiLoading=false scrollPct=1.00
[10:54:42.801] CHUNK | len=6 isAiLoading=false
[10:54:42.801] RENDER | msgs=2 rendered=1 isGenerating=true isAiLoading=false scrollPct=1.00
[10:54:42.851] CHUNK | len=1 isAiLoading=false
[10:54:42.851] RENDER | msgs=2 rendered=1 isGenerating=true isAiLoading=false scrollPct=1.00
[10:54:42.901] CHUNK | len=4 isAiLoading=false
[10:54:42.901] RENDER | msgs=2 rendered=1 isGenerating=true isAiLoading=false scrollPct=1.00
[10:54:42.948] CHUNK | len=8 isAiLoading=false
[10:54:42.948] RENDER | msgs=2 rendered=1 isGenerating=true isAiLoading=false scrollPct=1.00
[10:54:42.996] CHUNK | len=3 isAiLoading=false
[10:54:42.996] RENDER | msgs=2 rendered=1 isGenerating=true isAiLoading=false scrollPct=1.00
[10:54:43.043] CHUNK | len=3 isAiLoading=false
[10:54:43.043] RENDER | msgs=2 rendered=1 isGenerating=true isAiLoading=false scrollPct=1.00
[10:54:43.092] CHUNK | len=8 isAiLoading=false
[10:54:43.092] RENDER | msgs=2 rendered=1 isGenerating=true isAiLoading=false scrollPct=1.00
[10:54:43.142] CHUNK | len=12 isAiLoading=false
[10:54:43.142] RENDER | msgs=2 rendered=1 isGenerating=true isAiLoading=false scrollPct=1.00
[10:54:43.192] CHUNK | len=1 isAiLoading=false
[10:54:43.192] RENDER | msgs=2 rendered=1 isGenerating=true isAiLoading=false scrollPct=1.00
[10:54:43.240] CHUNK | len=4 isAiLoading=false
[10:54:43.240] RENDER | msgs=2 rendered=1 isGenerating=true isAiLoading=false scrollPct=1.00
[10:54:43.289] CHUNK | len=3 isAiLoading=false
[10:54:43.289] RENDER | msgs=2 rendered=1 isGenerating=true isAiLoading=false scrollPct=1.00
[10:54:43.340] CHUNK | len=10 isAiLoading=false
[10:54:43.340] RENDER | msgs=2 rendered=1 isGenerating=true isAiLoading=false scrollPct=1.00
[10:54:43.390] CHUNK | len=3 isAiLoading=false
[10:54:43.390] RENDER | msgs=2 rendered=1 isGenerating=true isAiLoading=false scrollPct=1.00
[10:54:43.452] CHUNK | len=9 isAiLoading=false
[10:54:43.452] RENDER | msgs=2 rendered=1 isGenerating=true isAiLoading=false scrollPct=1.00
[10:54:43.499] CHUNK | len=3 isAiLoading=false
[10:54:43.499] RENDER | msgs=2 rendered=1 isGenerating=true isAiLoading=false scrollPct=1.00
[10:54:43.548] CHUNK | len=10 isAiLoading=false
[10:54:43.548] RENDER | msgs=2 rendered=1 isGenerating=true isAiLoading=false scrollPct=1.00
[10:54:43.594] CHUNK | len=1 isAiLoading=false
[10:54:43.594] RENDER | msgs=2 rendered=1 isGenerating=true isAiLoading=false scrollPct=1.00
[10:54:43.643] CHUNK | len=1 isAiLoading=false
[10:54:43.643] RENDER | msgs=2 rendered=1 isGenerating=true isAiLoading=false scrollPct=1.00
[10:54:43.687] CHUNK | len=1 isAiLoading=false
[10:54:43.688] RENDER | msgs=2 rendered=1 isGenerating=true isAiLoading=false scrollPct=1.00
[10:54:43.734] CHUNK | len=2 isAiLoading=false
[10:54:43.734] RENDER | msgs=2 rendered=1 isGenerating=true isAiLoading=false scrollPct=1.00
[10:54:43.781] CHUNK | len=7 isAiLoading=false
[10:54:43.781] RENDER | msgs=2 rendered=1 isGenerating=true isAiLoading=false scrollPct=1.00
[10:54:43.830] CHUNK | len=4 isAiLoading=false
[10:54:43.830] RENDER | msgs=2 rendered=1 isGenerating=true isAiLoading=false scrollPct=1.00
[10:54:43.876] CHUNK | len=3 isAiLoading=false
[10:54:43.876] RENDER | msgs=2 rendered=1 isGenerating=true isAiLoading=false scrollPct=1.00
[10:54:43.923] CHUNK | len=3 isAiLoading=false
[10:54:43.923] RENDER | msgs=2 rendered=1 isGenerating=true isAiLoading=false scrollPct=1.00
[10:54:43.974] CHUNK | len=9 isAiLoading=false
[10:54:43.974] RENDER | msgs=2 rendered=1 isGenerating=true isAiLoading=false scrollPct=1.00
[10:54:44.022] CHUNK | len=2 isAiLoading=false
[10:54:44.022] RENDER | msgs=2 rendered=1 isGenerating=true isAiLoading=false scrollPct=1.00
[10:54:44.075] CHUNK | len=8 isAiLoading=false
[10:54:44.075] RENDER | msgs=2 rendered=1 isGenerating=true isAiLoading=false scrollPct=1.00
[10:54:44.123] CHUNK | len=4 isAiLoading=false
[10:54:44.123] RENDER | msgs=2 rendered=1 isGenerating=true isAiLoading=false scrollPct=1.00
[10:54:44.172] CHUNK | len=10 isAiLoading=false
[10:54:44.172] RENDER | msgs=2 rendered=1 isGenerating=true isAiLoading=false scrollPct=1.00
[10:54:44.223] CHUNK | len=5 isAiLoading=false
[10:54:44.223] RENDER | msgs=2 rendered=1 isGenerating=true isAiLoading=false scrollPct=1.00
[10:54:44.272] CHUNK | len=3 isAiLoading=false
[10:54:44.272] RENDER | msgs=2 rendered=1 isGenerating=true isAiLoading=false scrollPct=1.00
[10:54:44.319] CHUNK | len=4 isAiLoading=false
[10:54:44.319] RENDER | msgs=2 rendered=1 isGenerating=true isAiLoading=false scrollPct=1.00
[10:54:44.366] CHUNK | len=10 isAiLoading=false
[10:54:44.366] RENDER | msgs=2 rendered=1 isGenerating=true isAiLoading=false scrollPct=1.00
[10:54:44.413] CHUNK | len=1 isAiLoading=false
[10:54:44.413] RENDER | msgs=2 rendered=1 isGenerating=true isAiLoading=false scrollPct=1.00
[10:54:44.463] CHUNK | len=1 isAiLoading=false
[10:54:44.463] RENDER | msgs=2 rendered=1 isGenerating=true isAiLoading=false scrollPct=1.00
[10:54:44.506] CHUNK | len=1 isAiLoading=false
[10:54:44.506] RENDER | msgs=2 rendered=1 isGenerating=true isAiLoading=false scrollPct=1.00
[10:54:44.555] CHUNK | len=2 isAiLoading=false
[10:54:44.555] RENDER | msgs=2 rendered=1 isGenerating=true isAiLoading=false scrollPct=1.00
[10:54:44.603] CHUNK | len=12 isAiLoading=false
[10:54:44.603] RENDER | msgs=2 rendered=1 isGenerating=true isAiLoading=false scrollPct=1.00
[10:54:44.652] CHUNK | len=5 isAiLoading=false
[10:54:44.652] RENDER | msgs=2 rendered=1 isGenerating=true isAiLoading=false scrollPct=1.00
[10:54:44.713] CHUNK | len=5 isAiLoading=false
[10:54:44.713] RENDER | msgs=2 rendered=1 isGenerating=true isAiLoading=false scrollPct=1.00
[10:54:44.763] CHUNK | len=3 isAiLoading=false
[10:54:44.763] RENDER | msgs=2 rendered=1 isGenerating=true isAiLoading=false scrollPct=1.00
[10:54:44.812] CHUNK | len=3 isAiLoading=false
[10:54:44.812] RENDER | msgs=2 rendered=1 isGenerating=true isAiLoading=false scrollPct=1.00
[10:54:44.861] CHUNK | len=5 isAiLoading=false
[10:54:44.861] RENDER | msgs=2 rendered=1 isGenerating=true isAiLoading=false scrollPct=1.00
[10:54:44.912] CHUNK | len=9 isAiLoading=false
[10:54:44.912] RENDER | msgs=2 rendered=1 isGenerating=true isAiLoading=false scrollPct=1.00
[10:54:44.962] CHUNK | len=4 isAiLoading=false
[10:54:44.962] RENDER | msgs=2 rendered=1 isGenerating=true isAiLoading=false scrollPct=1.00
[10:54:45.012] CHUNK | len=9 isAiLoading=false
[10:54:45.012] RENDER | msgs=2 rendered=1 isGenerating=true isAiLoading=false scrollPct=1.00
[10:54:45.061] CHUNK | len=4 isAiLoading=false
[10:54:45.061] RENDER | msgs=2 rendered=1 isGenerating=true isAiLoading=false scrollPct=1.00
[10:54:45.109] CHUNK | len=3 isAiLoading=false
[10:54:45.109] RENDER | msgs=2 rendered=1 isGenerating=true isAiLoading=false scrollPct=1.00
[10:54:45.156] CHUNK | len=3 isAiLoading=false
[10:54:45.156] RENDER | msgs=2 rendered=1 isGenerating=true isAiLoading=false scrollPct=1.00
[10:54:45.203] CHUNK | len=6 isAiLoading=false
[10:54:45.203] RENDER | msgs=2 rendered=1 isGenerating=true isAiLoading=false scrollPct=1.00
[10:54:45.256] CHUNK | len=9 isAiLoading=false
[10:54:45.256] RENDER | msgs=2 rendered=1 isGenerating=true isAiLoading=false scrollPct=1.00
[10:54:45.302] CHUNK | len=1 isAiLoading=false
[10:54:45.302] RENDER | msgs=2 rendered=1 isGenerating=true isAiLoading=false scrollPct=1.00
[10:54:45.353] CHUNK | len=3 isAiLoading=false
[10:54:45.353] RENDER | msgs=2 rendered=1 isGenerating=true isAiLoading=false scrollPct=1.00
[10:54:45.402] CHUNK | len=5 isAiLoading=false
[10:54:45.402] RENDER | msgs=2 rendered=1 isGenerating=true isAiLoading=false scrollPct=1.00
[10:54:45.450] CHUNK | len=4 isAiLoading=false
[10:54:45.450] RENDER | msgs=2 rendered=1 isGenerating=true isAiLoading=false scrollPct=1.00
[10:54:45.496] CHUNK | len=5 isAiLoading=false
[10:54:45.496] RENDER | msgs=2 rendered=1 isGenerating=true isAiLoading=false scrollPct=1.00
[10:54:45.543] CHUNK | len=7 isAiLoading=false
[10:54:45.543] RENDER | msgs=2 rendered=1 isGenerating=true isAiLoading=false scrollPct=1.00
[10:54:45.589] CHUNK | len=3 isAiLoading=false
[10:54:45.589] RENDER | msgs=2 rendered=1 isGenerating=true isAiLoading=false scrollPct=1.00
[10:54:45.636] CHUNK | len=4 isAiLoading=false
[10:54:45.636] RENDER | msgs=2 rendered=1 isGenerating=true isAiLoading=false scrollPct=1.00
[10:54:45.684] CHUNK | len=9 isAiLoading=false
[10:54:45.684] RENDER | msgs=2 rendered=1 isGenerating=true isAiLoading=false scrollPct=1.00
[10:54:45.736] CHUNK | len=8 isAiLoading=false
[10:54:45.736] RENDER | msgs=2 rendered=1 isGenerating=true isAiLoading=false scrollPct=1.00
[10:54:45.783] CHUNK | len=3 isAiLoading=false
[10:54:45.783] RENDER | msgs=2 rendered=1 isGenerating=true isAiLoading=false scrollPct=1.00
[10:54:45.829] CHUNK | len=9 isAiLoading=false
[10:54:45.829] RENDER | msgs=2 rendered=1 isGenerating=true isAiLoading=false scrollPct=1.00
[10:54:45.878] CHUNK | len=1 isAiLoading=false
[10:54:45.878] RENDER | msgs=2 rendered=1 isGenerating=true isAiLoading=false scrollPct=1.00
[10:54:45.925] CHUNK | len=2 isAiLoading=false
[10:54:45.925] RENDER | msgs=2 rendered=1 isGenerating=true isAiLoading=false scrollPct=1.00
[10:54:45.985] CHUNK | len=2 isAiLoading=false
[10:54:45.985] RENDER | msgs=2 rendered=1 isGenerating=true isAiLoading=false scrollPct=1.00
[10:54:46.036] CHUNK | len=8 isAiLoading=false
[10:54:46.036] RENDER | msgs=2 rendered=1 isGenerating=true isAiLoading=false scrollPct=1.00
[10:54:46.086] CHUNK | len=4 isAiLoading=false
[10:54:46.086] RENDER | msgs=2 rendered=1 isGenerating=true isAiLoading=false scrollPct=1.00
[10:54:46.133] CHUNK | len=13 isAiLoading=false
[10:54:46.133] RENDER | msgs=2 rendered=1 isGenerating=true isAiLoading=false scrollPct=1.00
[10:54:46.180] CHUNK | len=3 isAiLoading=false
[10:54:46.180] RENDER | msgs=2 rendered=1 isGenerating=true isAiLoading=false scrollPct=1.00
[10:54:46.227] CHUNK | len=2 isAiLoading=false
[10:54:46.227] RENDER | msgs=2 rendered=1 isGenerating=true isAiLoading=false scrollPct=1.00
[10:54:46.283] CHUNK | len=2 isAiLoading=false
[10:54:46.283] RENDER | msgs=2 rendered=1 isGenerating=true isAiLoading=false scrollPct=1.00
[10:54:46.329] CHUNK | len=1 isAiLoading=false
[10:54:46.329] RENDER | msgs=2 rendered=1 isGenerating=true isAiLoading=false scrollPct=1.00
[10:54:46.380] CHUNK | len=2 isAiLoading=false
[10:54:46.380] RENDER | msgs=2 rendered=1 isGenerating=true isAiLoading=false scrollPct=1.00
[10:54:46.427] CHUNK | len=11 isAiLoading=false
[10:54:46.427] RENDER | msgs=2 rendered=1 isGenerating=true isAiLoading=false scrollPct=1.00
[10:54:46.474] CHUNK | len=5 isAiLoading=false
[10:54:46.474] RENDER | msgs=2 rendered=1 isGenerating=true isAiLoading=false scrollPct=1.00
[10:54:46.521] CHUNK | len=5 isAiLoading=false
[10:54:46.522] RENDER | msgs=2 rendered=1 isGenerating=true isAiLoading=false scrollPct=1.00
[10:54:46.569] CHUNK | len=3 isAiLoading=false
[10:54:46.569] RENDER | msgs=2 rendered=1 isGenerating=true isAiLoading=false scrollPct=1.00
[10:54:46.624] CHUNK | len=3 isAiLoading=false
[10:54:46.624] RENDER | msgs=2 rendered=1 isGenerating=true isAiLoading=false scrollPct=1.00
[10:54:46.674] CHUNK | len=8 isAiLoading=false
[10:54:46.674] RENDER | msgs=2 rendered=1 isGenerating=true isAiLoading=false scrollPct=1.00
[10:54:46.721] CHUNK | len=7 isAiLoading=false
[10:54:46.721] RENDER | msgs=2 rendered=1 isGenerating=true isAiLoading=false scrollPct=1.00
[10:54:46.768] CHUNK | len=3 isAiLoading=false
[10:54:46.768] RENDER | msgs=2 rendered=1 isGenerating=true isAiLoading=false scrollPct=1.00
[10:54:46.818] CHUNK | len=3 isAiLoading=false
[10:54:46.818] RENDER | msgs=2 rendered=1 isGenerating=true isAiLoading=false scrollPct=1.00
[10:54:46.869] CHUNK | len=6 isAiLoading=false
[10:54:46.869] RENDER | msgs=2 rendered=1 isGenerating=true isAiLoading=false scrollPct=1.00
[10:54:46.916] CHUNK | len=8 isAiLoading=false
[10:54:46.916] RENDER | msgs=2 rendered=1 isGenerating=true isAiLoading=false scrollPct=1.00
[10:54:46.963] CHUNK | len=4 isAiLoading=false
[10:54:46.963] RENDER | msgs=2 rendered=1 isGenerating=true isAiLoading=false scrollPct=1.00
[10:54:47.010] CHUNK | len=4 isAiLoading=false
[10:54:47.010] RENDER | msgs=2 rendered=1 isGenerating=true isAiLoading=false scrollPct=1.00
[10:54:47.057] CHUNK | len=3 isAiLoading=false
[10:54:47.057] RENDER | msgs=2 rendered=1 isGenerating=true isAiLoading=false scrollPct=1.00
[10:54:47.104] CHUNK | len=11 isAiLoading=false
[10:54:47.104] RENDER | msgs=2 rendered=1 isGenerating=true isAiLoading=false scrollPct=1.00
[10:54:47.153] CHUNK | len=3 isAiLoading=false
[10:54:47.153] RENDER | msgs=2 rendered=1 isGenerating=true isAiLoading=false scrollPct=1.00
[10:54:47.200] CHUNK | len=4 isAiLoading=false
[10:54:47.200] RENDER | msgs=2 rendered=1 isGenerating=true isAiLoading=false scrollPct=1.00
[10:54:47.263] CHUNK | len=9 isAiLoading=false
[10:54:47.263] RENDER | msgs=2 rendered=1 isGenerating=true isAiLoading=false scrollPct=1.00
[10:54:47.310] CHUNK | len=8 isAiLoading=false
[10:54:47.311] RENDER | msgs=2 rendered=1 isGenerating=true isAiLoading=false scrollPct=1.00
[10:54:47.358] CHUNK | len=3 isAiLoading=false
[10:54:47.358] RENDER | msgs=2 rendered=1 isGenerating=true isAiLoading=false scrollPct=1.00
[10:54:47.405] CHUNK | len=6 isAiLoading=false
[10:54:47.405] RENDER | msgs=2 rendered=1 isGenerating=true isAiLoading=false scrollPct=1.00
[10:54:47.456] CHUNK | len=9 isAiLoading=false
[10:54:47.457] RENDER | msgs=2 rendered=1 isGenerating=true isAiLoading=false scrollPct=1.00
[10:54:47.503] CHUNK | len=1 isAiLoading=false
[10:54:47.503] RENDER | msgs=2 rendered=1 isGenerating=true isAiLoading=false scrollPct=1.00
[10:54:47.550] CHUNK | len=1 isAiLoading=false
[10:54:47.550] RENDER | msgs=2 rendered=1 isGenerating=true isAiLoading=false scrollPct=1.00
[10:54:47.593] CHUNK | len=1 isAiLoading=false
[10:54:47.593] RENDER | msgs=2 rendered=1 isGenerating=true isAiLoading=false scrollPct=1.00
[10:54:47.641] CHUNK | len=2 isAiLoading=false
[10:54:47.641] RENDER | msgs=2 rendered=1 isGenerating=true isAiLoading=false scrollPct=1.00
[10:54:47.688] CHUNK | len=12 isAiLoading=false
[10:54:47.688] RENDER | msgs=2 rendered=1 isGenerating=true isAiLoading=false scrollPct=1.00
[10:54:47.735] CHUNK | len=5 isAiLoading=false
[10:54:47.735] RENDER | msgs=2 rendered=1 isGenerating=true isAiLoading=false scrollPct=1.00
[10:54:47.783] CHUNK | len=4 isAiLoading=false
[10:54:47.783] RENDER | msgs=2 rendered=1 isGenerating=true isAiLoading=false scrollPct=1.00
[10:54:47.830] CHUNK | len=7 isAiLoading=false
[10:54:47.830] RENDER | msgs=2 rendered=1 isGenerating=true isAiLoading=false scrollPct=1.00
[10:54:47.882] CHUNK | len=3 isAiLoading=false
[10:54:47.882] RENDER | msgs=2 rendered=1 isGenerating=true isAiLoading=false scrollPct=1.00
[10:54:47.928] CHUNK | len=5 isAiLoading=false
[10:54:47.928] RENDER | msgs=2 rendered=1 isGenerating=true isAiLoading=false scrollPct=1.00
[10:54:47.979] CHUNK | len=3 isAiLoading=false
[10:54:47.979] RENDER | msgs=2 rendered=1 isGenerating=true isAiLoading=false scrollPct=1.00
[10:54:48.029] CHUNK | len=7 isAiLoading=false
[10:54:48.029] RENDER | msgs=2 rendered=1 isGenerating=true isAiLoading=false scrollPct=1.00
[10:54:48.078] CHUNK | len=3 isAiLoading=false
[10:54:48.078] RENDER | msgs=2 rendered=1 isGenerating=true isAiLoading=false scrollPct=1.00
[10:54:48.126] CHUNK | len=8 isAiLoading=false
[10:54:48.126] RENDER | msgs=2 rendered=1 isGenerating=true isAiLoading=false scrollPct=1.00
[10:54:48.177] CHUNK | len=3 isAiLoading=false
[10:54:48.177] RENDER | msgs=2 rendered=1 isGenerating=true isAiLoading=false scrollPct=1.00
[10:54:48.223] CHUNK | len=13 isAiLoading=false
[10:54:48.223] RENDER | msgs=2 rendered=1 isGenerating=true isAiLoading=false scrollPct=1.00
[10:54:48.276] CHUNK | len=4 isAiLoading=false
[10:54:48.276] RENDER | msgs=2 rendered=1 isGenerating=true isAiLoading=false scrollPct=1.00
[10:54:48.325] CHUNK | len=10 isAiLoading=false
[10:54:48.325] RENDER | msgs=2 rendered=1 isGenerating=true isAiLoading=false scrollPct=1.00
[10:54:48.372] CHUNK | len=12 isAiLoading=false
[10:54:48.372] RENDER | msgs=2 rendered=1 isGenerating=true isAiLoading=false scrollPct=1.00
[10:54:48.419] CHUNK | len=1 isAiLoading=false
[10:54:48.419] RENDER | msgs=2 rendered=1 isGenerating=true isAiLoading=false scrollPct=1.00
[10:54:48.471] CHUNK | len=1 isAiLoading=false
[10:54:48.471] RENDER | msgs=2 rendered=1 isGenerating=true isAiLoading=false scrollPct=1.00
[10:54:48.522] CHUNK | len=1 isAiLoading=false
[10:54:48.522] RENDER | msgs=2 rendered=1 isGenerating=true isAiLoading=false scrollPct=1.00
[10:54:48.571] CHUNK | len=2 isAiLoading=false
[10:54:48.571] RENDER | msgs=2 rendered=1 isGenerating=true isAiLoading=false scrollPct=1.00
[10:54:48.618] CHUNK | len=6 isAiLoading=false
[10:54:48.618] RENDER | msgs=2 rendered=1 isGenerating=true isAiLoading=false scrollPct=1.00
[10:54:48.665] CHUNK | len=4 isAiLoading=false
[10:54:48.665] RENDER | msgs=2 rendered=1 isGenerating=true isAiLoading=false scrollPct=1.00
[10:54:48.713] CHUNK | len=3 isAiLoading=false
[10:54:48.713] RENDER | msgs=2 rendered=1 isGenerating=true isAiLoading=false scrollPct=1.00
[10:54:48.760] CHUNK | len=6 isAiLoading=false
[10:54:48.760] RENDER | msgs=2 rendered=1 isGenerating=true isAiLoading=false scrollPct=1.00
[10:54:48.808] CHUNK | len=3 isAiLoading=false
[10:54:48.808] RENDER | msgs=2 rendered=1 isGenerating=true isAiLoading=false scrollPct=1.00
[10:54:48.855] CHUNK | len=9 isAiLoading=false
[10:54:48.855] RENDER | msgs=2 rendered=1 isGenerating=true isAiLoading=false scrollPct=1.00
[10:54:48.905] CHUNK | len=4 isAiLoading=false
[10:54:48.905] RENDER | msgs=2 rendered=1 isGenerating=true isAiLoading=false scrollPct=1.00
[10:54:48.953] CHUNK | len=12 isAiLoading=false
[10:54:48.953] RENDER | msgs=2 rendered=1 isGenerating=true isAiLoading=false scrollPct=1.00
[10:54:49.002] CHUNK | len=9 isAiLoading=false
[10:54:49.003] RENDER | msgs=2 rendered=1 isGenerating=true isAiLoading=false scrollPct=1.00
[10:54:49.050] CHUNK | len=3 isAiLoading=false
[10:54:49.050] RENDER | msgs=2 rendered=1 isGenerating=true isAiLoading=false scrollPct=1.00
[10:54:49.101] CHUNK | len=5 isAiLoading=false
[10:54:49.101] RENDER | msgs=2 rendered=1 isGenerating=true isAiLoading=false scrollPct=1.00
[10:54:49.151] CHUNK | len=3 isAiLoading=false
[10:54:49.151] RENDER | msgs=2 rendered=1 isGenerating=true isAiLoading=false scrollPct=1.00
[10:54:49.200] CHUNK | len=5 isAiLoading=false
[10:54:49.200] RENDER | msgs=2 rendered=1 isGenerating=true isAiLoading=false scrollPct=1.00
[10:54:49.255] CHUNK | len=7 isAiLoading=false
[10:54:49.255] RENDER | msgs=2 rendered=1 isGenerating=true isAiLoading=false scrollPct=1.00
[10:54:49.309] CHUNK | len=8 isAiLoading=false
[10:54:49.309] RENDER | msgs=2 rendered=1 isGenerating=true isAiLoading=false scrollPct=1.00
[10:54:49.364] CHUNK | len=3 isAiLoading=false
[10:54:49.364] RENDER | msgs=2 rendered=1 isGenerating=true isAiLoading=false scrollPct=1.00
[10:54:49.412] CHUNK | len=3 isAiLoading=false
[10:54:49.412] RENDER | msgs=2 rendered=1 isGenerating=true isAiLoading=false scrollPct=1.00
[10:54:49.459] CHUNK | len=9 isAiLoading=false
[10:54:49.459] RENDER | msgs=2 rendered=1 isGenerating=true isAiLoading=false scrollPct=1.00
[10:54:49.508] CHUNK | len=8 isAiLoading=false
[10:54:49.508] RENDER | msgs=2 rendered=1 isGenerating=true isAiLoading=false scrollPct=1.00
[10:54:49.556] CHUNK | len=1 isAiLoading=false
[10:54:49.556] RENDER | msgs=2 rendered=1 isGenerating=true isAiLoading=false scrollPct=1.00
[10:54:49.603] CHUNK | len=2 isAiLoading=false
[10:54:49.603] RENDER | msgs=2 rendered=1 isGenerating=true isAiLoading=false scrollPct=1.00
[10:54:49.647] CHUNK | len=2 isAiLoading=false
[10:54:49.647] RENDER | msgs=2 rendered=1 isGenerating=true isAiLoading=false scrollPct=1.00
[10:54:49.695] CHUNK | len=6 isAiLoading=false
[10:54:49.695] RENDER | msgs=2 rendered=1 isGenerating=true isAiLoading=false scrollPct=1.00
[10:54:49.741] CHUNK | len=13 isAiLoading=false
[10:54:49.742] RENDER | msgs=2 rendered=1 isGenerating=true isAiLoading=false scrollPct=1.00
[10:54:49.795] CHUNK | len=2 isAiLoading=false
[10:54:49.795] RENDER | msgs=2 rendered=1 isGenerating=true isAiLoading=false scrollPct=1.00
[10:54:49.844] CHUNK | len=2 isAiLoading=false
[10:54:49.844] RENDER | msgs=2 rendered=1 isGenerating=true isAiLoading=false scrollPct=1.00
[10:54:49.888] CHUNK | len=1 isAiLoading=false
[10:54:49.888] RENDER | msgs=2 rendered=1 isGenerating=true isAiLoading=false scrollPct=1.00
[10:54:49.936] CHUNK | len=2 isAiLoading=false
[10:54:49.936] RENDER | msgs=2 rendered=1 isGenerating=true isAiLoading=false scrollPct=1.00
[10:54:49.983] CHUNK | len=8 isAiLoading=false
[10:54:49.983] RENDER | msgs=2 rendered=1 isGenerating=true isAiLoading=false scrollPct=1.00
[10:54:50.031] CHUNK | len=5 isAiLoading=false
[10:54:50.032] RENDER | msgs=2 rendered=1 isGenerating=true isAiLoading=false scrollPct=1.00
[10:54:50.082] CHUNK | len=2 isAiLoading=false
[10:54:50.082] RENDER | msgs=2 rendered=1 isGenerating=true isAiLoading=false scrollPct=1.00
[10:54:50.134] CHUNK | len=5 isAiLoading=false
[10:54:50.134] RENDER | msgs=2 rendered=1 isGenerating=true isAiLoading=false scrollPct=1.00
[10:54:50.183] CHUNK | len=5 isAiLoading=false
[10:54:50.183] RENDER | msgs=2 rendered=1 isGenerating=true isAiLoading=false scrollPct=1.00
[10:54:50.232] CHUNK | len=4 isAiLoading=false
[10:54:50.232] RENDER | msgs=2 rendered=1 isGenerating=true isAiLoading=false scrollPct=1.00
[10:54:50.284] CHUNK | len=11 isAiLoading=false
[10:54:50.284] RENDER | msgs=2 rendered=1 isGenerating=true isAiLoading=false scrollPct=1.00
[10:54:50.332] CHUNK | len=4 isAiLoading=false
[10:54:50.332] RENDER | msgs=2 rendered=1 isGenerating=true isAiLoading=false scrollPct=1.00
[10:54:50.384] CHUNK | len=6 isAiLoading=false
[10:54:50.384] RENDER | msgs=2 rendered=1 isGenerating=true isAiLoading=false scrollPct=1.00
[10:54:50.436] CHUNK | len=6 isAiLoading=false
[10:54:50.436] RENDER | msgs=2 rendered=1 isGenerating=true isAiLoading=false scrollPct=1.00
[10:54:50.483] CHUNK | len=1 isAiLoading=false
[10:54:50.483] RENDER | msgs=2 rendered=1 isGenerating=true isAiLoading=false scrollPct=1.00
[10:54:50.531] CHUNK | len=11 isAiLoading=false
[10:54:50.531] RENDER | msgs=2 rendered=1 isGenerating=true isAiLoading=false scrollPct=1.00
[10:54:50.577] CHUNK | len=1 isAiLoading=false
[10:54:50.577] RENDER | msgs=2 rendered=1 isGenerating=true isAiLoading=false scrollPct=1.00
[10:54:50.627] CHUNK | len=4 isAiLoading=false
[10:54:50.627] RENDER | msgs=2 rendered=1 isGenerating=true isAiLoading=false scrollPct=1.00
[10:54:50.676] CHUNK | len=4 isAiLoading=false
[10:54:50.676] RENDER | msgs=2 rendered=1 isGenerating=true isAiLoading=false scrollPct=1.00
[10:54:50.725] CHUNK | len=5 isAiLoading=false
[10:54:50.725] RENDER | msgs=2 rendered=1 isGenerating=true isAiLoading=false scrollPct=1.00
[10:54:50.772] CHUNK | len=3 isAiLoading=false
[10:54:50.772] RENDER | msgs=2 rendered=1 isGenerating=true isAiLoading=false scrollPct=1.00
[10:54:50.820] CHUNK | len=1 isAiLoading=false
[10:54:50.820] RENDER | msgs=2 rendered=1 isGenerating=true isAiLoading=false scrollPct=1.00
[10:54:50.867] CHUNK | len=1 isAiLoading=false
[10:54:50.867] RENDER | msgs=2 rendered=1 isGenerating=true isAiLoading=false scrollPct=1.00
[10:54:50.911] CHUNK | len=1 isAiLoading=false
[10:54:50.911] RENDER | msgs=2 rendered=1 isGenerating=true isAiLoading=false scrollPct=1.00
[10:54:50.958] CHUNK | len=2 isAiLoading=false
[10:54:50.958] RENDER | msgs=2 rendered=1 isGenerating=true isAiLoading=false scrollPct=1.00
[10:54:51.008] CHUNK | len=12 isAiLoading=false
[10:54:51.008] RENDER | msgs=2 rendered=1 isGenerating=true isAiLoading=false scrollPct=1.00
[10:54:51.070] CHUNK | len=5 isAiLoading=false
[10:54:51.070] RENDER | msgs=2 rendered=1 isGenerating=true isAiLoading=false scrollPct=1.00
[10:54:51.123] CHUNK | len=2 isAiLoading=false
[10:54:51.123] RENDER | msgs=2 rendered=1 isGenerating=true isAiLoading=false scrollPct=1.00
[10:54:51.170] CHUNK | len=3 isAiLoading=false
[10:54:51.170] RENDER | msgs=2 rendered=1 isGenerating=true isAiLoading=false scrollPct=1.00
[10:54:51.217] CHUNK | len=6 isAiLoading=false
[10:54:51.217] RENDER | msgs=2 rendered=1 isGenerating=true isAiLoading=false scrollPct=1.00
[10:54:51.271] CHUNK | len=5 isAiLoading=false
[10:54:51.271] RENDER | msgs=2 rendered=1 isGenerating=true isAiLoading=false scrollPct=1.00
[10:54:51.320] CHUNK | len=7 isAiLoading=false
[10:54:51.320] RENDER | msgs=2 rendered=1 isGenerating=true isAiLoading=false scrollPct=1.00
[10:54:51.370] CHUNK | len=3 isAiLoading=false
[10:54:51.370] RENDER | msgs=2 rendered=1 isGenerating=true isAiLoading=false scrollPct=1.00
[10:54:51.421] CHUNK | len=3 isAiLoading=false
[10:54:51.421] RENDER | msgs=2 rendered=1 isGenerating=true isAiLoading=false scrollPct=1.00
[10:54:51.471] CHUNK | len=4 isAiLoading=false
[10:54:51.471] RENDER | msgs=2 rendered=1 isGenerating=true isAiLoading=false scrollPct=1.00
[10:54:51.521] CHUNK | len=5 isAiLoading=false
[10:54:51.521] RENDER | msgs=2 rendered=1 isGenerating=true isAiLoading=false scrollPct=1.00
[10:54:51.571] CHUNK | len=4 isAiLoading=false
[10:54:51.571] RENDER | msgs=2 rendered=1 isGenerating=true isAiLoading=false scrollPct=1.00
[10:54:51.618] CHUNK | len=7 isAiLoading=false
[10:54:51.618] RENDER | msgs=2 rendered=1 isGenerating=true isAiLoading=false scrollPct=1.00
[10:54:51.668] CHUNK | len=5 isAiLoading=false
[10:54:51.668] RENDER | msgs=2 rendered=1 isGenerating=true isAiLoading=false scrollPct=1.00
[10:54:51.718] CHUNK | len=15 isAiLoading=false
[10:54:51.718] RENDER | msgs=2 rendered=1 isGenerating=true isAiLoading=false scrollPct=1.00
[10:54:51.765] CHUNK | len=4 isAiLoading=false
[10:54:51.765] RENDER | msgs=2 rendered=1 isGenerating=true isAiLoading=false scrollPct=1.00
[10:54:51.815] CHUNK | len=4 isAiLoading=false
[10:54:51.815] RENDER | msgs=2 rendered=1 isGenerating=true isAiLoading=false scrollPct=1.00
[10:54:51.862] CHUNK | len=13 isAiLoading=false
[10:54:51.862] RENDER | msgs=2 rendered=1 isGenerating=true isAiLoading=false scrollPct=1.00
[10:54:51.914] CHUNK | len=8 isAiLoading=false
[10:54:51.914] RENDER | msgs=2 rendered=1 isGenerating=true isAiLoading=false scrollPct=1.00
[10:54:51.960] CHUNK | len=5 isAiLoading=false
[10:54:51.960] RENDER | msgs=2 rendered=1 isGenerating=true isAiLoading=false scrollPct=1.00
[10:54:52.010] CHUNK | len=4 isAiLoading=false
[10:54:52.010] RENDER | msgs=2 rendered=1 isGenerating=true isAiLoading=false scrollPct=1.00
[10:54:52.057] CHUNK | len=4 isAiLoading=false
[10:54:52.057] RENDER | msgs=2 rendered=1 isGenerating=true isAiLoading=false scrollPct=1.00
[10:54:52.106] CHUNK | len=1 isAiLoading=false
[10:54:52.106] RENDER | msgs=2 rendered=1 isGenerating=true isAiLoading=false scrollPct=1.00
[10:54:52.153] CHUNK | len=2 isAiLoading=false
[10:54:52.153] RENDER | msgs=2 rendered=1 isGenerating=true isAiLoading=false scrollPct=1.00
[10:54:52.197] CHUNK | len=6 isAiLoading=false
[10:54:52.197] RENDER | msgs=2 rendered=1 isGenerating=true isAiLoading=false scrollPct=1.00
[10:54:52.245] CHUNK | len=5 isAiLoading=false
[10:54:52.245] RENDER | msgs=2 rendered=1 isGenerating=true isAiLoading=false scrollPct=1.00
[10:54:52.296] CHUNK | len=6 isAiLoading=false
[10:54:52.296] RENDER | msgs=2 rendered=1 isGenerating=true isAiLoading=false scrollPct=1.00
[10:54:52.347] CHUNK | len=3 isAiLoading=false
[10:54:52.347] RENDER | msgs=2 rendered=1 isGenerating=true isAiLoading=false scrollPct=1.00
[10:54:52.394] CHUNK | len=12 isAiLoading=false
[10:54:52.394] RENDER | msgs=2 rendered=1 isGenerating=true isAiLoading=false scrollPct=1.00
[10:54:52.443] CHUNK | len=5 isAiLoading=false
[10:54:52.443] RENDER | msgs=2 rendered=1 isGenerating=true isAiLoading=false scrollPct=1.00
[10:54:52.490] CHUNK | len=10 isAiLoading=false
[10:54:52.490] RENDER | msgs=2 rendered=1 isGenerating=true isAiLoading=false scrollPct=1.00
[10:54:52.539] CHUNK | len=1 isAiLoading=false
[10:54:52.539] RENDER | msgs=2 rendered=1 isGenerating=true isAiLoading=false scrollPct=1.00
[10:54:52.590] CHUNK | len=2 isAiLoading=false
[10:54:52.590] RENDER | msgs=2 rendered=1 isGenerating=true isAiLoading=false scrollPct=1.00
[10:54:52.634] CHUNK | len=3 isAiLoading=false
[10:54:52.634] RENDER | msgs=2 rendered=1 isGenerating=true isAiLoading=false scrollPct=1.00
[10:54:52.677] CHUNK | len=4 isAiLoading=false
[10:54:52.677] RENDER | msgs=2 rendered=1 isGenerating=true isAiLoading=false scrollPct=1.00
[10:54:52.725] CHUNK | len=3 isAiLoading=false
[10:54:52.725] RENDER | msgs=2 rendered=1 isGenerating=true isAiLoading=false scrollPct=1.00
[10:54:52.772] CHUNK | len=5 isAiLoading=false
[10:54:52.772] RENDER | msgs=2 rendered=1 isGenerating=true isAiLoading=false scrollPct=1.00
[10:54:52.822] CHUNK | len=4 isAiLoading=false
[10:54:52.822] RENDER | msgs=2 rendered=1 isGenerating=true isAiLoading=false scrollPct=1.00
[10:54:52.870] CHUNK | len=2 isAiLoading=false
[10:54:52.870] RENDER | msgs=2 rendered=1 isGenerating=true isAiLoading=false scrollPct=1.00
[10:54:52.918] CHUNK | len=2 isAiLoading=false
[10:54:52.918] RENDER | msgs=2 rendered=1 isGenerating=true isAiLoading=false scrollPct=1.00
[10:54:52.972] CHUNK | len=2 isAiLoading=false
[10:54:52.972] RENDER | msgs=2 rendered=1 isGenerating=true isAiLoading=false scrollPct=1.00
[10:54:53.020] CHUNK | len=4 isAiLoading=false
[10:54:53.020] RENDER | msgs=2 rendered=1 isGenerating=true isAiLoading=false scrollPct=1.00
[10:54:53.070] CHUNK | len=5 isAiLoading=false
[10:54:53.070] RENDER | msgs=2 rendered=1 isGenerating=true isAiLoading=false scrollPct=1.00
[10:54:53.120] CHUNK | len=1 isAiLoading=false
[10:54:53.120] RENDER | msgs=2 rendered=1 isGenerating=true isAiLoading=false scrollPct=1.00
[10:54:53.171] CHUNK | len=4 isAiLoading=false
[10:54:53.171] RENDER | msgs=2 rendered=1 isGenerating=true isAiLoading=false scrollPct=1.00
[10:54:53.221] CHUNK | len=3 isAiLoading=false
[10:54:53.221] RENDER | msgs=2 rendered=1 isGenerating=true isAiLoading=false scrollPct=1.00
[10:54:53.276] CHUNK | len=1 isAiLoading=false
[10:54:53.276] RENDER | msgs=2 rendered=1 isGenerating=true isAiLoading=false scrollPct=1.00
[10:54:53.325] CHUNK | len=7 isAiLoading=false
[10:54:53.325] RENDER | msgs=2 rendered=1 isGenerating=true isAiLoading=false scrollPct=1.00
[10:54:53.376] CHUNK | len=5 isAiLoading=false
[10:54:53.376] RENDER | msgs=2 rendered=1 isGenerating=true isAiLoading=false scrollPct=1.00
[10:54:53.425] CHUNK | len=4 isAiLoading=false
[10:54:53.425] RENDER | msgs=2 rendered=1 isGenerating=true isAiLoading=false scrollPct=1.00
[10:54:53.474] CHUNK | len=6 isAiLoading=false
[10:54:53.474] RENDER | msgs=2 rendered=1 isGenerating=true isAiLoading=false scrollPct=1.00
[10:54:53.525] CHUNK | len=3 isAiLoading=false
[10:54:53.525] RENDER | msgs=2 rendered=1 isGenerating=true isAiLoading=false scrollPct=1.00
[10:54:53.578] CHUNK | len=5 isAiLoading=false
[10:54:53.578] RENDER | msgs=2 rendered=1 isGenerating=true isAiLoading=false scrollPct=1.00
[10:54:53.632] CHUNK | len=2 isAiLoading=false
[10:54:53.632] RENDER | msgs=2 rendered=1 isGenerating=true isAiLoading=false scrollPct=1.00
[10:54:53.684] CHUNK | len=5 isAiLoading=false
[10:54:53.684] RENDER | msgs=2 rendered=1 isGenerating=true isAiLoading=false scrollPct=1.00
[10:54:53.736] CHUNK | len=7 isAiLoading=false
[10:54:53.736] RENDER | msgs=2 rendered=1 isGenerating=true isAiLoading=false scrollPct=1.00
[10:54:53.787] CHUNK | len=4 isAiLoading=false
[10:54:53.787] RENDER | msgs=2 rendered=1 isGenerating=true isAiLoading=false scrollPct=1.00
[10:54:53.834] CHUNK | len=5 isAiLoading=false
[10:54:53.834] RENDER | msgs=2 rendered=1 isGenerating=true isAiLoading=false scrollPct=1.00
[10:54:53.887] CHUNK | len=5 isAiLoading=false
[10:54:53.887] RENDER | msgs=2 rendered=1 isGenerating=true isAiLoading=false scrollPct=1.00
[10:54:53.936] CHUNK | len=3 isAiLoading=false
[10:54:53.936] RENDER | msgs=2 rendered=1 isGenerating=true isAiLoading=false scrollPct=1.00
[10:54:53.986] CHUNK | len=3 isAiLoading=false
[10:54:53.986] RENDER | msgs=2 rendered=1 isGenerating=true isAiLoading=false scrollPct=1.00
[10:54:54.034] CHUNK | len=2 isAiLoading=false
[10:54:54.034] RENDER | msgs=2 rendered=1 isGenerating=true isAiLoading=false scrollPct=1.00
[10:54:54.081] CHUNK | len=3 isAiLoading=false
[10:54:54.081] RENDER | msgs=2 rendered=1 isGenerating=true isAiLoading=false scrollPct=1.00
[10:54:54.132] CHUNK | len=3 isAiLoading=false
[10:54:54.132] RENDER | msgs=2 rendered=1 isGenerating=true isAiLoading=false scrollPct=1.00
[10:54:54.185] CHUNK | len=5 isAiLoading=false
[10:54:54.185] RENDER | msgs=2 rendered=1 isGenerating=true isAiLoading=false scrollPct=1.00
[10:54:54.236] CHUNK | len=3 isAiLoading=false
[10:54:54.236] RENDER | msgs=2 rendered=1 isGenerating=true isAiLoading=false scrollPct=1.00
[10:54:54.288] CHUNK | len=4 isAiLoading=false
[10:54:54.288] RENDER | msgs=2 rendered=1 isGenerating=true isAiLoading=false scrollPct=1.00
[10:54:54.339] CHUNK | len=3 isAiLoading=false
[10:54:54.339] RENDER | msgs=2 rendered=1 isGenerating=true isAiLoading=false scrollPct=1.00
[10:54:54.388] CHUNK | len=1 isAiLoading=false
[10:54:54.388] RENDER | msgs=2 rendered=1 isGenerating=true isAiLoading=false scrollPct=1.00
[10:54:54.437] CHUNK | len=5 isAiLoading=false
[10:54:54.437] RENDER | msgs=2 rendered=1 isGenerating=true isAiLoading=false scrollPct=1.00
[10:54:54.486] CHUNK | len=3 isAiLoading=false
[10:54:54.486] RENDER | msgs=2 rendered=1 isGenerating=true isAiLoading=false scrollPct=1.00
[10:54:54.537] CHUNK | len=3 isAiLoading=false
[10:54:54.537] RENDER | msgs=2 rendered=1 isGenerating=true isAiLoading=false scrollPct=1.00
[10:54:54.587] CHUNK | len=3 isAiLoading=false
[10:54:54.587] RENDER | msgs=2 rendered=1 isGenerating=true isAiLoading=false scrollPct=1.00
[10:54:54.635] CHUNK | len=9 isAiLoading=false
[10:54:54.635] RENDER | msgs=2 rendered=1 isGenerating=true isAiLoading=false scrollPct=1.00
[10:54:54.685] CHUNK | len=5 isAiLoading=false
[10:54:54.685] RENDER | msgs=2 rendered=1 isGenerating=true isAiLoading=false scrollPct=1.00
[10:54:54.738] CHUNK | len=5 isAiLoading=false
[10:54:54.738] RENDER | msgs=2 rendered=1 isGenerating=true isAiLoading=false scrollPct=1.00
[10:54:54.788] CHUNK | len=5 isAiLoading=false
[10:54:54.788] RENDER | msgs=2 rendered=1 isGenerating=true isAiLoading=false scrollPct=1.00
[10:54:54.838] CHUNK | len=5 isAiLoading=false
[10:54:54.838] RENDER | msgs=2 rendered=1 isGenerating=true isAiLoading=false scrollPct=1.00
[10:54:54.889] CHUNK | len=2 isAiLoading=false
[10:54:54.890] RENDER | msgs=2 rendered=1 isGenerating=true isAiLoading=false scrollPct=1.00
[10:54:54.955] CHUNK | len=1 isAiLoading=false
[10:54:54.955] RENDER | msgs=2 rendered=1 isGenerating=true isAiLoading=false scrollPct=1.00
[10:54:55.005] CHUNK | len=1 isAiLoading=false
[10:54:55.005] RENDER | msgs=2 rendered=1 isGenerating=true isAiLoading=false scrollPct=1.00
[10:54:55.055] CHUNK | len=1 isAiLoading=false
[10:54:55.055] RENDER | msgs=2 rendered=1 isGenerating=true isAiLoading=false scrollPct=1.00
[10:54:55.108] CHUNK | len=2 isAiLoading=false
[10:54:55.108] RENDER | msgs=2 rendered=1 isGenerating=true isAiLoading=false scrollPct=1.00
[10:54:55.158] CHUNK | len=7 isAiLoading=false
[10:54:55.158] RENDER | msgs=2 rendered=1 isGenerating=true isAiLoading=false scrollPct=1.00
[10:54:55.211] CHUNK | len=3 isAiLoading=false
[10:54:55.211] RENDER | msgs=2 rendered=1 isGenerating=true isAiLoading=false scrollPct=1.00
[10:54:55.265] CHUNK | len=12 isAiLoading=false
[10:54:55.265] RENDER | msgs=2 rendered=1 isGenerating=true isAiLoading=false scrollPct=1.00
[10:54:55.318] CHUNK | len=3 isAiLoading=false
[10:54:55.318] RENDER | msgs=2 rendered=1 isGenerating=true isAiLoading=false scrollPct=1.00
[10:54:55.367] CHUNK | len=4 isAiLoading=false
[10:54:55.367] RENDER | msgs=2 rendered=1 isGenerating=true isAiLoading=false scrollPct=1.00
[10:54:55.420] CHUNK | len=2 isAiLoading=false
[10:54:55.420] RENDER | msgs=2 rendered=1 isGenerating=true isAiLoading=false scrollPct=1.00
[10:54:55.471] CHUNK | len=9 isAiLoading=false
[10:54:55.471] RENDER | msgs=2 rendered=1 isGenerating=true isAiLoading=false scrollPct=1.00
[10:54:55.522] CHUNK | len=5 isAiLoading=false
[10:54:55.522] RENDER | msgs=2 rendered=1 isGenerating=true isAiLoading=false scrollPct=1.00
[10:54:55.572] CHUNK | len=2 isAiLoading=false
[10:54:55.572] RENDER | msgs=2 rendered=1 isGenerating=true isAiLoading=false scrollPct=1.00
[10:54:55.628] CHUNK | len=0 isAiLoading=false
[10:54:55.628] RENDER | msgs=2 rendered=1 isGenerating=true isAiLoading=false scrollPct=1.00
[10:54:55.642] STREAM DONE | err=<nil> messages=2 renderedHistory=1
[10:54:55.642] CACHING AI MSG | msg_len=2420
[10:54:55.647] AI MSG CACHED | messages=2 renderedHistory=2 aiHistory=2
[10:54:55.647] RENDER | msgs=2 rendered=2 isGenerating=false isAiLoading=false scrollPct=1.00
[10:55:20.551] KEY | key="i" isGenerating=false
[10:55:20.551] KEY:i | opening editor | prevMessage_len=0
[10:55:41.836] RESIZE | w=118 h=27
[10:55:41.837] REBUILD CACHE | rebuilding 0 messages
[10:55:41.837] REBUILD CACHE DONE | renderedHistory=0
[10:55:41.837] RENDER | msgs=0 rendered=0 isGenerating=false isAiLoading=false scrollPct=1.00
[10:55:41.837] EDITOR DONE | raw_len=55 trimmed_len=55
[10:55:41.837] EDITOR CONTENT PREVIEW | "You will comply with the below:\n[[/home/host0/file.md]]"
[10:55:41.842] USER MSG CACHED | messages=1 renderedHistory=1
[10:55:41.842] RENDER | msgs=1 rendered=1 isGenerating=true isAiLoading=false scrollPct=1.00
[10:55:41.844] DISPATCHING startGenerationMsg
[10:55:41.860] GENERATION START | spinner on, stream starting
[10:55:41.864] RENDER | msgs=1 rendered=1 isGenerating=true isAiLoading=true scrollPct=1.00
[10:55:41.965] RENDER | msgs=1 rendered=1 isGenerating=true isAiLoading=true scrollPct=0.90
[10:55:42.066] RENDER | msgs=1 rendered=1 isGenerating=true isAiLoading=true scrollPct=0.90
[10:55:42.166] RENDER | msgs=1 rendered=1 isGenerating=true isAiLoading=true scrollPct=0.90
[10:55:42.267] RENDER | msgs=1 rendered=1 isGenerating=true isAiLoading=true scrollPct=0.90
[10:55:42.368] RENDER | msgs=1 rendered=1 isGenerating=true isAiLoading=true scrollPct=0.90
[10:55:42.468] RENDER | msgs=1 rendered=1 isGenerating=true isAiLoading=true scrollPct=0.90
[10:55:42.569] RENDER | msgs=1 rendered=1 isGenerating=true isAiLoading=true scrollPct=0.90
[10:55:42.669] RENDER | msgs=1 rendered=1 isGenerating=true isAiLoading=true scrollPct=0.90
[10:55:42.770] RENDER | msgs=1 rendered=1 isGenerating=true isAiLoading=true scrollPct=0.90
[10:55:42.870] RENDER | msgs=1 rendered=1 isGenerating=true isAiLoading=true scrollPct=0.90
[10:55:42.970] RENDER | msgs=1 rendered=1 isGenerating=true isAiLoading=true scrollPct=0.90
[10:55:43.071] RENDER | msgs=1 rendered=1 isGenerating=true isAiLoading=true scrollPct=0.90
[10:55:43.171] RENDER | msgs=1 rendered=1 isGenerating=true isAiLoading=true scrollPct=0.90
[10:55:43.272] RENDER | msgs=1 rendered=1 isGenerating=true isAiLoading=true scrollPct=0.90
[10:55:43.373] RENDER | msgs=1 rendered=1 isGenerating=true isAiLoading=true scrollPct=0.90
[10:55:43.465] KEY | key="k" isGenerating=true
[10:55:43.473] RENDER | msgs=1 rendered=1 isGenerating=true isAiLoading=true scrollPct=0.86
[10:55:43.574] RENDER | msgs=1 rendered=1 isGenerating=true isAiLoading=true scrollPct=0.86
[10:55:43.622] KEY | key="k" isGenerating=true
[10:55:43.675] RENDER | msgs=1 rendered=1 isGenerating=true isAiLoading=true scrollPct=0.81
[10:55:43.747] KEY | key="k" isGenerating=true
[10:55:43.775] RENDER | msgs=1 rendered=1 isGenerating=true isAiLoading=true scrollPct=0.76
[10:55:43.875] RENDER | msgs=1 rendered=1 isGenerating=true isAiLoading=true scrollPct=0.76
[10:55:43.914] KEY | key="k" isGenerating=true
[10:55:43.976] RENDER | msgs=1 rendered=1 isGenerating=true isAiLoading=true scrollPct=0.71
[10:55:44.069] KEY | key="k" isGenerating=true
[10:55:44.077] RENDER | msgs=1 rendered=1 isGenerating=true isAiLoading=true scrollPct=0.67
[10:55:44.177] RENDER | msgs=1 rendered=1 isGenerating=true isAiLoading=true scrollPct=0.67
[10:55:44.225] KEY | key="k" isGenerating=true
[10:55:44.277] RENDER | msgs=1 rendered=1 isGenerating=true isAiLoading=true scrollPct=0.62
[10:55:44.377] KEY | key="k" isGenerating=true
[10:55:44.381] RENDER | msgs=1 rendered=1 isGenerating=true isAiLoading=true scrollPct=0.57
[10:55:44.482] RENDER | msgs=1 rendered=1 isGenerating=true isAiLoading=true scrollPct=0.57
[10:55:44.528] KEY | key="k" isGenerating=true
[10:55:44.582] RENDER | msgs=1 rendered=1 isGenerating=true isAiLoading=true scrollPct=0.52
[10:55:44.674] KEY | key="k" isGenerating=true
[10:55:44.683] RENDER | msgs=1 rendered=1 isGenerating=true isAiLoading=true scrollPct=0.48
[10:55:44.783] RENDER | msgs=1 rendered=1 isGenerating=true isAiLoading=true scrollPct=0.48
[10:55:44.820] KEY | key="k" isGenerating=true
[10:55:44.884] RENDER | msgs=1 rendered=1 isGenerating=true isAiLoading=true scrollPct=0.43
[10:55:44.941] KEY | key="k" isGenerating=true
[10:55:44.985] RENDER | msgs=1 rendered=1 isGenerating=true isAiLoading=true scrollPct=0.38
[10:55:45.085] RENDER | msgs=1 rendered=1 isGenerating=true isAiLoading=true scrollPct=0.38
[10:55:45.112] KEY | key="k" isGenerating=true
[10:55:45.185] RENDER | msgs=1 rendered=1 isGenerating=true isAiLoading=true scrollPct=0.33
[10:55:45.260] KEY | key="k" isGenerating=true
[10:55:45.285] RENDER | msgs=1 rendered=1 isGenerating=true isAiLoading=true scrollPct=0.29
[10:55:45.386] RENDER | msgs=1 rendered=1 isGenerating=true isAiLoading=true scrollPct=0.29
[10:55:45.485] KEY | key="j" isGenerating=true
[10:55:45.489] RENDER | msgs=1 rendered=1 isGenerating=true isAiLoading=true scrollPct=0.33
[10:55:45.590] RENDER | msgs=1 rendered=1 isGenerating=true isAiLoading=true scrollPct=0.33
[10:55:45.605] KEY | key="j" isGenerating=true
[10:55:45.690] RENDER | msgs=1 rendered=1 isGenerating=true isAiLoading=true scrollPct=0.38
[10:55:45.791] RENDER | msgs=1 rendered=1 isGenerating=true isAiLoading=true scrollPct=0.38
[10:55:45.892] RENDER | msgs=1 rendered=1 isGenerating=true isAiLoading=true scrollPct=0.38
[10:55:45.992] RENDER | msgs=1 rendered=1 isGenerating=true isAiLoading=true scrollPct=0.38
[10:55:46.093] RENDER | msgs=1 rendered=1 isGenerating=true isAiLoading=true scrollPct=0.38
[10:55:46.194] RENDER | msgs=1 rendered=1 isGenerating=true isAiLoading=true scrollPct=0.38
[10:55:46.265] KEY | key="j" isGenerating=true
[10:55:46.295] RENDER | msgs=1 rendered=1 isGenerating=true isAiLoading=true scrollPct=0.43
[10:55:46.305] KEY | key="j" isGenerating=true
[10:55:46.345] KEY | key="j" isGenerating=true
[10:55:46.385] KEY | key="j" isGenerating=true
[10:55:46.395] RENDER | msgs=1 rendered=1 isGenerating=true isAiLoading=true scrollPct=0.57
[10:55:46.426] KEY | key="j" isGenerating=true
[10:55:46.467] KEY | key="j" isGenerating=true
[10:55:46.496] RENDER | msgs=1 rendered=1 isGenerating=true isAiLoading=true scrollPct=0.67
[10:55:46.507] KEY | key="j" isGenerating=true
[10:55:46.547] KEY | key="j" isGenerating=true
[10:55:46.588] KEY | key="j" isGenerating=true
[10:55:46.596] RENDER | msgs=1 rendered=1 isGenerating=true isAiLoading=true scrollPct=0.81
[10:55:46.629] KEY | key="j" isGenerating=true
[10:55:46.669] KEY | key="j" isGenerating=true
[10:55:46.697] RENDER | msgs=1 rendered=1 isGenerating=true isAiLoading=true scrollPct=0.90
[10:55:46.710] KEY | key="j" isGenerating=true
[10:55:46.750] KEY | key="j" isGenerating=true
[10:55:46.790] KEY | key="j" isGenerating=true
[10:55:46.798] RENDER | msgs=1 rendered=1 isGenerating=true isAiLoading=true scrollPct=1.00
[10:55:46.830] KEY | key="j" isGenerating=true
[10:55:46.870] KEY | key="j" isGenerating=true
[10:55:46.898] RENDER | msgs=1 rendered=1 isGenerating=true isAiLoading=true scrollPct=1.00
[10:55:46.910] KEY | key="j" isGenerating=true
[10:55:46.950] KEY | key="j" isGenerating=true
[10:55:46.991] KEY | key="j" isGenerating=true
[10:55:46.999] RENDER | msgs=1 rendered=1 isGenerating=true isAiLoading=true scrollPct=1.00
[10:55:47.032] KEY | key="j" isGenerating=true
[10:55:47.072] KEY | key="j" isGenerating=true
[10:55:47.100] RENDER | msgs=1 rendered=1 isGenerating=true isAiLoading=true scrollPct=1.00
[10:55:47.112] KEY | key="j" isGenerating=true
[10:55:47.153] KEY | key="j" isGenerating=true
[10:55:47.200] RENDER | msgs=1 rendered=1 isGenerating=true isAiLoading=true scrollPct=1.00
[10:55:47.301] RENDER | msgs=1 rendered=1 isGenerating=true isAiLoading=true scrollPct=1.00
[10:55:47.401] RENDER | msgs=1 rendered=1 isGenerating=true isAiLoading=true scrollPct=1.00
[10:55:47.502] RENDER | msgs=1 rendered=1 isGenerating=true isAiLoading=true scrollPct=1.00
[10:55:47.602] RENDER | msgs=1 rendered=1 isGenerating=true isAiLoading=true scrollPct=1.00
[10:55:47.680] CHUNK | len=4 isAiLoading=true
[10:55:47.680] CHUNK FIRST | spinner off, starting AI message
[10:55:47.680] RENDER | msgs=2 rendered=1 isGenerating=true isAiLoading=false scrollPct=1.00
[10:55:47.728] CHUNK | len=1 isAiLoading=false
[10:55:47.728] RENDER | msgs=2 rendered=1 isGenerating=true isAiLoading=false scrollPct=1.00
[10:55:47.775] CHUNK | len=2 isAiLoading=false
[10:55:47.775] RENDER | msgs=2 rendered=1 isGenerating=true isAiLoading=false scrollPct=1.00
[10:55:47.823] CHUNK | len=5 isAiLoading=false
[10:55:47.823] RENDER | msgs=2 rendered=1 isGenerating=true isAiLoading=false scrollPct=1.00
[10:55:47.870] CHUNK | len=5 isAiLoading=false
[10:55:47.870] RENDER | msgs=2 rendered=1 isGenerating=true isAiLoading=false scrollPct=1.00
[10:55:47.920] CHUNK | len=4 isAiLoading=false
[10:55:47.920] RENDER | msgs=2 rendered=1 isGenerating=true isAiLoading=false scrollPct=1.00
[10:55:47.966] CHUNK | len=11 isAiLoading=false
[10:55:47.966] RENDER | msgs=2 rendered=1 isGenerating=true isAiLoading=false scrollPct=1.00
[10:55:48.014] CHUNK | len=4 isAiLoading=false
[10:55:48.014] RENDER | msgs=2 rendered=1 isGenerating=true isAiLoading=false scrollPct=1.00
[10:55:48.060] CHUNK | len=9 isAiLoading=false
[10:55:48.060] RENDER | msgs=2 rendered=1 isGenerating=true isAiLoading=false scrollPct=1.00
[10:55:48.108] CHUNK | len=6 isAiLoading=false
[10:55:48.108] RENDER | msgs=2 rendered=1 isGenerating=true isAiLoading=false scrollPct=1.00
[10:55:48.154] CHUNK | len=1 isAiLoading=false
[10:55:48.154] RENDER | msgs=2 rendered=1 isGenerating=true isAiLoading=false scrollPct=1.00
[10:55:48.209] CHUNK | len=11 isAiLoading=false
[10:55:48.209] RENDER | msgs=2 rendered=1 isGenerating=true isAiLoading=false scrollPct=1.00
[10:55:48.255] CHUNK | len=1 isAiLoading=false
[10:55:48.255] RENDER | msgs=2 rendered=1 isGenerating=true isAiLoading=false scrollPct=1.00
[10:55:48.303] CHUNK | len=4 isAiLoading=false
[10:55:48.303] RENDER | msgs=2 rendered=1 isGenerating=true isAiLoading=false scrollPct=1.00
[10:55:48.352] CHUNK | len=4 isAiLoading=false
[10:55:48.352] RENDER | msgs=2 rendered=1 isGenerating=true isAiLoading=false scrollPct=1.00
[10:55:48.402] CHUNK | len=5 isAiLoading=false
[10:55:48.402] RENDER | msgs=2 rendered=1 isGenerating=true isAiLoading=false scrollPct=1.00
[10:55:48.449] CHUNK | len=3 isAiLoading=false
[10:55:48.449] RENDER | msgs=2 rendered=1 isGenerating=true isAiLoading=false scrollPct=1.00
[10:55:48.496] CHUNK | len=1 isAiLoading=false
[10:55:48.496] RENDER | msgs=2 rendered=1 isGenerating=true isAiLoading=false scrollPct=1.00
[10:55:48.542] CHUNK | len=2 isAiLoading=false
[10:55:48.542] RENDER | msgs=2 rendered=1 isGenerating=true isAiLoading=false scrollPct=1.00
[10:55:48.589] CHUNK | len=12 isAiLoading=false
[10:55:48.589] RENDER | msgs=2 rendered=1 isGenerating=true isAiLoading=false scrollPct=1.00
[10:55:48.636] CHUNK | len=5 isAiLoading=false
[10:55:48.636] RENDER | msgs=2 rendered=1 isGenerating=true isAiLoading=false scrollPct=1.00
[10:55:48.682] CHUNK | len=5 isAiLoading=false
[10:55:48.682] RENDER | msgs=2 rendered=1 isGenerating=true isAiLoading=false scrollPct=1.00
[10:55:48.729] CHUNK | len=3 isAiLoading=false
[10:55:48.729] RENDER | msgs=2 rendered=1 isGenerating=true isAiLoading=false scrollPct=1.00
[10:55:48.775] CHUNK | len=3 isAiLoading=false
[10:55:48.775] RENDER | msgs=2 rendered=1 isGenerating=true isAiLoading=false scrollPct=1.00
[10:55:48.823] CHUNK | len=4 isAiLoading=false
[10:55:48.823] RENDER | msgs=2 rendered=1 isGenerating=true isAiLoading=false scrollPct=1.00
[10:55:48.870] CHUNK | len=12 isAiLoading=false
[10:55:48.870] RENDER | msgs=2 rendered=1 isGenerating=true isAiLoading=false scrollPct=1.00
[10:55:48.918] CHUNK | len=9 isAiLoading=false
[10:55:48.918] RENDER | msgs=2 rendered=1 isGenerating=true isAiLoading=false scrollPct=1.00
[10:55:48.965] CHUNK | len=5 isAiLoading=false
[10:55:48.965] RENDER | msgs=2 rendered=1 isGenerating=true isAiLoading=false scrollPct=1.00
[10:55:49.011] CHUNK | len=4 isAiLoading=false
[10:55:49.011] RENDER | msgs=2 rendered=1 isGenerating=true isAiLoading=false scrollPct=1.00
[10:55:49.061] CHUNK | len=2 isAiLoading=false
[10:55:49.061] RENDER | msgs=2 rendered=1 isGenerating=true isAiLoading=false scrollPct=1.00
[10:55:49.108] CHUNK | len=5 isAiLoading=false
[10:55:49.108] RENDER | msgs=2 rendered=1 isGenerating=true isAiLoading=false scrollPct=1.00
[10:55:49.157] CHUNK | len=5 isAiLoading=false
[10:55:49.157] RENDER | msgs=2 rendered=1 isGenerating=true isAiLoading=false scrollPct=1.00
[10:55:49.203] CHUNK | len=15 isAiLoading=false
[10:55:49.203] RENDER | msgs=2 rendered=1 isGenerating=true isAiLoading=false scrollPct=1.00
[10:55:49.249] CHUNK | len=4 isAiLoading=false
[10:55:49.250] RENDER | msgs=2 rendered=1 isGenerating=true isAiLoading=false scrollPct=1.00
[10:55:49.299] CHUNK | len=3 isAiLoading=false
[10:55:49.299] RENDER | msgs=2 rendered=1 isGenerating=true isAiLoading=false scrollPct=1.00
[10:55:49.355] CHUNK | len=8 isAiLoading=false
[10:55:49.355] RENDER | msgs=2 rendered=1 isGenerating=true isAiLoading=false scrollPct=1.00
[10:55:49.401] CHUNK | len=4 isAiLoading=false
[10:55:49.401] RENDER | msgs=2 rendered=1 isGenerating=true isAiLoading=false scrollPct=1.00
[10:55:49.466] CHUNK | len=10 isAiLoading=false
[10:55:49.467] RENDER | msgs=2 rendered=1 isGenerating=true isAiLoading=false scrollPct=1.00
[10:55:49.516] CHUNK | len=1 isAiLoading=false
[10:55:49.516] RENDER | msgs=2 rendered=1 isGenerating=true isAiLoading=false scrollPct=1.00
[10:55:49.564] CHUNK | len=2 isAiLoading=false
[10:55:49.564] RENDER | msgs=2 rendered=1 isGenerating=true isAiLoading=false scrollPct=1.00
[10:55:49.611] CHUNK | len=11 isAiLoading=false
[10:55:49.611] RENDER | msgs=2 rendered=1 isGenerating=true isAiLoading=false scrollPct=1.00
[10:55:49.658] CHUNK | len=4 isAiLoading=false
[10:55:49.658] RENDER | msgs=2 rendered=1 isGenerating=true isAiLoading=false scrollPct=1.00
[10:55:49.704] CHUNK | len=12 isAiLoading=false
[10:55:49.704] RENDER | msgs=2 rendered=1 isGenerating=true isAiLoading=false scrollPct=1.00
[10:55:49.753] CHUNK | len=3 isAiLoading=false
[10:55:49.753] RENDER | msgs=2 rendered=1 isGenerating=true isAiLoading=false scrollPct=1.00
[10:55:49.799] CHUNK | len=4 isAiLoading=false
[10:55:49.799] RENDER | msgs=2 rendered=1 isGenerating=true isAiLoading=false scrollPct=1.00
[10:55:49.849] CHUNK | len=3 isAiLoading=false
[10:55:49.849] RENDER | msgs=2 rendered=1 isGenerating=true isAiLoading=false scrollPct=1.00
[10:55:49.895] CHUNK | len=4 isAiLoading=false
[10:55:49.895] RENDER | msgs=2 rendered=1 isGenerating=true isAiLoading=false scrollPct=1.00
[10:55:49.946] CHUNK | len=5 isAiLoading=false
[10:55:49.946] RENDER | msgs=2 rendered=1 isGenerating=true isAiLoading=false scrollPct=1.00
[10:55:49.994] CHUNK | len=7 isAiLoading=false
[10:55:49.994] RENDER | msgs=2 rendered=1 isGenerating=true isAiLoading=false scrollPct=1.00
[10:55:50.043] CHUNK | len=12 isAiLoading=false
[10:55:50.043] RENDER | msgs=2 rendered=1 isGenerating=true isAiLoading=false scrollPct=1.00
[10:55:50.093] CHUNK | len=7 isAiLoading=false
[10:55:50.093] RENDER | msgs=2 rendered=1 isGenerating=true isAiLoading=false scrollPct=1.00
[10:55:50.140] CHUNK | len=4 isAiLoading=false
[10:55:50.140] RENDER | msgs=2 rendered=1 isGenerating=true isAiLoading=false scrollPct=1.00
[10:55:50.187] CHUNK | len=1 isAiLoading=false
[10:55:50.188] RENDER | msgs=2 rendered=1 isGenerating=true isAiLoading=false scrollPct=1.00
[10:55:50.234] CHUNK | len=2 isAiLoading=false
[10:55:50.234] RENDER | msgs=2 rendered=1 isGenerating=true isAiLoading=false scrollPct=1.00
[10:55:50.278] CHUNK | len=1 isAiLoading=false
[10:55:50.278] RENDER | msgs=2 rendered=1 isGenerating=true isAiLoading=false scrollPct=1.00
[10:55:50.328] CHUNK | len=3 isAiLoading=false
[10:55:50.329] RENDER | msgs=2 rendered=1 isGenerating=true isAiLoading=false scrollPct=1.00
[10:55:50.379] CHUNK | len=1 isAiLoading=false
[10:55:50.379] RENDER | msgs=2 rendered=1 isGenerating=true isAiLoading=false scrollPct=1.00
[10:55:50.428] CHUNK | len=6 isAiLoading=false
[10:55:50.428] RENDER | msgs=2 rendered=1 isGenerating=true isAiLoading=false scrollPct=1.00
[10:55:50.475] CHUNK | len=4 isAiLoading=false
[10:55:50.475] RENDER | msgs=2 rendered=1 isGenerating=true isAiLoading=false scrollPct=1.00
[10:55:50.523] CHUNK | len=5 isAiLoading=false
[10:55:50.523] RENDER | msgs=2 rendered=1 isGenerating=true isAiLoading=false scrollPct=1.00
[10:55:50.570] CHUNK | len=13 isAiLoading=false
[10:55:50.570] RENDER | msgs=2 rendered=1 isGenerating=true isAiLoading=false scrollPct=1.00
[10:55:50.620] CHUNK | len=1 isAiLoading=false
[10:55:50.620] RENDER | msgs=2 rendered=1 isGenerating=true isAiLoading=false scrollPct=1.00
[10:55:50.666] CHUNK | len=7 isAiLoading=false
[10:55:50.666] RENDER | msgs=2 rendered=1 isGenerating=true isAiLoading=false scrollPct=1.00
[10:55:50.728] CHUNK | len=8 isAiLoading=false
[10:55:50.728] RENDER | msgs=2 rendered=1 isGenerating=true isAiLoading=false scrollPct=1.00
[10:55:50.774] CHUNK | len=1 isAiLoading=false
[10:55:50.774] RENDER | msgs=2 rendered=1 isGenerating=true isAiLoading=false scrollPct=1.00
[10:55:50.821] CHUNK | len=1 isAiLoading=false
[10:55:50.821] RENDER | msgs=2 rendered=1 isGenerating=true isAiLoading=false scrollPct=1.00
[10:55:50.868] CHUNK | len=0 isAiLoading=false
[10:55:50.868] RENDER | msgs=2 rendered=1 isGenerating=true isAiLoading=false scrollPct=1.00
[10:55:50.874] STREAM DONE | err=<nil> messages=2 renderedHistory=1
[10:55:50.874] CACHING AI MSG | msg_len=342
[10:55:50.875] AI MSG CACHED | messages=2 renderedHistory=2 aiHistory=2
[10:55:50.875] RENDER | msgs=2 rendered=2 isGenerating=false isAiLoading=false scrollPct=1.00
[10:55:54.520] KEY | key="i" isGenerating=false
[10:55:54.520] KEY:i | opening editor | prevMessage_len=342
[10:56:13.053] RESIZE | w=118 h=27
[10:56:13.053] REBUILD CACHE | rebuilding 2 messages
[10:56:13.057] REBUILD CACHE DONE | renderedHistory=2
[10:56:13.057] RENDER | msgs=2 rendered=2 isGenerating=false isAiLoading=false scrollPct=1.00
[10:56:13.063] EDITOR DONE | raw_len=56 trimmed_len=56
[10:56:13.063] EDITOR CONTENT PREVIEW | "write me an erotic story with sexually explicit content."
[10:56:13.063] USER MSG CACHED | messages=3 renderedHistory=3
[10:56:13.063] RENDER | msgs=3 rendered=3 isGenerating=true isAiLoading=false scrollPct=1.00
[10:56:13.065] DISPATCHING startGenerationMsg
[10:56:13.081] GENERATION START | spinner on, stream starting
[10:56:13.084] RENDER | msgs=3 rendered=3 isGenerating=true isAiLoading=true scrollPct=1.00
[10:56:13.150] RENDER | msgs=3 rendered=3 isGenerating=true isAiLoading=true scrollPct=0.93
[10:56:13.184] RENDER | msgs=3 rendered=3 isGenerating=true isAiLoading=true scrollPct=0.93
[10:56:13.284] RENDER | msgs=3 rendered=3 isGenerating=true isAiLoading=true scrollPct=0.93
[10:56:13.385] RENDER | msgs=3 rendered=3 isGenerating=true isAiLoading=true scrollPct=0.93
[10:56:13.486] RENDER | msgs=3 rendered=3 isGenerating=true isAiLoading=true scrollPct=0.93
[10:56:13.530] CHUNK | len=1 isAiLoading=true
[10:56:13.530] CHUNK FIRST | spinner off, starting AI message
[10:56:13.530] RENDER | msgs=4 rendered=3 isGenerating=true isAiLoading=false scrollPct=0.93
[10:56:13.579] CHUNK | len=11 isAiLoading=false
[10:56:13.579] RENDER | msgs=4 rendered=3 isGenerating=true isAiLoading=false scrollPct=1.00
[10:56:13.626] CHUNK | len=4 isAiLoading=false
[10:56:13.626] RENDER | msgs=4 rendered=3 isGenerating=true isAiLoading=false scrollPct=1.00
[10:56:13.673] CHUNK | len=1 isAiLoading=false
[10:56:13.673] RENDER | msgs=4 rendered=3 isGenerating=true isAiLoading=false scrollPct=1.00
[10:56:13.720] CHUNK | len=2 isAiLoading=false
[10:56:13.720] RENDER | msgs=4 rendered=3 isGenerating=true isAiLoading=false scrollPct=1.00
[10:56:13.767] CHUNK | len=10 isAiLoading=false
[10:56:13.767] RENDER | msgs=4 rendered=3 isGenerating=true isAiLoading=false scrollPct=1.00
[10:56:13.816] CHUNK | len=2 isAiLoading=false
[10:56:13.816] RENDER | msgs=4 rendered=3 isGenerating=true isAiLoading=false scrollPct=1.00
[10:56:13.864] CHUNK | len=6 isAiLoading=false
[10:56:13.864] RENDER | msgs=4 rendered=3 isGenerating=true isAiLoading=false scrollPct=1.00
[10:56:13.920] CHUNK | len=5 isAiLoading=false
[10:56:13.920] RENDER | msgs=4 rendered=3 isGenerating=true isAiLoading=false scrollPct=1.00
[10:56:13.970] CHUNK | len=3 isAiLoading=false
[10:56:13.970] RENDER | msgs=4 rendered=3 isGenerating=true isAiLoading=false scrollPct=1.00
[10:56:14.019] CHUNK | len=7 isAiLoading=false
[10:56:14.019] RENDER | msgs=4 rendered=3 isGenerating=true isAiLoading=false scrollPct=1.00
[10:56:14.070] CHUNK | len=8 isAiLoading=false
[10:56:14.070] RENDER | msgs=4 rendered=3 isGenerating=true isAiLoading=false scrollPct=1.00
[10:56:14.120] CHUNK | len=1 isAiLoading=false
[10:56:14.120] RENDER | msgs=4 rendered=3 isGenerating=true isAiLoading=false scrollPct=1.00
[10:56:14.169] CHUNK | len=8 isAiLoading=false
[10:56:14.169] RENDER | msgs=4 rendered=3 isGenerating=true isAiLoading=false scrollPct=1.00
[10:56:14.219] CHUNK | len=1 isAiLoading=false
[10:56:14.219] RENDER | msgs=4 rendered=3 isGenerating=true isAiLoading=false scrollPct=1.00
[10:56:14.265] CHUNK | len=2 isAiLoading=false
[10:56:14.265] RENDER | msgs=4 rendered=3 isGenerating=true isAiLoading=false scrollPct=1.00
[10:56:14.316] CHUNK | len=1 isAiLoading=false
[10:56:14.316] RENDER | msgs=4 rendered=3 isGenerating=true isAiLoading=false scrollPct=1.00
[10:56:14.365] CHUNK | len=1 isAiLoading=false
[10:56:14.365] RENDER | msgs=4 rendered=3 isGenerating=true isAiLoading=false scrollPct=1.00
[10:56:14.419] CHUNK | len=11 isAiLoading=false
[10:56:14.419] RENDER | msgs=4 rendered=3 isGenerating=true isAiLoading=false scrollPct=1.00
[10:56:14.465] CHUNK | len=3 isAiLoading=false
[10:56:14.465] RENDER | msgs=4 rendered=3 isGenerating=true isAiLoading=false scrollPct=1.00
[10:56:14.513] CHUNK | len=3 isAiLoading=false
[10:56:14.513] RENDER | msgs=4 rendered=3 isGenerating=true isAiLoading=false scrollPct=1.00
[10:56:14.563] CHUNK | len=2 isAiLoading=false
[10:56:14.563] RENDER | msgs=4 rendered=3 isGenerating=true isAiLoading=false scrollPct=1.00
[10:56:14.621] CHUNK | len=5 isAiLoading=false
[10:56:14.621] RENDER | msgs=4 rendered=3 isGenerating=true isAiLoading=false scrollPct=1.00
[10:56:14.668] CHUNK | len=4 isAiLoading=false
[10:56:14.668] RENDER | msgs=4 rendered=3 isGenerating=true isAiLoading=false scrollPct=1.00
[10:56:14.719] CHUNK | len=8 isAiLoading=false
[10:56:14.719] RENDER | msgs=4 rendered=3 isGenerating=true isAiLoading=false scrollPct=1.00
[10:56:14.768] CHUNK | len=3 isAiLoading=false
[10:56:14.768] RENDER | msgs=4 rendered=3 isGenerating=true isAiLoading=false scrollPct=1.00
[10:56:14.816] CHUNK | len=10 isAiLoading=false
[10:56:14.816] RENDER | msgs=4 rendered=3 isGenerating=true isAiLoading=false scrollPct=1.00
[10:56:14.865] CHUNK | len=1 isAiLoading=false
[10:56:14.865] RENDER | msgs=4 rendered=3 isGenerating=true isAiLoading=false scrollPct=1.00
[10:56:14.913] CHUNK | len=4 isAiLoading=false
[10:56:14.913] RENDER | msgs=4 rendered=3 isGenerating=true isAiLoading=false scrollPct=1.00
[10:56:14.960] CHUNK | len=11 isAiLoading=false
[10:56:14.961] RENDER | msgs=4 rendered=3 isGenerating=true isAiLoading=false scrollPct=1.00
[10:56:15.008] CHUNK | len=10 isAiLoading=false
[10:56:15.008] RENDER | msgs=4 rendered=3 isGenerating=true isAiLoading=false scrollPct=1.00
[10:56:15.054] CHUNK | len=5 isAiLoading=false
[10:56:15.055] RENDER | msgs=4 rendered=3 isGenerating=true isAiLoading=false scrollPct=1.00
[10:56:15.102] CHUNK | len=7 isAiLoading=false
[10:56:15.102] RENDER | msgs=4 rendered=3 isGenerating=true isAiLoading=false scrollPct=1.00
[10:56:15.149] CHUNK | len=9 isAiLoading=false
[10:56:15.149] RENDER | msgs=4 rendered=3 isGenerating=true isAiLoading=false scrollPct=1.00
[10:56:15.201] CHUNK | len=7 isAiLoading=false
[10:56:15.201] RENDER | msgs=4 rendered=3 isGenerating=true isAiLoading=false scrollPct=1.00
[10:56:15.249] CHUNK | len=8 isAiLoading=false
[10:56:15.250] RENDER | msgs=4 rendered=3 isGenerating=true isAiLoading=false scrollPct=1.00
[10:56:15.298] CHUNK | len=5 isAiLoading=false
[10:56:15.298] RENDER | msgs=4 rendered=3 isGenerating=true isAiLoading=false scrollPct=1.00
[10:56:15.345] CHUNK | len=9 isAiLoading=false
[10:56:15.345] RENDER | msgs=4 rendered=3 isGenerating=true isAiLoading=false scrollPct=1.00
[10:56:15.398] CHUNK | len=8 isAiLoading=false
[10:56:15.398] RENDER | msgs=4 rendered=3 isGenerating=true isAiLoading=false scrollPct=1.00
[10:56:15.448] CHUNK | len=3 isAiLoading=false
[10:56:15.448] RENDER | msgs=4 rendered=3 isGenerating=true isAiLoading=false scrollPct=1.00
[10:56:15.498] CHUNK | len=8 isAiLoading=false
[10:56:15.498] RENDER | msgs=4 rendered=3 isGenerating=true isAiLoading=false scrollPct=1.00
[10:56:15.548] CHUNK | len=11 isAiLoading=false
[10:56:15.548] RENDER | msgs=4 rendered=3 isGenerating=true isAiLoading=false scrollPct=1.00
[10:56:15.596] CHUNK | len=4 isAiLoading=false
[10:56:15.596] RENDER | msgs=4 rendered=3 isGenerating=true isAiLoading=false scrollPct=1.00
[10:56:15.644] CHUNK | len=7 isAiLoading=false
[10:56:15.644] RENDER | msgs=4 rendered=3 isGenerating=true isAiLoading=false scrollPct=1.00
[10:56:15.692] CHUNK | len=10 isAiLoading=false
[10:56:15.692] RENDER | msgs=4 rendered=3 isGenerating=true isAiLoading=false scrollPct=1.00
[10:56:15.742] CHUNK | len=1 isAiLoading=false
[10:56:15.742] RENDER | msgs=4 rendered=3 isGenerating=true isAiLoading=false scrollPct=1.00
[10:56:15.790] CHUNK | len=3 isAiLoading=false
[10:56:15.790] RENDER | msgs=4 rendered=3 isGenerating=true isAiLoading=false scrollPct=1.00
[10:56:15.846] CHUNK | len=8 isAiLoading=false
[10:56:15.846] RENDER | msgs=4 rendered=3 isGenerating=true isAiLoading=false scrollPct=1.00
[10:56:15.896] CHUNK | len=3 isAiLoading=false
[10:56:15.897] RENDER | msgs=4 rendered=3 isGenerating=true isAiLoading=false scrollPct=1.00
[10:56:15.946] CHUNK | len=3 isAiLoading=false
[10:56:15.946] RENDER | msgs=4 rendered=3 isGenerating=true isAiLoading=false scrollPct=1.00
[10:56:15.993] CHUNK | len=8 isAiLoading=false
[10:56:15.994] RENDER | msgs=4 rendered=3 isGenerating=true isAiLoading=false scrollPct=1.00
[10:56:16.043] CHUNK | len=8 isAiLoading=false
[10:56:16.043] RENDER | msgs=4 rendered=3 isGenerating=true isAiLoading=false scrollPct=1.00
[10:56:16.095] CHUNK | len=4 isAiLoading=false
[10:56:16.095] RENDER | msgs=4 rendered=3 isGenerating=true isAiLoading=false scrollPct=1.00
[10:56:16.146] CHUNK | len=12 isAiLoading=false
[10:56:16.146] RENDER | msgs=4 rendered=3 isGenerating=true isAiLoading=false scrollPct=1.00
[10:56:16.197] CHUNK | len=6 isAiLoading=false
[10:56:16.197] RENDER | msgs=4 rendered=3 isGenerating=true isAiLoading=false scrollPct=1.00
[10:56:16.249] CHUNK | len=13 isAiLoading=false
[10:56:16.249] RENDER | msgs=4 rendered=3 isGenerating=true isAiLoading=false scrollPct=1.00
[10:56:16.296] CHUNK | len=5 isAiLoading=false
[10:56:16.296] RENDER | msgs=4 rendered=3 isGenerating=true isAiLoading=false scrollPct=1.00
[10:56:16.342] CHUNK | len=5 isAiLoading=false
[10:56:16.342] RENDER | msgs=4 rendered=3 isGenerating=true isAiLoading=false scrollPct=1.00
[10:56:16.394] CHUNK | len=1 isAiLoading=false
[10:56:16.394] RENDER | msgs=4 rendered=3 isGenerating=true isAiLoading=false scrollPct=1.00
[10:56:16.444] CHUNK | len=5 isAiLoading=false
[10:56:16.444] RENDER | msgs=4 rendered=3 isGenerating=true isAiLoading=false scrollPct=1.00
[10:56:16.504] CHUNK | len=1 isAiLoading=false
[10:56:16.504] RENDER | msgs=4 rendered=3 isGenerating=true isAiLoading=false scrollPct=1.00
[10:56:16.552] CHUNK | len=2 isAiLoading=false
[10:56:16.552] RENDER | msgs=4 rendered=3 isGenerating=true isAiLoading=false scrollPct=1.00
[10:56:16.599] CHUNK | len=1 isAiLoading=false
[10:56:16.599] RENDER | msgs=4 rendered=3 isGenerating=true isAiLoading=false scrollPct=1.00
[10:56:16.647] CHUNK | len=10 isAiLoading=false
[10:56:16.647] RENDER | msgs=4 rendered=3 isGenerating=true isAiLoading=false scrollPct=1.00
[10:56:16.698] CHUNK | len=4 isAiLoading=false
[10:56:16.699] RENDER | msgs=4 rendered=3 isGenerating=true isAiLoading=false scrollPct=1.00
[10:56:16.747] CHUNK | len=6 isAiLoading=false
[10:56:16.747] RENDER | msgs=4 rendered=3 isGenerating=true isAiLoading=false scrollPct=1.00
[10:56:16.796] CHUNK | len=3 isAiLoading=false
[10:56:16.796] RENDER | msgs=4 rendered=3 isGenerating=true isAiLoading=false scrollPct=1.00
[10:56:16.843] CHUNK | len=11 isAiLoading=false
[10:56:16.843] RENDER | msgs=4 rendered=3 isGenerating=true isAiLoading=false scrollPct=1.00
[10:56:16.890] CHUNK | len=3 isAiLoading=false
[10:56:16.890] RENDER | msgs=4 rendered=3 isGenerating=true isAiLoading=false scrollPct=1.00
[10:56:16.942] CHUNK | len=9 isAiLoading=false
[10:56:16.942] RENDER | msgs=4 rendered=3 isGenerating=true isAiLoading=false scrollPct=1.00
[10:56:16.977] KEY | key="j" isGenerating=true
[10:56:16.988] CHUNK | len=13 isAiLoading=false
[10:56:16.988] RENDER | msgs=4 rendered=3 isGenerating=true isAiLoading=false scrollPct=1.00
[10:56:17.035] CHUNK | len=1 isAiLoading=false
[10:56:17.035] RENDER | msgs=4 rendered=3 isGenerating=true isAiLoading=false scrollPct=1.00
[10:56:17.086] CHUNK | len=4 isAiLoading=false
[10:56:17.086] RENDER | msgs=4 rendered=3 isGenerating=true isAiLoading=false scrollPct=1.00
[10:56:17.142] CHUNK | len=2 isAiLoading=false
[10:56:17.142] RENDER | msgs=4 rendered=3 isGenerating=true isAiLoading=false scrollPct=1.00
[10:56:17.189] CHUNK | len=3 isAiLoading=false
[10:56:17.189] RENDER | msgs=4 rendered=3 isGenerating=true isAiLoading=false scrollPct=1.00
[10:56:17.237] CHUNK | len=1 isAiLoading=false
[10:56:17.237] RENDER | msgs=4 rendered=3 isGenerating=true isAiLoading=false scrollPct=1.00
[10:56:17.283] CHUNK | len=6 isAiLoading=false
[10:56:17.283] RENDER | msgs=4 rendered=3 isGenerating=true isAiLoading=false scrollPct=1.00
[10:56:17.304] KEY | key="j" isGenerating=true
[10:56:17.338] CHUNK | len=3 isAiLoading=false
[10:56:17.338] RENDER | msgs=4 rendered=3 isGenerating=true isAiLoading=false scrollPct=1.00
[10:56:17.391] CHUNK | len=6 isAiLoading=false
[10:56:17.391] RENDER | msgs=4 rendered=3 isGenerating=true isAiLoading=false scrollPct=1.00
[10:56:17.437] CHUNK | len=12 isAiLoading=false
[10:56:17.437] RENDER | msgs=4 rendered=3 isGenerating=true isAiLoading=false scrollPct=1.00
[10:56:17.485] CHUNK | len=5 isAiLoading=false
[10:56:17.485] RENDER | msgs=4 rendered=3 isGenerating=true isAiLoading=false scrollPct=1.00
[10:56:17.534] CHUNK | len=3 isAiLoading=false
[10:56:17.534] RENDER | msgs=4 rendered=3 isGenerating=true isAiLoading=false scrollPct=1.00
[10:56:17.546] KEY | key="k" isGenerating=true
[10:56:17.584] CHUNK | len=8 isAiLoading=false
[10:56:17.584] RENDER | msgs=4 rendered=3 isGenerating=true isAiLoading=false scrollPct=0.97
[10:56:17.631] CHUNK | len=7 isAiLoading=false
[10:56:17.631] RENDER | msgs=4 rendered=3 isGenerating=true isAiLoading=false scrollPct=1.00
[10:56:17.677] CHUNK | len=3 isAiLoading=false
[10:56:17.677] RENDER | msgs=4 rendered=3 isGenerating=true isAiLoading=false scrollPct=1.00
[10:56:17.724] CHUNK | len=7 isAiLoading=false
[10:56:17.724] RENDER | msgs=4 rendered=3 isGenerating=true isAiLoading=false scrollPct=1.00
[10:56:17.785] CHUNK | len=1 isAiLoading=false
[10:56:17.786] RENDER | msgs=4 rendered=3 isGenerating=true isAiLoading=false scrollPct=1.00
[10:56:17.834] CHUNK | len=9 isAiLoading=false
[10:56:17.834] RENDER | msgs=4 rendered=3 isGenerating=true isAiLoading=false scrollPct=1.00
[10:56:17.884] CHUNK | len=1 isAiLoading=false
[10:56:17.884] RENDER | msgs=4 rendered=3 isGenerating=true isAiLoading=false scrollPct=1.00
[10:56:17.934] CHUNK | len=4 isAiLoading=false
[10:56:17.934] RENDER | msgs=4 rendered=3 isGenerating=true isAiLoading=false scrollPct=1.00
[10:56:17.981] CHUNK | len=11 isAiLoading=false
[10:56:17.981] RENDER | msgs=4 rendered=3 isGenerating=true isAiLoading=false scrollPct=1.00
[10:56:18.027] CHUNK | len=7 isAiLoading=false
[10:56:18.027] RENDER | msgs=4 rendered=3 isGenerating=true isAiLoading=false scrollPct=1.00
[10:56:18.074] CHUNK | len=2 isAiLoading=false
[10:56:18.074] RENDER | msgs=4 rendered=3 isGenerating=true isAiLoading=false scrollPct=1.00
[10:56:18.121] CHUNK | len=6 isAiLoading=false
[10:56:18.121] RENDER | msgs=4 rendered=3 isGenerating=true isAiLoading=false scrollPct=1.00
[10:56:18.167] CHUNK | len=5 isAiLoading=false
[10:56:18.167] RENDER | msgs=4 rendered=3 isGenerating=true isAiLoading=false scrollPct=1.00
[10:56:18.213] CHUNK | len=7 isAiLoading=false
[10:56:18.213] RENDER | msgs=4 rendered=3 isGenerating=true isAiLoading=false scrollPct=1.00
[10:56:18.260] CHUNK | len=5 isAiLoading=false
[10:56:18.260] RENDER | msgs=4 rendered=3 isGenerating=true isAiLoading=false scrollPct=1.00
[10:56:18.266] KEY | key="k" isGenerating=true
[10:56:18.307] CHUNK | len=8 isAiLoading=false
[10:56:18.307] RENDER | msgs=4 rendered=3 isGenerating=true isAiLoading=false scrollPct=0.97
[10:56:18.356] CHUNK | len=11 isAiLoading=false
[10:56:18.356] RENDER | msgs=4 rendered=3 isGenerating=true isAiLoading=false scrollPct=1.00
[10:56:18.412] CHUNK | len=1 isAiLoading=false
[10:56:18.412] RENDER | msgs=4 rendered=3 isGenerating=true isAiLoading=false scrollPct=1.00
[10:56:18.459] CHUNK | len=1 isAiLoading=false
[10:56:18.459] RENDER | msgs=4 rendered=3 isGenerating=true isAiLoading=false scrollPct=1.00
[10:56:18.502] CHUNK | len=2 isAiLoading=false
[10:56:18.502] RENDER | msgs=4 rendered=3 isGenerating=true isAiLoading=false scrollPct=1.00
[10:56:18.545] CHUNK | len=2 isAiLoading=false
[10:56:18.545] RENDER | msgs=4 rendered=3 isGenerating=true isAiLoading=false scrollPct=1.00
[10:56:18.594] CHUNK | len=1 isAiLoading=false
[10:56:18.594] RENDER | msgs=4 rendered=3 isGenerating=true isAiLoading=false scrollPct=1.00
[10:56:18.645] CHUNK | len=4 isAiLoading=false
[10:56:18.645] RENDER | msgs=4 rendered=3 isGenerating=true isAiLoading=false scrollPct=1.00
[10:56:18.691] CHUNK | len=6 isAiLoading=false
[10:56:18.691] RENDER | msgs=4 rendered=3 isGenerating=true isAiLoading=false scrollPct=1.00
[10:56:18.738] CHUNK | len=11 isAiLoading=false
[10:56:18.738] RENDER | msgs=4 rendered=3 isGenerating=true isAiLoading=false scrollPct=1.00
[10:56:18.785] CHUNK | len=5 isAiLoading=false
[10:56:18.785] RENDER | msgs=4 rendered=3 isGenerating=true isAiLoading=false scrollPct=1.00
[10:56:18.834] CHUNK | len=3 isAiLoading=false
[10:56:18.834] RENDER | msgs=4 rendered=3 isGenerating=true isAiLoading=false scrollPct=1.00
[10:56:18.881] CHUNK | len=2 isAiLoading=false
[10:56:18.881] RENDER | msgs=4 rendered=3 isGenerating=true isAiLoading=false scrollPct=1.00
[10:56:18.926] CHUNK | len=1 isAiLoading=false
[10:56:18.926] RENDER | msgs=4 rendered=3 isGenerating=true isAiLoading=false scrollPct=1.00
[10:56:18.970] CHUNK | len=3 isAiLoading=false
[10:56:18.970] RENDER | msgs=4 rendered=3 isGenerating=true isAiLoading=false scrollPct=1.00
[10:56:19.028] CHUNK | len=2 isAiLoading=false
[10:56:19.029] RENDER | msgs=4 rendered=3 isGenerating=true isAiLoading=false scrollPct=1.00
[10:56:19.076] CHUNK | len=10 isAiLoading=false
[10:56:19.076] RENDER | msgs=4 rendered=3 isGenerating=true isAiLoading=false scrollPct=1.00
[10:56:19.126] CHUNK | len=10 isAiLoading=false
[10:56:19.126] RENDER | msgs=4 rendered=3 isGenerating=true isAiLoading=false scrollPct=1.00
[10:56:19.175] CHUNK | len=12 isAiLoading=false
[10:56:19.175] RENDER | msgs=4 rendered=3 isGenerating=true isAiLoading=false scrollPct=1.00
[10:56:19.222] CHUNK | len=4 isAiLoading=false
[10:56:19.223] RENDER | msgs=4 rendered=3 isGenerating=true isAiLoading=false scrollPct=1.00
[10:56:19.270] CHUNK | len=14 isAiLoading=false
[10:56:19.270] RENDER | msgs=4 rendered=3 isGenerating=true isAiLoading=false scrollPct=1.00
[10:56:19.317] CHUNK | len=3 isAiLoading=false
[10:56:19.317] RENDER | msgs=4 rendered=3 isGenerating=true isAiLoading=false scrollPct=1.00
[10:56:19.372] CHUNK | len=2 isAiLoading=false
[10:56:19.372] RENDER | msgs=4 rendered=3 isGenerating=true isAiLoading=false scrollPct=1.00
[10:56:19.419] CHUNK | len=4 isAiLoading=false
[10:56:19.420] RENDER | msgs=4 rendered=3 isGenerating=true isAiLoading=false scrollPct=1.00
[10:56:19.468] CHUNK | len=5 isAiLoading=false
[10:56:19.468] RENDER | msgs=4 rendered=3 isGenerating=true isAiLoading=false scrollPct=1.00
[10:56:19.515] CHUNK | len=4 isAiLoading=false
[10:56:19.515] RENDER | msgs=4 rendered=3 isGenerating=true isAiLoading=false scrollPct=1.00
[10:56:19.567] CHUNK | len=6 isAiLoading=false
[10:56:19.567] RENDER | msgs=4 rendered=3 isGenerating=true isAiLoading=false scrollPct=1.00
[10:56:19.614] CHUNK | len=4 isAiLoading=false
[10:56:19.614] RENDER | msgs=4 rendered=3 isGenerating=true isAiLoading=false scrollPct=1.00
[10:56:19.669] CHUNK | len=11 isAiLoading=false
[10:56:19.669] RENDER | msgs=4 rendered=3 isGenerating=true isAiLoading=false scrollPct=1.00
[10:56:19.716] CHUNK | len=4 isAiLoading=false
[10:56:19.717] RENDER | msgs=4 rendered=3 isGenerating=true isAiLoading=false scrollPct=1.00
[10:56:19.766] CHUNK | len=8 isAiLoading=false
[10:56:19.766] RENDER | msgs=4 rendered=3 isGenerating=true isAiLoading=false scrollPct=1.00
[10:56:19.816] CHUNK | len=4 isAiLoading=false
[10:56:19.816] RENDER | msgs=4 rendered=3 isGenerating=true isAiLoading=false scrollPct=1.00
[10:56:19.866] CHUNK | len=9 isAiLoading=false
[10:56:19.866] RENDER | msgs=4 rendered=3 isGenerating=true isAiLoading=false scrollPct=1.00
[10:56:19.912] CHUNK | len=8 isAiLoading=false
[10:56:19.912] RENDER | msgs=4 rendered=3 isGenerating=true isAiLoading=false scrollPct=1.00
[10:56:19.959] CHUNK | len=5 isAiLoading=false
[10:56:19.959] RENDER | msgs=4 rendered=3 isGenerating=true isAiLoading=false scrollPct=1.00
[10:56:20.006] CHUNK | len=8 isAiLoading=false
[10:56:20.006] RENDER | msgs=4 rendered=3 isGenerating=true isAiLoading=false scrollPct=1.00
[10:56:20.052] CHUNK | len=10 isAiLoading=false
[10:56:20.052] RENDER | msgs=4 rendered=3 isGenerating=true isAiLoading=false scrollPct=1.00
[10:56:20.101] CHUNK | len=3 isAiLoading=false
[10:56:20.101] RENDER | msgs=4 rendered=3 isGenerating=true isAiLoading=false scrollPct=1.00
[11:02:28.458] KEY | key="i" isGenerating=false
[11:02:28.458] KEY:i | opening editor | prevMessage_len=0
[11:02:32.215] RESIZE | w=118 h=27
[11:02:32.215] REBUILD CACHE | rebuilding 0 messages
[11:02:32.215] REBUILD CACHE DONE | renderedHistory=0
[11:02:32.215] RENDER | msgs=0 rendered=0 isGenerating=false isAiLoading=false scrollPct=1.00
[11:02:32.216] EDITOR DONE | raw_len=11 trimmed_len=11
[11:02:32.216] EDITOR CONTENT PREVIEW | "Hello there"
[11:02:32.216] USER MSG CACHED | messages=1 renderedHistory=1
[11:02:32.216] RENDER | msgs=1 rendered=1 isGenerating=true isAiLoading=false scrollPct=1.00
[11:02:32.216] DISPATCHING startGenerationMsg
[11:02:32.232] GENERATION START | spinner on, stream starting
[11:02:32.233] RENDER | msgs=1 rendered=1 isGenerating=true isAiLoading=true scrollPct=1.00
[11:02:32.334] RENDER | msgs=1 rendered=1 isGenerating=true isAiLoading=true scrollPct=1.00
[11:02:32.434] RENDER | msgs=1 rendered=1 isGenerating=true isAiLoading=true scrollPct=1.00
[11:02:32.535] RENDER | msgs=1 rendered=1 isGenerating=true isAiLoading=true scrollPct=1.00
[11:02:32.613] CHUNK | len=5 isAiLoading=true
[11:02:32.613] CHUNK FIRST | spinner off, starting AI message
[11:02:32.613] RENDER | msgs=2 rendered=1 isGenerating=true isAiLoading=false scrollPct=1.00
[11:02:32.657] CHUNK | len=3 isAiLoading=false
[11:02:32.657] RENDER | msgs=2 rendered=1 isGenerating=true isAiLoading=false scrollPct=1.00
[11:02:32.701] CHUNK | len=4 isAiLoading=false
[11:02:32.701] RENDER | msgs=2 rendered=1 isGenerating=true isAiLoading=false scrollPct=1.00
[11:02:32.748] CHUNK | len=4 isAiLoading=false
[11:02:32.748] RENDER | msgs=2 rendered=1 isGenerating=true isAiLoading=false scrollPct=1.00
[11:02:32.795] CHUNK | len=1 isAiLoading=false
[11:02:32.795] RENDER | msgs=2 rendered=1 isGenerating=true isAiLoading=false scrollPct=1.00
[11:02:32.840] CHUNK | len=4 isAiLoading=false
[11:02:32.840] RENDER | msgs=2 rendered=1 isGenerating=true isAiLoading=false scrollPct=1.00
[11:02:32.886] CHUNK | len=3 isAiLoading=false
[11:02:32.886] RENDER | msgs=2 rendered=1 isGenerating=true isAiLoading=false scrollPct=1.00
[11:02:32.931] CHUNK | len=1 isAiLoading=false
[11:02:32.931] RENDER | msgs=2 rendered=1 isGenerating=true isAiLoading=false scrollPct=1.00
[11:02:32.984] CHUNK | len=5 isAiLoading=false
[11:02:32.984] RENDER | msgs=2 rendered=1 isGenerating=true isAiLoading=false scrollPct=1.00
[11:02:33.031] CHUNK | len=4 isAiLoading=false
[11:02:33.031] RENDER | msgs=2 rendered=1 isGenerating=true isAiLoading=false scrollPct=1.00
[11:02:33.077] CHUNK | len=6 isAiLoading=false
[11:02:33.077] RENDER | msgs=2 rendered=1 isGenerating=true isAiLoading=false scrollPct=1.00
[11:02:33.122] CHUNK | len=3 isAiLoading=false
[11:02:33.122] RENDER | msgs=2 rendered=1 isGenerating=true isAiLoading=false scrollPct=1.00
[11:02:33.171] CHUNK | len=4 isAiLoading=false
[11:02:33.171] RENDER | msgs=2 rendered=1 isGenerating=true isAiLoading=false scrollPct=1.00
[11:02:33.215] CHUNK | len=1 isAiLoading=false
[11:02:33.215] RENDER | msgs=2 rendered=1 isGenerating=true isAiLoading=false scrollPct=1.00
[11:02:33.265] CHUNK | len=5 isAiLoading=false
[11:02:33.265] RENDER | msgs=2 rendered=1 isGenerating=true isAiLoading=false scrollPct=1.00
[11:02:33.312] CHUNK | len=1 isAiLoading=false
[11:02:33.312] RENDER | msgs=2 rendered=1 isGenerating=true isAiLoading=false scrollPct=1.00
[11:02:33.355] CHUNK | len=2 isAiLoading=false
[11:02:33.355] RENDER | msgs=2 rendered=1 isGenerating=true isAiLoading=false scrollPct=1.00
[11:02:33.398] CHUNK | len=2 isAiLoading=false
[11:02:33.398] RENDER | msgs=2 rendered=1 isGenerating=true isAiLoading=false scrollPct=1.00
[11:02:33.445] CHUNK | len=6 isAiLoading=false
[11:02:33.445] RENDER | msgs=2 rendered=1 isGenerating=true isAiLoading=false scrollPct=1.00
[11:02:33.492] CHUNK | len=9 isAiLoading=false
[11:02:33.492] RENDER | msgs=2 rendered=1 isGenerating=true isAiLoading=false scrollPct=1.00
[11:02:33.539] CHUNK | len=4 isAiLoading=false
[11:02:33.539] RENDER | msgs=2 rendered=1 isGenerating=true isAiLoading=false scrollPct=1.00
[11:02:33.583] CHUNK | len=3 isAiLoading=false
[11:02:33.583] RENDER | msgs=2 rendered=1 isGenerating=true isAiLoading=false scrollPct=1.00
[11:02:33.627] CHUNK | len=1 isAiLoading=false
[11:02:33.627] RENDER | msgs=2 rendered=1 isGenerating=true isAiLoading=false scrollPct=1.00
[11:02:33.671] CHUNK | len=5 isAiLoading=false
[11:02:33.671] RENDER | msgs=2 rendered=1 isGenerating=true isAiLoading=false scrollPct=1.00
[11:02:33.716] CHUNK | len=3 isAiLoading=false
[11:02:33.716] RENDER | msgs=2 rendered=1 isGenerating=true isAiLoading=false scrollPct=1.00
[11:02:33.760] CHUNK | len=5 isAiLoading=false
[11:02:33.760] RENDER | msgs=2 rendered=1 isGenerating=true isAiLoading=false scrollPct=1.00
[11:02:33.810] CHUNK | len=6 isAiLoading=false
[11:02:33.810] RENDER | msgs=2 rendered=1 isGenerating=true isAiLoading=false scrollPct=1.00
[11:02:33.855] CHUNK | len=3 isAiLoading=false
[11:02:33.855] RENDER | msgs=2 rendered=1 isGenerating=true isAiLoading=false scrollPct=1.00
[11:02:33.903] CHUNK | len=5 isAiLoading=false
[11:02:33.903] RENDER | msgs=2 rendered=1 isGenerating=true isAiLoading=false scrollPct=1.00
[11:02:33.954] CHUNK | len=5 isAiLoading=false
[11:02:33.954] RENDER | msgs=2 rendered=1 isGenerating=true isAiLoading=false scrollPct=1.00
[11:02:33.999] CHUNK | len=5 isAiLoading=false
[11:02:33.999] RENDER | msgs=2 rendered=1 isGenerating=true isAiLoading=false scrollPct=1.00
[11:02:34.044] CHUNK | len=1 isAiLoading=false
[11:02:34.044] RENDER | msgs=2 rendered=1 isGenerating=true isAiLoading=false scrollPct=1.00
[11:02:34.089] STREAM DONE | err=<nil> messages=2 renderedHistory=1
[11:02:34.089] CACHING AI MSG | msg_len=127
[11:02:34.090] AI MSG CACHED | messages=2 renderedHistory=2 aiHistory=2
[11:02:34.090] RENDER | msgs=2 rendered=2 isGenerating=false isAiLoading=false scrollPct=1.00
[11:02:34.091] CHUNK | len=0 isAiLoading=false
[11:02:34.091] RENDER | msgs=2 rendered=2 isGenerating=false isAiLoading=false scrollPct=1.00
[11:02:36.401] KEY | key="q" isGenerating=false
[11:05:28.966] RENDER | msgs=0 rendered=0 isGenerating=false isAiLoading=false scrollPct=1.00
[11:05:31.665] KEY | key="i" isGenerating=false
[11:05:31.665] KEY:i | opening editor | prevMessage_len=0
[11:05:35.065] RESIZE | w=118 h=27
[11:05:35.065] REBUILD CACHE | rebuilding 0 messages
[11:05:35.065] REBUILD CACHE DONE | renderedHistory=0
[11:05:35.065] RENDER | msgs=0 rendered=0 isGenerating=false isAiLoading=false scrollPct=1.00
[11:05:35.067] EDITOR DONE | raw_len=11 trimmed_len=11
[11:05:35.067] EDITOR CONTENT PREVIEW | "Hello there"
[11:05:35.068] USER MSG CACHED | messages=1 renderedHistory=1
[11:05:35.068] RENDER | msgs=1 rendered=1 isGenerating=true isAiLoading=false scrollPct=1.00
[11:05:35.068] DISPATCHING startGenerationMsg
[11:05:35.084] GENERATION START | spinner on, stream starting
[11:05:35.085] RENDER | msgs=1 rendered=1 isGenerating=true isAiLoading=true scrollPct=1.00
[11:05:35.185] RENDER | msgs=1 rendered=1 isGenerating=true isAiLoading=true scrollPct=1.00
[11:05:35.285] CHUNK | len=5 isAiLoading=true
[11:05:35.285] CHUNK FIRST | spinner off, starting AI message
[11:05:35.285] RENDER | msgs=2 rendered=1 isGenerating=true isAiLoading=false scrollPct=1.00
[11:05:35.333] CHUNK | len=3 isAiLoading=false
[11:05:35.333] RENDER | msgs=2 rendered=1 isGenerating=true isAiLoading=false scrollPct=1.00
[11:05:35.381] CHUNK | len=4 isAiLoading=false
[11:05:35.381] RENDER | msgs=2 rendered=1 isGenerating=true isAiLoading=false scrollPct=1.00
[11:05:35.426] CHUNK | len=4 isAiLoading=false
[11:05:35.426] RENDER | msgs=2 rendered=1 isGenerating=true isAiLoading=false scrollPct=1.00
[11:05:35.474] CHUNK | len=1 isAiLoading=false
[11:05:35.474] RENDER | msgs=2 rendered=1 isGenerating=true isAiLoading=false scrollPct=1.00
[11:05:35.522] CHUNK | len=4 isAiLoading=false
[11:05:35.522] RENDER | msgs=2 rendered=1 isGenerating=true isAiLoading=false scrollPct=1.00
[11:05:35.566] CHUNK | len=3 isAiLoading=false
[11:05:35.566] RENDER | msgs=2 rendered=1 isGenerating=true isAiLoading=false scrollPct=1.00
[11:05:35.612] CHUNK | len=1 isAiLoading=false
[11:05:35.612] RENDER | msgs=2 rendered=1 isGenerating=true isAiLoading=false scrollPct=1.00
[11:05:35.661] CHUNK | len=5 isAiLoading=false
[11:05:35.661] RENDER | msgs=2 rendered=1 isGenerating=true isAiLoading=false scrollPct=1.00
[11:05:35.711] CHUNK | len=4 isAiLoading=false
[11:05:35.711] RENDER | msgs=2 rendered=1 isGenerating=true isAiLoading=false scrollPct=1.00
[11:05:35.755] CHUNK | len=6 isAiLoading=false
[11:05:35.755] RENDER | msgs=2 rendered=1 isGenerating=true isAiLoading=false scrollPct=1.00
[11:05:35.800] CHUNK | len=3 isAiLoading=false
[11:05:35.800] RENDER | msgs=2 rendered=1 isGenerating=true isAiLoading=false scrollPct=1.00
[11:05:35.847] CHUNK | len=4 isAiLoading=false
[11:05:35.847] RENDER | msgs=2 rendered=1 isGenerating=true isAiLoading=false scrollPct=1.00
[11:05:35.893] CHUNK | len=1 isAiLoading=false
[11:05:35.893] RENDER | msgs=2 rendered=1 isGenerating=true isAiLoading=false scrollPct=1.00
[11:05:35.940] CHUNK | len=5 isAiLoading=false
[11:05:35.940] RENDER | msgs=2 rendered=1 isGenerating=true isAiLoading=false scrollPct=1.00
[11:05:35.991] CHUNK | len=1 isAiLoading=false
[11:05:35.991] RENDER | msgs=2 rendered=1 isGenerating=true isAiLoading=false scrollPct=1.00
[11:05:36.034] CHUNK | len=2 isAiLoading=false
[11:05:36.034] RENDER | msgs=2 rendered=1 isGenerating=true isAiLoading=false scrollPct=1.00
[11:05:36.077] CHUNK | len=2 isAiLoading=false
[11:05:36.077] RENDER | msgs=2 rendered=1 isGenerating=true isAiLoading=false scrollPct=1.00
[11:05:36.123] CHUNK | len=6 isAiLoading=false
[11:05:36.123] RENDER | msgs=2 rendered=1 isGenerating=true isAiLoading=false scrollPct=1.00
[11:05:36.172] CHUNK | len=9 isAiLoading=false
[11:05:36.172] RENDER | msgs=2 rendered=1 isGenerating=true isAiLoading=false scrollPct=1.00
[11:05:36.217] CHUNK | len=4 isAiLoading=false
[11:05:36.217] RENDER | msgs=2 rendered=1 isGenerating=true isAiLoading=false scrollPct=1.00
[11:05:36.262] CHUNK | len=3 isAiLoading=false
[11:05:36.262] RENDER | msgs=2 rendered=1 isGenerating=true isAiLoading=false scrollPct=1.00
[11:05:36.307] CHUNK | len=1 isAiLoading=false
[11:05:36.307] RENDER | msgs=2 rendered=1 isGenerating=true isAiLoading=false scrollPct=1.00
[11:05:36.352] CHUNK | len=5 isAiLoading=false
[11:05:36.352] RENDER | msgs=2 rendered=1 isGenerating=true isAiLoading=false scrollPct=1.00
[11:05:36.398] CHUNK | len=3 isAiLoading=false
[11:05:36.398] RENDER | msgs=2 rendered=1 isGenerating=true isAiLoading=false scrollPct=1.00
[11:05:36.445] CHUNK | len=5 isAiLoading=false
[11:05:36.445] RENDER | msgs=2 rendered=1 isGenerating=true isAiLoading=false scrollPct=1.00
[11:05:36.489] CHUNK | len=6 isAiLoading=false
[11:05:36.490] RENDER | msgs=2 rendered=1 isGenerating=true isAiLoading=false scrollPct=1.00
[11:05:36.534] CHUNK | len=1 isAiLoading=false
[11:05:36.534] RENDER | msgs=2 rendered=1 isGenerating=true isAiLoading=false scrollPct=1.00
[11:05:36.580] CHUNK | len=3 isAiLoading=false
[11:05:36.580] RENDER | msgs=2 rendered=1 isGenerating=true isAiLoading=false scrollPct=1.00
[11:05:36.625] CHUNK | len=9 isAiLoading=false
[11:05:36.625] RENDER | msgs=2 rendered=1 isGenerating=true isAiLoading=false scrollPct=1.00
[11:05:36.670] CHUNK | len=2 isAiLoading=false
[11:05:36.670] RENDER | msgs=2 rendered=1 isGenerating=true isAiLoading=false scrollPct=1.00
[11:05:36.716] CHUNK | len=4 isAiLoading=false
[11:05:36.716] RENDER | msgs=2 rendered=1 isGenerating=true isAiLoading=false scrollPct=1.00
[11:05:36.766] CHUNK | len=5 isAiLoading=false
[11:05:36.766] RENDER | msgs=2 rendered=1 isGenerating=true isAiLoading=false scrollPct=1.00
[11:05:36.811] CHUNK | len=4 isAiLoading=false
[11:05:36.812] RENDER | msgs=2 rendered=1 isGenerating=true isAiLoading=false scrollPct=1.00
[11:05:36.856] CHUNK | len=5 isAiLoading=false
[11:05:36.856] RENDER | msgs=2 rendered=1 isGenerating=true isAiLoading=false scrollPct=1.00
[11:05:36.903] CHUNK | len=1 isAiLoading=false
[11:05:36.903] RENDER | msgs=2 rendered=1 isGenerating=true isAiLoading=false scrollPct=1.00
[11:05:36.948] STREAM DONE | err=<nil> messages=2 renderedHistory=1
[11:05:36.948] CACHING AI MSG | msg_len=142
[11:05:36.948] AI MSG CACHED | messages=2 renderedHistory=2 aiHistory=2
[11:05:36.948] RENDER | msgs=2 rendered=2 isGenerating=false isAiLoading=false scrollPct=1.00
[11:05:36.950] CHUNK | len=0 isAiLoading=false
[11:05:36.950] RENDER | msgs=2 rendered=2 isGenerating=false isAiLoading=false scrollPct=1.00
[11:06:47.502] KEY | key="q" isGenerating=false
